// ============================================================
// AUTO-GENERATED model data  --  v30
// TFLite INT8 size : 25080 bytes
// ------------------------------------------------------------
// Input  : shape=[np.int32(1), np.int32(200), np.int32(6)] dtype=int8 quant(scale=0.0078431377, zero_point=-1)
// Output : shape=[np.int32(1), np.int32(5)] dtype=int8 quant(scale=0.00390625, zero_point=-128)
// INT8<->real:  q = round(real/scale)+zero_point ; real = (q-zero_point)*scale
// ------------------------------------------------------------
// OPS cua mang (8) -- dang ky DUNG nhung op nay:
//   - CONCATENATION
//   - CONV_2D
//   - DEPTHWISE_CONV_2D
//   - FULLY_CONNECTED
//   - MAX_POOL_2D
//   - MEAN
//   - RESHAPE
//   - SOFTMAX
// (Bo qua pseudo-op: DELEGATE)
//
// GOI Y MicroMutableOpResolver (so op = 8):
//   static tflite::MicroMutableOpResolver<8> resolver;
//   resolver.AddConcatenation();
//   resolver.AddConv2D();
//   resolver.AddDepthwiseConv2D();
//   resolver.AddFullyConnected();
//   resolver.AddMaxPool2D();
//   resolver.AddMean();
//   resolver.AddReshape();
//   resolver.AddSoftmax();
// ============================================================
#include "model_data.h"

const unsigned char g_model_data[] alignas(16) = {
  0x20, 0x00, 0x00, 0x00, 0x54, 0x46, 0x4c, 0x33, 0x00, 0x00, 0x00, 0x00,
  0x14, 0x00, 0x20, 0x00, 0x1c, 0x00, 0x18, 0x00, 0x14, 0x00, 0x10, 0x00,
  0x0c, 0x00, 0x00, 0x00, 0x08, 0x00, 0x04, 0x00, 0x14, 0x00, 0x00, 0x00,
  0x1c, 0x00, 0x00, 0x00, 0x8c, 0x00, 0x00, 0x00, 0xe4, 0x00, 0x00, 0x00,
  0x00, 0x23, 0x00, 0x00, 0x10, 0x23, 0x00, 0x00, 0x08, 0x61, 0x00, 0x00,
  0x03, 0x00, 0x00, 0x00, 0x01, 0x00, 0x00, 0x00, 0x10, 0x00, 0x00, 0x00,
  0x00, 0x00, 0x0a, 0x00, 0x10, 0x00, 0x0c, 0x00, 0x08, 0x00, 0x04, 0x00,
  0x0a, 0x00, 0x00, 0x00, 0x0c, 0x00, 0x00, 0x00, 0x1c, 0x00, 0x00, 0x00,
  0x38, 0x00, 0x00, 0x00, 0x0f, 0x00, 0x00, 0x00, 0x73, 0x65, 0x72, 0x76,
  0x69, 0x6e, 0x67, 0x5f, 0x64, 0x65, 0x66, 0x61, 0x75, 0x6c, 0x74, 0x00,
  0x01, 0x00, 0x00, 0x00, 0x04, 0x00, 0x00, 0x00, 0x9c, 0xff, 0xff, 0xff,
  0x30, 0x00, 0x00, 0x00, 0x04, 0x00, 0x00, 0x00, 0x05, 0x00, 0x00, 0x00,
  0x64, 0x65, 0x6e, 0x73, 0x65, 0x00, 0x00, 0x00, 0x01, 0x00, 0x00, 0x00,
  0x04, 0x00, 0x00, 0x00, 0x42, 0xdc, 0xff, 0xff, 0x04, 0x00, 0x00, 0x00,
  0x07, 0x00, 0x00, 0x00, 0x69, 0x6e, 0x70, 0x75, 0x74, 0x5f, 0x32, 0x00,
  0x02, 0x00, 0x00, 0x00, 0x34, 0x00, 0x00, 0x00, 0x04, 0x00, 0x00, 0x00,
  0xdc, 0xff, 0xff, 0xff, 0x33, 0x00, 0x00, 0x00, 0x04, 0x00, 0x00, 0x00,
  0x13, 0x00, 0x00, 0x00, 0x43, 0x4f, 0x4e, 0x56, 0x45, 0x52, 0x53, 0x49,
  0x4f, 0x4e, 0x5f, 0x4d, 0x45, 0x54, 0x41, 0x44, 0x41, 0x54, 0x41, 0x00,
  0x08, 0x00, 0x0c, 0x00, 0x08, 0x00, 0x04, 0x00, 0x08, 0x00, 0x00, 0x00,
  0x32, 0x00, 0x00, 0x00, 0x04, 0x00, 0x00, 0x00, 0x13, 0x00, 0x00, 0x00,
  0x6d, 0x69, 0x6e, 0x5f, 0x72, 0x75, 0x6e, 0x74, 0x69, 0x6d, 0x65, 0x5f,
  0x76, 0x65, 0x72, 0x73, 0x69, 0x6f, 0x6e, 0x00, 0x34, 0x00, 0x00, 0x00,
  0x18, 0x22, 0x00, 0x00, 0x10, 0x22, 0x00, 0x00, 0xf0, 0x21, 0x00, 0x00,
  0xd0, 0x21, 0x00, 0x00, 0xb0, 0x21, 0x00, 0x00, 0x90, 0x21, 0x00, 0x00,
  0x70, 0x21, 0x00, 0x00, 0x50, 0x21, 0x00, 0x00, 0x34, 0x21, 0x00, 0x00,
  0x20, 0x21, 0x00, 0x00, 0x08, 0x21, 0x00, 0x00, 0xe4, 0x20, 0x00, 0x00,
  0x54, 0x1e, 0x00, 0x00, 0x44, 0x1d, 0x00, 0x00, 0x34, 0x11, 0x00, 0x00,
  0x64, 0x10, 0x00, 0x00, 0xc4, 0x0f, 0x00, 0x00, 0xf4, 0x0e, 0x00, 0x00,
  0xe4, 0x08, 0x00, 0x00, 0x54, 0x08, 0x00, 0x00, 0xe4, 0x07, 0x00, 0x00,
  0x54, 0x07, 0x00, 0x00, 0x44, 0x04, 0x00, 0x00, 0xd4, 0x03, 0x00, 0x00,
  0x7c, 0x03, 0x00, 0x00, 0x0c, 0x03, 0x00, 0x00, 0x4c, 0x01, 0x00, 0x00,
  0x44, 0x01, 0x00, 0x00, 0x3c, 0x01, 0x00, 0x00, 0x34, 0x01, 0x00, 0x00,
  0x2c, 0x01, 0x00, 0x00, 0x24, 0x01, 0x00, 0x00, 0x1c, 0x01, 0x00, 0x00,
  0x14, 0x01, 0x00, 0x00, 0x0c, 0x01, 0x00, 0x00, 0x04, 0x01, 0x00, 0x00,
  0xfc, 0x00, 0x00, 0x00, 0xf4, 0x00, 0x00, 0x00, 0xec, 0x00, 0x00, 0x00,
  0xe4, 0x00, 0x00, 0x00, 0xdc, 0x00, 0x00, 0x00, 0xd4, 0x00, 0x00, 0x00,
  0xcc, 0x00, 0x00, 0x00, 0xc4, 0x00, 0x00, 0x00, 0xbc, 0x00, 0x00, 0x00,
  0xb4, 0x00, 0x00, 0x00, 0xac, 0x00, 0x00, 0x00, 0xa4, 0x00, 0x00, 0x00,
  0x9c, 0x00, 0x00, 0x00, 0x94, 0x00, 0x00, 0x00, 0x74, 0x00, 0x00, 0x00,
  0x04, 0x00, 0x00, 0x00, 0x86, 0xdd, 0xff, 0xff, 0x04, 0x00, 0x00, 0x00,
  0x60, 0x00, 0x00, 0x00, 0x0c, 0x00, 0x00, 0x00, 0x08, 0x00, 0x0e, 0x00,
  0x08, 0x00, 0x04, 0x00, 0x08, 0x00, 0x00, 0x00, 0x10, 0x00, 0x00, 0x00,
  0x28, 0x00, 0x00, 0x00, 0x00, 0x00, 0x06, 0x00, 0x08, 0x00, 0x04, 0x00,
  0x06, 0x00, 0x00, 0x00, 0x04, 0x00, 0x00, 0x00, 0x01, 0x00, 0x00, 0x00,
  0xeb, 0x03, 0x00, 0x00, 0x0c, 0x00, 0x18, 0x00, 0x14, 0x00, 0x10, 0x00,
  0x0c, 0x00, 0x04, 0x00, 0x0c, 0x00, 0x00, 0x00, 0x9a, 0x33, 0xc8, 0x61,
  0x92, 0xd6, 0xc1, 0xb8, 0x02, 0x00, 0x00, 0x00, 0x02, 0x00, 0x00, 0x00,
  0x04, 0x00, 0x00, 0x00, 0x06, 0x00, 0x00, 0x00, 0x32, 0x2e, 0x32, 0x31,
  0x2e, 0x30, 0x00, 0x00, 0xf2, 0xdd, 0xff, 0xff, 0x04, 0x00, 0x00, 0x00,
  0x10, 0x00, 0x00, 0x00, 0x31, 0x2e, 0x31, 0x34, 0x2e, 0x30, 0x00, 0x00,
  0x00, 0x00, 0x00, 0x00, 0x00, 0x00, 0x00, 0x00, 0xf0, 0xa1, 0xff, 0xff,
  0xf4, 0xa1, 0xff, 0xff, 0xf8, 0xa1, 0xff, 0xff, 0xfc, 0xa1, 0xff, 0xff,
  0x00, 0xa2, 0xff, 0xff, 0x04, 0xa2, 0xff, 0xff, 0x08, 0xa2, 0xff, 0xff,
  0x0c, 0xa2, 0xff, 0xff, 0x10, 0xa2, 0xff, 0xff, 0x14, 0xa2, 0xff, 0xff,
  0x18, 0xa2, 0xff, 0xff, 0x1c, 0xa2, 0xff, 0xff, 0x20, 0xa2, 0xff, 0xff,
  0x24, 0xa2, 0xff, 0xff, 0x28, 0xa2, 0xff, 0xff, 0x2c, 0xa2, 0xff, 0xff,
  0x30, 0xa2, 0xff, 0xff, 0x34, 0xa2, 0xff, 0xff, 0x38, 0xa2, 0xff, 0xff,
  0x3c, 0xa2, 0xff, 0xff, 0x40, 0xa2, 0xff, 0xff, 0x44, 0xa2, 0xff, 0xff,
  0x48, 0xa2, 0xff, 0xff, 0x6a, 0xde, 0xff, 0xff, 0x04, 0x00, 0x00, 0x00,
  0xb0, 0x01, 0x00, 0x00, 0xec, 0x07, 0xf3, 0x81, 0x05, 0xd0, 0x09, 0x10,
  0x0c, 0xd5, 0x92, 0xdc, 0x0f, 0xf2, 0xec, 0xd0, 0xa9, 0xfd, 0x1a, 0x5f,
  0x2f, 0xe6, 0xea, 0xfc, 0x2a, 0x43, 0x10, 0xf8, 0x0c, 0xf6, 0xe1, 0x7f,
  0xdb, 0x49, 0x16, 0xf0, 0x0f, 0xf3, 0xf0, 0x7f, 0xaa, 0xde, 0xdf, 0xf5,
  0x22, 0x35, 0x10, 0x23, 0x55, 0x9e, 0xdc, 0x43, 0x1a, 0xd9, 0x11, 0x34,
  0x33, 0x3d, 0xdf, 0x07, 0xb9, 0xe0, 0xcb, 0xdd, 0x2e, 0x41, 0x69, 0x0b,
  0x0a, 0x7f, 0xda, 0xd1, 0x67, 0xae, 0x55, 0xa3, 0x1e, 0x2d, 0x39, 0xda,
  0xbe, 0x81, 0xcc, 0x17, 0xde, 0x63, 0x40, 0x97, 0x17, 0xa9, 0x81, 0xa1,
  0xd5, 0xf9, 0xd6, 0x15, 0xf2, 0x09, 0x20, 0x26, 0xbe, 0x01, 0xac, 0x4b,
  0xfc, 0x0a, 0x60, 0x1d, 0x07, 0xef, 0xcd, 0x13, 0xd6, 0x7f, 0xf2, 0x03,
  0x13, 0xf9, 0xce, 0x5b, 0x07, 0x11, 0x1f, 0x03, 0x1a, 0x52, 0x74, 0xd8,
  0x32, 0x2f, 0x10, 0xda, 0xed, 0xee, 0x14, 0xe9, 0x37, 0x2f, 0x7f, 0x62,
  0x2f, 0xfe, 0xc4, 0xda, 0xea, 0xa9, 0xd1, 0x26, 0xbb, 0x48, 0x81, 0xc5,
  0x3a, 0xfc, 0x60, 0x63, 0x56, 0xf5, 0x9b, 0x41, 0xcc, 0x3a, 0xed, 0xa8,
  0xf6, 0x3a, 0xe4, 0xe4, 0xd2, 0x81, 0xe7, 0x1e, 0xeb, 0x0f, 0x07, 0x9b,
  0x0b, 0xfc, 0x17, 0xfa, 0x81, 0x8f, 0x34, 0x28, 0xdc, 0x09, 0xec, 0xb0,
  0x36, 0xea, 0x30, 0xcb, 0xdb, 0xfc, 0x62, 0xed, 0x37, 0xf7, 0x81, 0x95,
  0xb2, 0xb4, 0xc9, 0x1e, 0xb0, 0xf9, 0xfa, 0xd8, 0x23, 0xca, 0xc9, 0xdf,
  0xb1, 0xbb, 0x1a, 0xe2, 0xec, 0xd4, 0xdf, 0xe3, 0x6b, 0xfd, 0xc4, 0x1c,
  0xfe, 0xe2, 0x51, 0xee, 0x58, 0x20, 0x19, 0x1b, 0x7f, 0xd9, 0x81, 0x11,
  0x33, 0x6d, 0xdf, 0xf6, 0x44, 0x2a, 0xb9, 0xe1, 0xf7, 0xcc, 0xfd, 0x9e,
  0xdd, 0x38, 0x2a, 0xf1, 0x97, 0xdc, 0xd8, 0xd8, 0x44, 0xb9, 0xd9, 0xfb,
  0x81, 0xef, 0x18, 0x20, 0x8d, 0xb3, 0x83, 0x22, 0x98, 0x40, 0xcd, 0x81,
  0xc8, 0xae, 0x4f, 0xec, 0xe6, 0xe2, 0x2c, 0xfb, 0xff, 0x53, 0xf4, 0xea,
  0xf6, 0x14, 0xfa, 0xdb, 0xd0, 0xff, 0x3a, 0x3b, 0xc8, 0xd1, 0x81, 0xfc,
  0x62, 0xce, 0xce, 0x1c, 0x24, 0x0f, 0x4a, 0xe8, 0x0f, 0x4d, 0x7e, 0x39,
  0x27, 0xd3, 0xea, 0x51, 0x6e, 0xdf, 0x66, 0xce, 0x3f, 0x2d, 0xf1, 0x5a,
  0x4c, 0x7f, 0xbf, 0xe1, 0x97, 0x26, 0x27, 0x9d, 0xc6, 0x30, 0x7f, 0x53,
  0xe6, 0xb4, 0x3b, 0x05, 0x89, 0x5b, 0x1a, 0x06, 0xc8, 0x55, 0x42, 0xa8,
  0xca, 0x30, 0x00, 0xda, 0x77, 0x93, 0x1a, 0xef, 0x3f, 0x50, 0x13, 0x81,
  0xeb, 0xb8, 0xce, 0x1a, 0xc6, 0x3e, 0xb0, 0x7f, 0xeb, 0x33, 0x63, 0x12,
  0xa1, 0x1b, 0xfe, 0xef, 0xbe, 0x72, 0xdf, 0x28, 0xf4, 0xb6, 0xec, 0x31,
  0xce, 0xdf, 0x02, 0xcd, 0x18, 0x04, 0xe6, 0x0f, 0xdd, 0x36, 0x01, 0x7f,
  0xae, 0x10, 0x24, 0x4a, 0xf1, 0xe3, 0xe6, 0x0e, 0xf8, 0xd8, 0xfb, 0x0a,
  0xe4, 0x4a, 0x0c, 0xfb, 0x3b, 0x4a, 0xec, 0x7f, 0xf4, 0xad, 0x51, 0x59,
  0xb1, 0xfc, 0xef, 0xdc, 0x7f, 0x1c, 0xcd, 0x1e, 0xf6, 0xf5, 0xe9, 0x85,
  0xa3, 0x04, 0x3e, 0xeb, 0x26, 0xe0, 0xff, 0xff, 0x04, 0x00, 0x00, 0x00,
  0x60, 0x00, 0x00, 0x00, 0x76, 0x00, 0x00, 0x00, 0x64, 0x0e, 0x00, 0x00,
  0x8e, 0xfb, 0xff, 0xff, 0xd8, 0xff, 0xff, 0xff, 0x8b, 0xff, 0xff, 0xff,
  0xfe, 0xfb, 0xff, 0xff, 0xfe, 0xff, 0xff, 0xff, 0xc2, 0xfe, 0xff, 0xff,
  0xd4, 0xf9, 0xff, 0xff, 0xf2, 0xf2, 0xff, 0xff, 0xd3, 0xf6, 0xff, 0xff,
  0xa7, 0xf7, 0xff, 0xff, 0x9a, 0xff, 0xff, 0xff, 0xb3, 0xfb, 0xff, 0xff,
  0x6d, 0xfe, 0xff, 0xff, 0xfb, 0xfc, 0xff, 0xff, 0xd0, 0xff, 0xff, 0xff,
  0x63, 0x06, 0x00, 0x00, 0xc9, 0x0b, 0x00, 0x00, 0x0e, 0xf3, 0xff, 0xff,
  0xa0, 0x07, 0x00, 0x00, 0x80, 0x05, 0x00, 0x00, 0x34, 0x06, 0x00, 0x00,
  0x51, 0xff, 0xff, 0xff, 0x92, 0xe0, 0xff, 0xff, 0x04, 0x00, 0x00, 0x00,
  0x48, 0x00, 0x00, 0x00, 0x81, 0xf9, 0xc0, 0xe3, 0x7f, 0xe2, 0x7f, 0x3c,
  0x22, 0x81, 0xf2, 0x81, 0x81, 0x81, 0x7f, 0x7f, 0x11, 0x4c, 0xa3, 0x74,
  0xeb, 0x51, 0x7b, 0x8d, 0x8b, 0xf2, 0x5b, 0x18, 0x76, 0x81, 0x10, 0x7f,
  0xc6, 0xf7, 0x52, 0xef, 0x83, 0x00, 0xe7, 0x93, 0x7f, 0x81, 0x5f, 0x7f,
  0x58, 0x7f, 0x33, 0x14, 0xa7, 0x81, 0x7f, 0x81, 0x60, 0x9e, 0x48, 0x77,
  0x7f, 0x83, 0x7f, 0xe8, 0xa2, 0x15, 0x8f, 0x00, 0x31, 0xb1, 0x7f, 0xce,
  0x7f, 0x52, 0x81, 0x7f, 0xe6, 0xe0, 0xff, 0xff, 0x04, 0x00, 0x00, 0x00,
  0x60, 0x00, 0x00, 0x00, 0x00, 0x00, 0x00, 0x00, 0x00, 0x00, 0x00, 0x00,
  0x00, 0x00, 0x00, 0x00, 0x00, 0x00, 0x00, 0x00, 0x00, 0x00, 0x00, 0x00,
  0x00, 0x00, 0x00, 0x00, 0x00, 0x00, 0x00, 0x00, 0x00, 0x00, 0x00, 0x00,
  0x00, 0x00, 0x00, 0x00, 0x00, 0x00, 0x00, 0x00, 0x00, 0x00, 0x00, 0x00,
  0x00, 0x00, 0x00, 0x00, 0x00, 0x00, 0x00, 0x00, 0x00, 0x00, 0x00, 0x00,
  0x00, 0x00, 0x00, 0x00, 0x00, 0x00, 0x00, 0x00, 0x00, 0x00, 0x00, 0x00,
  0x00, 0x00, 0x00, 0x00, 0x00, 0x00, 0x00, 0x00, 0x00, 0x00, 0x00, 0x00,
  0x00, 0x00, 0x00, 0x00, 0x00, 0x00, 0x00, 0x00, 0x00, 0x00, 0x00, 0x00,
  0x00, 0x00, 0x00, 0x00, 0x52, 0xe1, 0xff, 0xff, 0x04, 0x00, 0x00, 0x00,
  0x00, 0x03, 0x00, 0x00, 0xc5, 0x25, 0xf5, 0x3c, 0xf8, 0xd5, 0x29, 0xc3,
  0x3d, 0xc3, 0x56, 0x37, 0xb1, 0x81, 0x17, 0x22, 0xf6, 0x0d, 0x91, 0xe9,
  0x39, 0x20, 0xe1, 0xee, 0xb0, 0xd9, 0xaf, 0x77, 0x2b, 0x51, 0x47, 0x32,
  0xa4, 0x9f, 0x09, 0xea, 0x83, 0x3d, 0x49, 0x59, 0x41, 0x0e, 0x7f, 0xd5,
  0xd3, 0x19, 0xda, 0x12, 0x1c, 0x98, 0x08, 0xd4, 0x14, 0x01, 0x1d, 0x6b,
  0x39, 0x02, 0xf4, 0xd2, 0xd8, 0xa8, 0x10, 0x02, 0x4d, 0xb9, 0x3d, 0x1f,
  0x1e, 0x7f, 0xbc, 0xb0, 0xd0, 0x0e, 0xef, 0xde, 0x37, 0xf0, 0x6e, 0xcc,
  0xb8, 0x6b, 0xc7, 0x56, 0xd9, 0x3b, 0x3c, 0x12, 0xb9, 0x2c, 0xec, 0xb3,
  0x91, 0xb2, 0x7f, 0xea, 0x15, 0xb7, 0x0e, 0xd5, 0xd8, 0xe8, 0x10, 0x06,
  0xe0, 0xcb, 0xe2, 0x23, 0xde, 0x0a, 0x81, 0xe8, 0x1c, 0x2b, 0x3d, 0xe9,
  0x1b, 0xe0, 0xea, 0x7a, 0x23, 0xb0, 0xbc, 0xb9, 0x0e, 0xec, 0xc6, 0x8e,
  0x25, 0xb0, 0xbc, 0x7f, 0xec, 0xa3, 0xdc, 0x29, 0xd8, 0xd6, 0x06, 0xdb,
  0x50, 0xfa, 0xb7, 0xe8, 0xbf, 0x3b, 0x1e, 0xf7, 0x6a, 0xd5, 0x2d, 0x4d,
  0x02, 0x30, 0x65, 0x83, 0xb5, 0xb6, 0x13, 0x0a, 0x38, 0x11, 0xdc, 0x1f,
  0xec, 0x7f, 0x2f, 0x1a, 0xdd, 0xd2, 0x07, 0xd1, 0xff, 0x7f, 0x56, 0xc3,
  0x3f, 0x54, 0x4e, 0xb9, 0xb2, 0x00, 0xf6, 0x09, 0xf6, 0xe4, 0xcb, 0x65,
  0xb8, 0xb5, 0x1e, 0xc2, 0xa0, 0x39, 0x7f, 0x3b, 0xd5, 0x7c, 0x1e, 0x91,
  0xf6, 0xbb, 0x3e, 0x2c, 0xe7, 0xd9, 0xad, 0x95, 0xc2, 0xf9, 0xc7, 0xac,
  0x0e, 0x20, 0x16, 0x15, 0x44, 0xd9, 0x10, 0xe6, 0xff, 0x13, 0x5c, 0xe4,
  0x32, 0x3d, 0xde, 0xfe, 0x0b, 0xf1, 0x18, 0xf7, 0xf6, 0x1d, 0xc9, 0x49,
  0x3d, 0x23, 0xd5, 0x81, 0xec, 0x31, 0x22, 0x19, 0x87, 0xf7, 0xa0, 0xe9,
  0xf8, 0x07, 0x12, 0x7f, 0x2b, 0x25, 0x01, 0xa4, 0xf5, 0xfb, 0x0f, 0xf3,
  0xda, 0xea, 0xf0, 0x2f, 0x16, 0x33, 0x2d, 0x0d, 0x2d, 0xfc, 0x69, 0x01,
  0x1b, 0xd6, 0xb9, 0x0a, 0x4d, 0x17, 0x5f, 0x7f, 0x2a, 0xb8, 0x3b, 0xcc,
  0xf2, 0x19, 0xe7, 0xf1, 0x5f, 0xfc, 0x81, 0x07, 0x05, 0xf1, 0xbd, 0x08,
  0xeb, 0x17, 0xd0, 0x0d, 0x57, 0x3c, 0xfe, 0xd7, 0xfe, 0x1e, 0xd9, 0xdd,
  0xe0, 0x27, 0xec, 0x10, 0xc4, 0x08, 0xd3, 0xf6, 0xf0, 0x7f, 0xf9, 0xf4,
  0xe2, 0xd5, 0xb3, 0x16, 0xb5, 0x59, 0x0b, 0x44, 0x24, 0x06, 0xb0, 0xf5,
  0xd1, 0x28, 0x8b, 0xf8, 0x59, 0x74, 0xcb, 0x7f, 0x18, 0x42, 0x35, 0xd4,
  0xa8, 0xc7, 0x33, 0xeb, 0x17, 0xdb, 0xed, 0xee, 0xbc, 0x0d, 0xc8, 0xdd,
  0x57, 0xf7, 0x62, 0x13, 0x15, 0x3c, 0x1b, 0x4d, 0xcd, 0xfb, 0x21, 0xda,
  0x43, 0xa9, 0x3a, 0xd8, 0x9b, 0x03, 0x9b, 0x1b, 0xb2, 0xb2, 0xc7, 0xff,
  0xaf, 0xef, 0xee, 0x7f, 0xed, 0x1c, 0x35, 0x61, 0xce, 0x1a, 0x21, 0xc9,
  0xc8, 0x08, 0xd7, 0x7f, 0x1a, 0x4f, 0xfa, 0xd2, 0xd3, 0x23, 0xa3, 0xe8,
  0x45, 0xd0, 0xb0, 0xc6, 0xec, 0xde, 0x95, 0x69, 0x11, 0x22, 0xf5, 0xd4,
  0x02, 0xbf, 0x5b, 0xb1, 0xfb, 0xdb, 0x87, 0x9f, 0x46, 0xf5, 0x10, 0x7f,
  0x07, 0xfe, 0xc2, 0x18, 0xb5, 0xa5, 0xc5, 0x0a, 0xc2, 0x1c, 0xe1, 0xa0,
  0x23, 0x50, 0xe2, 0xb1, 0xf7, 0x0e, 0x2e, 0x1d, 0x9b, 0x32, 0x7f, 0xf6,
  0x40, 0x58, 0xc9, 0x44, 0x1c, 0x7f, 0xd6, 0x35, 0xd9, 0xc2, 0xa2, 0x62,
  0x54, 0xb2, 0x32, 0xe2, 0x40, 0x0d, 0x0f, 0xf5, 0x28, 0x96, 0x25, 0x42,
  0x1d, 0x2c, 0x10, 0x7e, 0x1a, 0x4a, 0xd0, 0xd0, 0xf8, 0x37, 0x1b, 0x81,
  0xe7, 0x57, 0x2a, 0xfe, 0xf5, 0x28, 0x39, 0xf2, 0xe3, 0x7c, 0x04, 0x68,
  0xad, 0x16, 0xdb, 0x04, 0x22, 0x4c, 0x1d, 0xe3, 0xf0, 0xf5, 0xef, 0x3a,
  0x28, 0x20, 0x16, 0x62, 0x00, 0xb8, 0xfe, 0xff, 0x3f, 0x32, 0xd7, 0x05,
  0xcd, 0x81, 0xf3, 0x2b, 0x0d, 0xcf, 0x5c, 0x24, 0x91, 0x27, 0x0d, 0xe1,
  0xe9, 0x37, 0x81, 0x49, 0xb0, 0x03, 0xf9, 0x30, 0xb4, 0x51, 0x16, 0xc2,
  0x2d, 0xca, 0xb4, 0xc0, 0x2d, 0x04, 0xe6, 0x1e, 0xba, 0x12, 0xcd, 0xe7,
  0x07, 0x5c, 0x08, 0x05, 0x55, 0x38, 0xe2, 0x81, 0xc7, 0xb8, 0xb8, 0xa9,
  0xb6, 0x0b, 0xdb, 0x22, 0x79, 0x0d, 0x50, 0x11, 0xda, 0x5a, 0xcd, 0xe7,
  0x12, 0x46, 0x44, 0x7c, 0x79, 0xd5, 0x81, 0x90, 0xde, 0x9b, 0x09, 0x8d,
  0x44, 0x25, 0xf2, 0x15, 0x6d, 0xd3, 0xe4, 0x3a, 0xd8, 0x18, 0x33, 0xe2,
  0xe1, 0xb4, 0x7f, 0x6a, 0x09, 0x02, 0x2e, 0xcc, 0x2f, 0x20, 0xd3, 0x23,
  0xb7, 0xd2, 0x0d, 0x34, 0x35, 0x20, 0x14, 0xc6, 0x26, 0xf3, 0x81, 0xcd,
  0x2f, 0x33, 0xee, 0xec, 0x26, 0x3c, 0xcb, 0x4c, 0xd3, 0xc4, 0x01, 0xf0,
  0xd5, 0x04, 0xd7, 0xc2, 0xb6, 0x48, 0x4c, 0x28, 0x3e, 0x32, 0x7d, 0xbc,
  0xdd, 0xe7, 0xb3, 0xc0, 0x85, 0xb2, 0xad, 0xb2, 0xe7, 0xec, 0x26, 0x81,
  0xec, 0xc6, 0xeb, 0xa6, 0xbe, 0x14, 0x0f, 0xc5, 0x97, 0x3c, 0x2f, 0x81,
  0xca, 0x76, 0xf6, 0x19, 0x2a, 0xc7, 0x51, 0x12, 0x90, 0x50, 0xf1, 0xce,
  0xcd, 0x86, 0xf4, 0xf7, 0x0c, 0xc1, 0x11, 0xdc, 0xc8, 0x07, 0x2c, 0x1b,
  0x08, 0x1e, 0x2f, 0xd9, 0xf5, 0xc7, 0x86, 0x03, 0x36, 0xf3, 0x1f, 0xb4,
  0x1d, 0xee, 0xd4, 0x7f, 0x9e, 0xab, 0xd6, 0xe1, 0x37, 0x56, 0xaf, 0xf9,
  0x8b, 0x39, 0xf4, 0xea, 0xd0, 0x74, 0x2d, 0x28, 0x7f, 0xda, 0x29, 0x07,
  0x36, 0x43, 0x56, 0xc3, 0x7f, 0x20, 0xb7, 0x26, 0xc4, 0xfe, 0xca, 0xe3,
  0xff, 0xfc, 0xd3, 0x25, 0x11, 0xf5, 0x31, 0x0e, 0x19, 0xfa, 0x17, 0x07,
  0xf2, 0x07, 0xfa, 0xe1, 0x5e, 0xe4, 0xff, 0xff, 0x04, 0x00, 0x00, 0x00,
  0x80, 0x00, 0x00, 0x00, 0xe1, 0xfa, 0xff, 0xff, 0x66, 0xfb, 0xff, 0xff,
  0xb0, 0xf6, 0xff, 0xff, 0xe3, 0x07, 0x00, 0x00, 0x48, 0xfd, 0xff, 0xff,
  0x09, 0xff, 0xff, 0xff, 0x5d, 0xf9, 0xff, 0xff, 0xf4, 0xfb, 0xff, 0xff,
  0x7c, 0xff, 0xff, 0xff, 0x3a, 0xfd, 0xff, 0xff, 0xe9, 0x08, 0x00, 0x00,
  0x65, 0xff, 0xff, 0xff, 0x3b, 0x08, 0x00, 0x00, 0x50, 0x02, 0x00, 0x00,
  0xf3, 0x01, 0x00, 0x00, 0xe2, 0xfc, 0xff, 0xff, 0x18, 0x07, 0x00, 0x00,
  0xbd, 0xfa, 0xff, 0xff, 0x08, 0x03, 0x00, 0x00, 0xb4, 0xfb, 0xff, 0xff,
  0x05, 0x05, 0x00, 0x00, 0x45, 0x04, 0x00, 0x00, 0x6b, 0x07, 0x00, 0x00,
  0xba, 0x0d, 0x00, 0x00, 0x03, 0x05, 0x00, 0x00, 0x13, 0x00, 0x00, 0x00,
  0x99, 0x05, 0x00, 0x00, 0x98, 0xff, 0xff, 0xff, 0x8c, 0x0c, 0x00, 0x00,
  0xb4, 0xfe, 0xff, 0xff, 0xf4, 0xff, 0xff, 0xff, 0x9c, 0x05, 0x00, 0x00,
  0xea, 0xe4, 0xff, 0xff, 0x04, 0x00, 0x00, 0x00, 0x60, 0x00, 0x00, 0x00,
  0x81, 0xef, 0x13, 0x69, 0x49, 0xaa, 0x81, 0x7f, 0x62, 0xd7, 0xa9, 0x01,
  0x7f, 0x7f, 0x99, 0xeb, 0x81, 0xc6, 0xe7, 0x7f, 0x30, 0x81, 0xa3, 0x30,
  0x55, 0x81, 0x3f, 0x81, 0x5f, 0x9f, 0x81, 0xbd, 0xb7, 0x14, 0x7f, 0xf4,
  0x71, 0xe0, 0x13, 0x68, 0x6f, 0x60, 0x7f, 0xef, 0x2c, 0x42, 0x81, 0x2b,
  0xb1, 0xd2, 0xeb, 0x45, 0xa1, 0xdd, 0x00, 0xf5, 0x7f, 0x33, 0x7f, 0x90,
  0x56, 0xda, 0xaa, 0x2d, 0xf9, 0x81, 0x1d, 0x7f, 0x7f, 0x81, 0xe2, 0xf7,
  0x7f, 0x81, 0xf0, 0x7f, 0xa5, 0x46, 0x8b, 0x7f, 0x2b, 0x81, 0x7f, 0x6d,
  0x81, 0x8b, 0x81, 0x7f, 0xc8, 0x3f, 0x59, 0xa5, 0x7f, 0x81, 0xc4, 0x81,
  0x56, 0xe5, 0xff, 0xff, 0x04, 0x00, 0x00, 0x00, 0x80, 0x00, 0x00, 0x00,
  0x00, 0x00, 0x00, 0x00, 0x00, 0x00, 0x00, 0x00, 0x00, 0x00, 0x00, 0x00,
  0x00, 0x00, 0x00, 0x00, 0x00, 0x00, 0x00, 0x00, 0x00, 0x00, 0x00, 0x00,
  0x00, 0x00, 0x00, 0x00, 0x00, 0x00, 0x00, 0x00, 0x00, 0x00, 0x00, 0x00,
  0x00, 0x00, 0x00, 0x00, 0x00, 0x00, 0x00, 0x00, 0x00, 0x00, 0x00, 0x00,
  0x00, 0x00, 0x00, 0x00, 0x00, 0x00, 0x00, 0x00, 0x00, 0x00, 0x00, 0x00,
  0x00, 0x00, 0x00, 0x00, 0x00, 0x00, 0x00, 0x00, 0x00, 0x00, 0x00, 0x00,
  0x00, 0x00, 0x00, 0x00, 0x00, 0x00, 0x00, 0x00, 0x00, 0x00, 0x00, 0x00,
  0x00, 0x00, 0x00, 0x00, 0x00, 0x00, 0x00, 0x00, 0x00, 0x00, 0x00, 0x00,
  0x00, 0x00, 0x00, 0x00, 0x00, 0x00, 0x00, 0x00, 0x00, 0x00, 0x00, 0x00,
  0x00, 0x00, 0x00, 0x00, 0x00, 0x00, 0x00, 0x00, 0x00, 0x00, 0x00, 0x00,
  0x00, 0x00, 0x00, 0x00, 0x00, 0x00, 0x00, 0x00, 0xe2, 0xe5, 0xff, 0xff,
  0x04, 0x00, 0x00, 0x00, 0x00, 0x06, 0x00, 0x00, 0xf8, 0xe4, 0xdd, 0x7a,
  0x4b, 0x31, 0x53, 0xeb, 0x49, 0x0f, 0x1f, 0x55, 0x11, 0x4d, 0x1b, 0x00,
  0x83, 0xf2, 0xa3, 0x60, 0xfb, 0x26, 0xbc, 0xd7, 0xe4, 0x53, 0x43, 0xf0,
  0x7f, 0x79, 0xf8, 0xfd, 0x14, 0x34, 0x28, 0xea, 0xc2, 0xd3, 0x26, 0x42,
  0x14, 0xfd, 0xa5, 0x31, 0xc3, 0x4b, 0x09, 0x5b, 0xfe, 0x8b, 0x7d, 0x49,
  0x16, 0x72, 0xcd, 0x35, 0x31, 0xca, 0xf1, 0x2c, 0x5b, 0xfe, 0x14, 0x81,
  0x0d, 0xd8, 0xf4, 0x04, 0xeb, 0xe5, 0xf5, 0xf5, 0xea, 0x0e, 0x66, 0xe9,
  0xaf, 0xde, 0x1c, 0x12, 0xf0, 0x12, 0x0a, 0x18, 0x7f, 0xea, 0xc7, 0xe4,
  0xfe, 0x11, 0xf7, 0x07, 0xf1, 0xe7, 0x10, 0x35, 0x59, 0xe2, 0xeb, 0x3a,
  0x2e, 0xbd, 0x39, 0xf2, 0x3b, 0x33, 0xe4, 0x14, 0xd1, 0xd7, 0x29, 0x23,
  0x81, 0x36, 0xe8, 0x28, 0x22, 0xed, 0xe5, 0xd2, 0xbb, 0x76, 0xe6, 0xe9,
  0x08, 0xdd, 0xb8, 0x56, 0xed, 0x24, 0xb7, 0x94, 0xff, 0xea, 0x06, 0xd2,
  0x20, 0xdc, 0x18, 0xa5, 0x81, 0xe7, 0x9f, 0xb9, 0x30, 0xba, 0xb6, 0xea,
  0x2f, 0x39, 0xdc, 0xee, 0x4e, 0xdd, 0x02, 0x03, 0x8e, 0x16, 0x18, 0xe5,
  0x7c, 0xa7, 0x92, 0x70, 0xcc, 0x00, 0x81, 0x12, 0x30, 0xe7, 0xf6, 0x06,
  0x7a, 0x4d, 0xc5, 0x10, 0x44, 0xfd, 0xc6, 0xea, 0x38, 0x0f, 0xdf, 0x9a,
  0xcc, 0xd3, 0x3c, 0x29, 0x5c, 0xbd, 0x9e, 0x2e, 0x67, 0x37, 0xbc, 0xf0,
  0x84, 0xb9, 0x81, 0x23, 0x3f, 0x29, 0x5d, 0x6d, 0xae, 0x4e, 0xf2, 0x2e,
  0x63, 0x3b, 0xdf, 0x11, 0x3c, 0x3d, 0xf9, 0x48, 0xdd, 0x01, 0x54, 0x72,
  0x2b, 0xb0, 0x4b, 0xf4, 0xe8, 0xef, 0xf4, 0x02, 0x06, 0xd9, 0x1e, 0x0b,
  0x30, 0xfd, 0xef, 0xf0, 0x00, 0x12, 0x52, 0xfc, 0x33, 0x35, 0x16, 0x05,
  0xeb, 0x81, 0xf0, 0x11, 0xc1, 0x24, 0xd1, 0xeb, 0x23, 0x22, 0x0f, 0x2c,
  0x09, 0x1a, 0xa7, 0x3b, 0xf1, 0x3d, 0xd1, 0x09, 0xbe, 0xbe, 0xdb, 0xfe,
  0xe7, 0x1a, 0x40, 0x32, 0x7f, 0xed, 0xe6, 0xca, 0x2b, 0x2e, 0xc0, 0x98,
  0x96, 0x1a, 0xf2, 0x58, 0xf1, 0x00, 0xd0, 0x09, 0xe9, 0xd4, 0x48, 0xde,
  0x01, 0x1b, 0xac, 0x16, 0xf8, 0xf4, 0xd3, 0xd4, 0x56, 0xfa, 0x3c, 0xcf,
  0xbd, 0x2a, 0xef, 0xfa, 0x95, 0x81, 0xdc, 0x07, 0xab, 0xdf, 0xe1, 0x21,
  0xdf, 0xa3, 0xec, 0x10, 0x0e, 0xd2, 0x19, 0xdd, 0x1f, 0xc2, 0x81, 0xc7,
  0xca, 0x4f, 0x08, 0x15, 0x29, 0xef, 0x59, 0xa3, 0x8f, 0x09, 0x1e, 0xdc,
  0x05, 0xd8, 0xdd, 0x9d, 0x8d, 0xb8, 0xfe, 0x16, 0xcd, 0xb1, 0xcf, 0x63,
  0x19, 0xbd, 0x57, 0xdd, 0x16, 0xd4, 0xb9, 0xe2, 0xa6, 0xae, 0x33, 0xb5,
  0xf8, 0x16, 0x50, 0xa2, 0xd3, 0x14, 0x26, 0x44, 0x29, 0x81, 0x0b, 0xa8,
  0xdc, 0x27, 0xa2, 0xeb, 0x34, 0xd5, 0xbc, 0xfa, 0x64, 0xe6, 0xf5, 0x22,
  0xfe, 0x03, 0xf3, 0x25, 0x07, 0x59, 0x64, 0xe6, 0xf7, 0x01, 0xf7, 0x0d,
  0xde, 0xc4, 0xd9, 0xed, 0xda, 0x38, 0x1a, 0x0a, 0x31, 0x7f, 0xde, 0x29,
  0x26, 0xcf, 0xe9, 0x12, 0xef, 0xe7, 0x0c, 0xdb, 0x13, 0xc8, 0x08, 0xf8,
  0x15, 0xf5, 0x25, 0xd0, 0x0a, 0xf0, 0x11, 0x19, 0x81, 0x04, 0xe9, 0xe9,
  0xcd, 0x1c, 0xc9, 0xd1, 0xc6, 0x0e, 0xd0, 0xdd, 0xf7, 0xd8, 0xd3, 0x23,
  0x01, 0xdf, 0xf6, 0x43, 0x3e, 0xb8, 0xae, 0xe0, 0xdf, 0xe1, 0xcd, 0x29,
  0x28, 0x00, 0xe0, 0x08, 0xec, 0x19, 0x22, 0xee, 0x0a, 0x94, 0xe5, 0x7f,
  0xd7, 0x55, 0x1c, 0xb1, 0xff, 0xc6, 0xa8, 0xfe, 0xb5, 0x27, 0xf9, 0x38,
  0xc7, 0x49, 0xec, 0xda, 0x9c, 0x00, 0xaf, 0xe2, 0x7f, 0xa7, 0x3f, 0x59,
  0x6a, 0xe8, 0xd4, 0x98, 0x87, 0x57, 0x2f, 0x3b, 0xe8, 0x46, 0x2a, 0x15,
  0x07, 0x04, 0xd0, 0xe4, 0x02, 0x59, 0xfc, 0xd9, 0x1d, 0x31, 0x09, 0x1a,
  0x97, 0x38, 0xd6, 0x92, 0x14, 0xf6, 0xf2, 0xc3, 0x19, 0x45, 0x81, 0xf7,
  0x38, 0x05, 0x1f, 0xd2, 0xa8, 0x11, 0xf5, 0xc6, 0x1d, 0x40, 0xef, 0x5f,
  0xfb, 0xf9, 0x13, 0x08, 0xe2, 0x31, 0x3e, 0x32, 0xfe, 0x05, 0xfd, 0xc3,
  0xa9, 0x28, 0xb7, 0xb6, 0xa6, 0xf0, 0x0d, 0x34, 0x81, 0x38, 0xc7, 0x10,
  0xcc, 0xa6, 0x84, 0x03, 0x0b, 0x08, 0x2f, 0x20, 0x01, 0xea, 0xd5, 0x9d,
  0xdf, 0x06, 0x37, 0x42, 0xb9, 0xe0, 0x13, 0xba, 0x21, 0x81, 0xde, 0x3a,
  0xfb, 0x6e, 0xfa, 0xf4, 0x12, 0xf5, 0x5f, 0xd9, 0x33, 0xf8, 0x0e, 0x98,
  0xcc, 0x04, 0x1c, 0x02, 0x62, 0x17, 0xa9, 0xf2, 0x91, 0x7f, 0xed, 0x1e,
  0x3b, 0x2f, 0x4d, 0x20, 0xd5, 0x1e, 0x2a, 0x34, 0x46, 0x02, 0x18, 0xb4,
  0xf8, 0xde, 0xde, 0xbf, 0xe4, 0x0d, 0xcf, 0x02, 0x20, 0x09, 0x2f, 0x3c,
  0x3f, 0xdd, 0xd7, 0x18, 0xdc, 0x10, 0x19, 0xe9, 0x21, 0xf8, 0x23, 0x18,
  0x94, 0xe1, 0xff, 0xd1, 0x4e, 0x69, 0xff, 0xbe, 0x63, 0x1f, 0xef, 0xd4,
  0x0f, 0x3b, 0x81, 0xf7, 0x9f, 0xe6, 0x02, 0x29, 0x2e, 0x17, 0x3a, 0xea,
  0x32, 0xc5, 0x51, 0xd6, 0x21, 0x2e, 0x2c, 0xec, 0xf8, 0xfe, 0xc4, 0xdd,
  0xe4, 0xe7, 0x23, 0x3a, 0xca, 0xef, 0x04, 0xd9, 0x26, 0xc7, 0x68, 0x7f,
  0x04, 0x49, 0x73, 0x8b, 0x27, 0x38, 0xd9, 0xf2, 0xd5, 0x3a, 0x19, 0x81,
  0x3e, 0x48, 0xdc, 0xf9, 0x34, 0xdf, 0x01, 0xf2, 0x26, 0xbe, 0x11, 0xff,
  0xf7, 0xfd, 0xdf, 0x2b, 0x95, 0x0a, 0x17, 0x7c, 0xd3, 0xfb, 0x33, 0x4b,
  0xf4, 0xf5, 0xe3, 0x07, 0xfb, 0x14, 0x18, 0xef, 0xfa, 0x19, 0xd6, 0x01,
  0xfd, 0xd9, 0x02, 0xda, 0xee, 0x4f, 0xed, 0x81, 0x13, 0xeb, 0x08, 0xed,
  0xf4, 0x12, 0xf1, 0xfa, 0xde, 0x01, 0x0c, 0x0a, 0x09, 0xe2, 0x0a, 0x29,
  0x38, 0xf1, 0xd2, 0x13, 0x03, 0xf3, 0xe7, 0x14, 0xb6, 0x2c, 0xd9, 0x00,
  0x7f, 0xe8, 0x3a, 0x02, 0x38, 0xee, 0xbd, 0xd4, 0xe6, 0x27, 0x7f, 0x23,
  0x0f, 0xf2, 0xed, 0xe9, 0xd0, 0x39, 0xdd, 0xc2, 0x0b, 0xd9, 0x33, 0x2a,
  0xde, 0xf1, 0xcc, 0x2b, 0xcd, 0x21, 0x81, 0x1b, 0x00, 0x02, 0x26, 0xc3,
  0xf3, 0xea, 0x05, 0x21, 0x48, 0x18, 0x0e, 0xd9, 0xdc, 0xf3, 0xf6, 0xb6,
  0x68, 0x6c, 0x81, 0x46, 0x95, 0x5b, 0x53, 0x1d, 0xcb, 0x34, 0x01, 0xdc,
  0x54, 0x3b, 0xca, 0x13, 0x94, 0x16, 0xbf, 0x11, 0x45, 0xcc, 0xce, 0x38,
  0xdf, 0x4d, 0xbc, 0xd8, 0xb6, 0x4a, 0x28, 0x40, 0x14, 0xd6, 0xf4, 0xd6,
  0xb5, 0x6f, 0x31, 0x50, 0xd8, 0xe2, 0x01, 0x00, 0x94, 0x0a, 0xea, 0x02,
  0xd5, 0x13, 0xe9, 0xfe, 0x7f, 0xbc, 0x59, 0x61, 0x1c, 0xee, 0x51, 0xdd,
  0xdb, 0xf2, 0xd0, 0xa0, 0x65, 0x11, 0xac, 0x1f, 0x40, 0x17, 0xe5, 0x22,
  0xe7, 0x11, 0x62, 0xbb, 0xb5, 0x10, 0xe8, 0x10, 0x41, 0x4c, 0xf3, 0xaf,
  0xc8, 0xde, 0x4f, 0xee, 0x25, 0x7f, 0xe6, 0x10, 0x2d, 0x2c, 0xf2, 0x68,
  0xca, 0xf0, 0xe5, 0x6c, 0x8b, 0xd0, 0xcd, 0x35, 0x0d, 0x16, 0xc4, 0x16,
  0xe8, 0xbf, 0x18, 0x41, 0x8e, 0x4c, 0xf0, 0xd2, 0xd7, 0x32, 0xfb, 0x0b,
  0x7f, 0xe3, 0xab, 0x0a, 0x7c, 0xe3, 0xac, 0xf2, 0xc6, 0xfa, 0x21, 0x16,
  0x02, 0x1e, 0xfb, 0xed, 0x92, 0x49, 0xe4, 0xe1, 0xe5, 0x08, 0x7f, 0x87,
  0x2d, 0x44, 0x01, 0x41, 0x8e, 0x21, 0xf8, 0x1c, 0x2f, 0xe8, 0x24, 0x0c,
  0x12, 0xa9, 0xa7, 0xe5, 0x32, 0xf2, 0xb9, 0x05, 0xc7, 0xf2, 0x03, 0x5f,
  0x5b, 0xb6, 0xa1, 0xf7, 0xf9, 0xe7, 0x69, 0x27, 0xec, 0x83, 0xb0, 0x1e,
  0xf8, 0x01, 0x81, 0x1c, 0x65, 0xe9, 0x28, 0xd2, 0x31, 0x34, 0xe6, 0x4f,
  0xf4, 0x3a, 0xf3, 0x1b, 0xe0, 0xfd, 0x25, 0x88, 0x2f, 0x38, 0x11, 0xea,
  0xbc, 0x06, 0xe4, 0xd6, 0x26, 0x1b, 0x90, 0x26, 0x60, 0x22, 0xee, 0x81,
  0x17, 0xd6, 0xd7, 0x22, 0x21, 0x4c, 0xd1, 0xd8, 0x07, 0xbb, 0x31, 0xfb,
  0x43, 0x18, 0xd7, 0xbd, 0x08, 0xcf, 0x0e, 0xf2, 0xe8, 0x3b, 0x60, 0xe2,
  0xf7, 0x0f, 0xfb, 0x17, 0xef, 0x81, 0xe7, 0xe5, 0xc6, 0x16, 0xd3, 0xf2,
  0x0c, 0xf4, 0xcb, 0x03, 0x5d, 0x72, 0xfa, 0xea, 0x48, 0x29, 0xb8, 0xd8,
  0xe9, 0x35, 0x03, 0x34, 0xff, 0x07, 0x01, 0x13, 0x3e, 0xf1, 0x33, 0x39,
  0xc9, 0x81, 0x0c, 0xab, 0xe0, 0xcc, 0x08, 0x58, 0xdc, 0xb5, 0x05, 0x4d,
  0xe2, 0x1b, 0xd6, 0x11, 0xb4, 0x08, 0xfd, 0xe8, 0x21, 0xe9, 0x11, 0x3f,
  0xd2, 0x30, 0x81, 0x12, 0xfb, 0x00, 0xdc, 0xe9, 0x00, 0x0d, 0xcf, 0xdc,
  0xd9, 0x02, 0xd4, 0xbf, 0x05, 0x23, 0x22, 0xd8, 0xf1, 0x33, 0xd9, 0x79,
  0xba, 0xda, 0x23, 0x0e, 0x08, 0xc8, 0x38, 0xee, 0xec, 0x2c, 0x0a, 0xe8,
  0xfa, 0xe0, 0x7f, 0x29, 0x33, 0x1d, 0xe1, 0x1f, 0x00, 0xeb, 0x4d, 0x32,
  0x25, 0xea, 0x42, 0x1a, 0xdb, 0xf6, 0xc4, 0x19, 0x81, 0xe8, 0x1d, 0xe9,
  0xdb, 0x08, 0x9b, 0x07, 0xf4, 0x02, 0x00, 0xc4, 0x00, 0xf4, 0xd9, 0x17,
  0xf1, 0x0e, 0x19, 0xca, 0xd5, 0xe7, 0x9b, 0x0b, 0x83, 0x39, 0x1d, 0x16,
  0xd2, 0x4a, 0xac, 0xb5, 0x2c, 0x6c, 0x23, 0xd7, 0x12, 0x1a, 0x12, 0x30,
  0x1e, 0x56, 0xb1, 0x1c, 0x0d, 0xb3, 0x57, 0xbc, 0xe1, 0x0c, 0x9b, 0x25,
  0xb1, 0xea, 0xd0, 0x3c, 0x92, 0x0f, 0x41, 0x81, 0x1c, 0x10, 0xe4, 0x24,
  0x11, 0x00, 0x03, 0xea, 0x13, 0x06, 0xbd, 0x42, 0x7f, 0x12, 0xfd, 0x22,
  0x0b, 0xea, 0x09, 0xfa, 0xe7, 0xe9, 0xd1, 0xde, 0xfa, 0xf2, 0xd6, 0x0a,
  0xf7, 0x21, 0x12, 0x2f, 0xe8, 0x7f, 0xe4, 0xc2, 0x0c, 0x1f, 0x1e, 0x86,
  0xe8, 0xe6, 0xc3, 0x0f, 0x1c, 0x09, 0x1e, 0xc5, 0x2f, 0x16, 0x39, 0xfe,
  0xec, 0xb0, 0x4d, 0x23, 0xf7, 0x4e, 0x12, 0x18, 0x0e, 0x13, 0xdd, 0x33,
  0xea, 0x23, 0x71, 0xbb, 0x1f, 0xf3, 0xab, 0xb4, 0xba, 0x11, 0xc2, 0x0f,
  0x37, 0xf5, 0xf4, 0x31, 0x45, 0x0a, 0x2d, 0x57, 0x05, 0xd0, 0x1a, 0x7f,
  0xac, 0xd2, 0x0e, 0xf6, 0x64, 0xee, 0x9a, 0x99, 0xe6, 0x90, 0x2d, 0xfd,
  0x96, 0xdc, 0x63, 0x01, 0xfc, 0xe7, 0xe9, 0x13, 0x37, 0xd0, 0x3c, 0x9f,
  0xc9, 0xfc, 0xcb, 0xb0, 0x81, 0xa7, 0xb3, 0x52, 0xd1, 0x18, 0x68, 0x0d,
  0x6d, 0xe2, 0x2b, 0xd4, 0x36, 0xe7, 0xe9, 0x09, 0xe9, 0xf7, 0x05, 0xf3,
  0x24, 0xd6, 0xde, 0x2c, 0xf6, 0xdb, 0xb7, 0x33, 0xf0, 0xef, 0x35, 0xfe,
  0xec, 0x2e, 0xc7, 0xdd, 0x7f, 0x13, 0xe4, 0xd7, 0x1e, 0x93, 0xf9, 0x06,
  0x4a, 0xda, 0xdd, 0x1d, 0xfc, 0x05, 0xeb, 0xd3, 0xfe, 0xfb, 0x7f, 0x0a,
  0xc3, 0x05, 0x26, 0xf8, 0x2a, 0xbf, 0x1a, 0xe6, 0xc9, 0x36, 0x0e, 0xc2,
  0xf3, 0xb1, 0x2f, 0x56, 0xfd, 0x2b, 0xf6, 0x37, 0x29, 0xf4, 0x19, 0xe2,
  0xee, 0x11, 0x22, 0x1f, 0x21, 0xfc, 0xed, 0xf0, 0xfe, 0x0d, 0xf6, 0x14,
  0xee, 0xf5, 0x06, 0x25, 0x06, 0x29, 0x7f, 0xc4, 0x01, 0x0e, 0xe1, 0x0c,
  0x90, 0x13, 0x1f, 0xf5, 0x22, 0x44, 0x51, 0x49, 0x9a, 0xe9, 0xe0, 0xdf,
  0x6a, 0x0e, 0x43, 0x2e, 0x21, 0x15, 0xff, 0x0e, 0x81, 0xf4, 0x84, 0x10,
  0xb4, 0x38, 0xf8, 0xb3, 0x4b, 0x54, 0x30, 0x07, 0x1b, 0xf7, 0x5a, 0x48,
  0xee, 0xd3, 0xdf, 0xb7, 0xf0, 0x39, 0x01, 0xd1, 0xbd, 0x27, 0x10, 0x18,
  0x36, 0x0f, 0xdf, 0x81, 0xe3, 0x10, 0xc2, 0xf3, 0xf9, 0xfe, 0x03, 0x09,
  0xc7, 0x0f, 0xd6, 0xaa, 0x30, 0x20, 0x00, 0xab, 0xee, 0xeb, 0xff, 0xff,
  0x04, 0x00, 0x00, 0x00, 0xc0, 0x00, 0x00, 0x00, 0x6d, 0xe7, 0xff, 0xff,
  0xf9, 0xe3, 0xff, 0xff, 0x11, 0x08, 0x00, 0x00, 0xdb, 0xff, 0xff, 0xff,
  0x11, 0x0e, 0x00, 0x00, 0x3f, 0xf5, 0xff, 0xff, 0x78, 0x00, 0x00, 0x00,
  0x53, 0x01, 0x00, 0x00, 0x49, 0x11, 0x00, 0x00, 0x98, 0xf6, 0xff, 0xff,
  0xc4, 0x0a, 0x00, 0x00, 0x4a, 0xf9, 0xff, 0xff, 0x93, 0xfb, 0xff, 0xff,
  0x6e, 0xfb, 0xff, 0xff, 0x78, 0xe8, 0xff, 0xff, 0x53, 0x0a, 0x00, 0x00,
  0xd2, 0x11, 0x00, 0x00, 0x14, 0xff, 0xff, 0xff, 0x93, 0x0d, 0x00, 0x00,
  0xfc, 0x10, 0x00, 0x00, 0x09, 0x20, 0x00, 0x00, 0xbd, 0xf6, 0xff, 0xff,
  0x48, 0x0d, 0x00, 0x00, 0x6b, 0x12, 0x00, 0x00, 0xc8, 0xfc, 0xff, 0xff,
  0x6b, 0xf8, 0xff, 0xff, 0x12, 0x09, 0x00, 0x00, 0xb0, 0xff, 0xff, 0xff,
  0x46, 0x0c, 0x00, 0x00, 0x97, 0xf5, 0xff, 0xff, 0x37, 0x02, 0x00, 0x00,
  0xd5, 0xf2, 0xff, 0xff, 0x7f, 0x09, 0x00, 0x00, 0xcd, 0xf9, 0xff, 0xff,
  0x9f, 0x00, 0x00, 0x00, 0x78, 0x00, 0x00, 0x00, 0xc6, 0xf7, 0xff, 0xff,
  0xd4, 0x13, 0x00, 0x00, 0x9c, 0x00, 0x00, 0x00, 0x76, 0xff, 0xff, 0xff,
  0xc3, 0x08, 0x00, 0x00, 0xf2, 0xed, 0xff, 0xff, 0x0c, 0xee, 0xff, 0xff,
  0xf0, 0xf7, 0xff, 0xff, 0xc8, 0x08, 0x00, 0x00, 0x61, 0x0d, 0x00, 0x00,
  0x52, 0xfa, 0xff, 0xff, 0x38, 0x03, 0x00, 0x00, 0xba, 0xec, 0xff, 0xff,
  0x04, 0x00, 0x00, 0x00, 0x90, 0x00, 0x00, 0x00, 0x81, 0x7a, 0x28, 0x06,
  0x3f, 0xf5, 0xdf, 0xa3, 0x81, 0xdc, 0xc6, 0x11, 0xad, 0x7f, 0x7f, 0xee,
  0x1f, 0x5a, 0x81, 0x0f, 0x7f, 0x7f, 0x81, 0xb7, 0x60, 0x81, 0x7f, 0x81,
  0x81, 0x99, 0x7f, 0x81, 0x7f, 0x7f, 0x81, 0xd7, 0xaa, 0x7f, 0x7f, 0xc1,
  0x08, 0x81, 0x81, 0x7f, 0xb9, 0x22, 0xec, 0x58, 0x17, 0x7f, 0x45, 0xab,
  0x7f, 0x0c, 0x81, 0x33, 0x06, 0xae, 0xce, 0xd6, 0x86, 0x26, 0xab, 0x7f,
  0xbd, 0x7f, 0xc4, 0x81, 0x2d, 0xc5, 0xd0, 0xe3, 0xf6, 0x14, 0x69, 0x84,
  0xfe, 0x48, 0xbf, 0x39, 0x37, 0xd0, 0x07, 0xf0, 0xc8, 0x52, 0x59, 0xb0,
  0x7f, 0xdc, 0xaf, 0x03, 0x16, 0xce, 0x7f, 0xd8, 0xb9, 0xd5, 0x7f, 0x81,
  0x4d, 0x7f, 0x95, 0x7f, 0x3b, 0x7f, 0x7f, 0x81, 0x81, 0x5b, 0x67, 0x2f,
  0x7f, 0x2d, 0xde, 0xe9, 0x0f, 0x39, 0x2d, 0x7f, 0x81, 0xe3, 0x7a, 0x63,
  0x4c, 0x81, 0x5a, 0x21, 0x5e, 0x02, 0xf9, 0x81, 0x7f, 0xc5, 0x61, 0x81,
  0x0e, 0x0d, 0x9b, 0x81, 0x81, 0x81, 0x0a, 0x81, 0x56, 0xed, 0xff, 0xff,
  0x04, 0x00, 0x00, 0x00, 0xc0, 0x00, 0x00, 0x00, 0x00, 0x00, 0x00, 0x00,
  0x00, 0x00, 0x00, 0x00, 0x00, 0x00, 0x00, 0x00, 0x00, 0x00, 0x00, 0x00,
  0x00, 0x00, 0x00, 0x00, 0x00, 0x00, 0x00, 0x00, 0x00, 0x00, 0x00, 0x00,
  0x00, 0x00, 0x00, 0x00, 0x00, 0x00, 0x00, 0x00, 0x00, 0x00, 0x00, 0x00,
  0x00, 0x00, 0x00, 0x00, 0x00, 0x00, 0x00, 0x00, 0x00, 0x00, 0x00, 0x00,
  0x00, 0x00, 0x00, 0x00, 0x00, 0x00, 0x00, 0x00, 0x00, 0x00, 0x00, 0x00,
  0x00, 0x00, 0x00, 0x00, 0x00, 0x00, 0x00, 0x00, 0x00, 0x00, 0x00, 0x00,
  0x00, 0x00, 0x00, 0x00, 0x00, 0x00, 0x00, 0x00, 0x00, 0x00, 0x00, 0x00,
  0x00, 0x00, 0x00, 0x00, 0x00, 0x00, 0x00, 0x00, 0x00, 0x00, 0x00, 0x00,
  0x00, 0x00, 0x00, 0x00, 0x00, 0x00, 0x00, 0x00, 0x00, 0x00, 0x00, 0x00,
  0x00, 0x00, 0x00, 0x00, 0x00, 0x00, 0x00, 0x00, 0x00, 0x00, 0x00, 0x00,
  0x00, 0x00, 0x00, 0x00, 0x00, 0x00, 0x00, 0x00, 0x00, 0x00, 0x00, 0x00,
  0x00, 0x00, 0x00, 0x00, 0x00, 0x00, 0x00, 0x00, 0x00, 0x00, 0x00, 0x00,
  0x00, 0x00, 0x00, 0x00, 0x00, 0x00, 0x00, 0x00, 0x00, 0x00, 0x00, 0x00,
  0x00, 0x00, 0x00, 0x00, 0x00, 0x00, 0x00, 0x00, 0x00, 0x00, 0x00, 0x00,
  0x00, 0x00, 0x00, 0x00, 0x00, 0x00, 0x00, 0x00, 0x00, 0x00, 0x00, 0x00,
  0x00, 0x00, 0x00, 0x00, 0x00, 0x00, 0x00, 0x00, 0x22, 0xee, 0xff, 0xff,
  0x04, 0x00, 0x00, 0x00, 0x00, 0x0c, 0x00, 0x00, 0x10, 0x1e, 0x81, 0xfe,
  0xf0, 0xd0, 0xfd, 0xe6, 0xf6, 0xd2, 0xec, 0x08, 0x16, 0x1a, 0x30, 0xf6,
  0x11, 0x23, 0xd0, 0x5f, 0xba, 0x0b, 0x18, 0xd8, 0xdf, 0xe1, 0xeb, 0xff,
  0x2a, 0x15, 0xbb, 0xe4, 0xb8, 0xaf, 0x13, 0xff, 0xe0, 0x0a, 0xe5, 0x66,
  0xe2, 0x01, 0xf5, 0x36, 0x43, 0xdf, 0x32, 0x18, 0xca, 0x01, 0xe5, 0x0d,
  0xfd, 0xd2, 0x3d, 0x27, 0xc0, 0x07, 0xc6, 0xe3, 0x5b, 0xf9, 0x1f, 0x3b,
  0xe8, 0xf4, 0x7f, 0x18, 0xf9, 0x02, 0xfe, 0xfd, 0x42, 0xf2, 0x27, 0x49,
  0xf5, 0xc4, 0xf6, 0x38, 0x14, 0xea, 0xf7, 0x22, 0xf1, 0xb6, 0xcb, 0x19,
  0x09, 0x21, 0xe4, 0x3b, 0x2c, 0x3a, 0x02, 0xcc, 0x3c, 0xee, 0x14, 0x1a,
  0x11, 0xdb, 0xf0, 0x07, 0xf6, 0xf1, 0xf7, 0xfd, 0x0d, 0x0a, 0x21, 0x21,
  0x58, 0x81, 0xd7, 0xc9, 0x19, 0x06, 0xe2, 0xf5, 0xf7, 0x08, 0xa4, 0xf9,
  0xe9, 0xd9, 0xe8, 0x03, 0x36, 0x14, 0xe6, 0x39, 0xf8, 0xea, 0xb2, 0x06,
  0xd0, 0x17, 0xda, 0x0d, 0xdf, 0xfb, 0xc5, 0xfa, 0x53, 0x06, 0xf3, 0x1f,
  0xd2, 0x00, 0x16, 0xea, 0xf1, 0xe4, 0xf4, 0x27, 0xff, 0x0b, 0xf8, 0xde,
  0xf3, 0xdc, 0x17, 0x03, 0xc3, 0xf5, 0xdf, 0x81, 0x23, 0xbd, 0x3b, 0xe0,
  0x0f, 0x2b, 0xfc, 0xec, 0xe8, 0x20, 0x4e, 0xf7, 0xed, 0xd2, 0xfa, 0x04,
  0x19, 0xf4, 0x19, 0xda, 0x37, 0xff, 0x1a, 0x29, 0xf8, 0xa7, 0xeb, 0xed,
  0xf1, 0xf1, 0xf0, 0xea, 0xe2, 0x01, 0xc5, 0xdb, 0x11, 0xcd, 0xd3, 0xa3,
  0x1c, 0xd4, 0x62, 0x52, 0xc0, 0x56, 0xf2, 0x9d, 0x2e, 0x1b, 0x81, 0x2e,
  0xd8, 0x03, 0xea, 0xd3, 0xe2, 0x09, 0xf5, 0x62, 0x9a, 0x15, 0xd1, 0x07,
  0xfd, 0x2a, 0x1c, 0xc1, 0x10, 0x52, 0x9f, 0xcd, 0x1b, 0x16, 0x14, 0x21,
  0x03, 0x0b, 0xea, 0xc9, 0xcd, 0xe1, 0x27, 0x0d, 0x1e, 0xea, 0x22, 0xeb,
  0x8d, 0xc6, 0xf6, 0xd7, 0xe9, 0x3b, 0xb6, 0xff, 0xf5, 0x0d, 0xb8, 0x0b,
  0x08, 0x01, 0xfa, 0xfe, 0x43, 0x2a, 0x01, 0x7f, 0xe9, 0x52, 0xbe, 0x0e,
  0xcc, 0x43, 0xe8, 0x0f, 0x30, 0x22, 0xd4, 0x7d, 0xd7, 0x0a, 0x19, 0xf0,
  0xd7, 0xdd, 0xe4, 0x0f, 0x09, 0xd9, 0xfc, 0xe6, 0xcd, 0x04, 0xb6, 0xf6,
  0xef, 0x30, 0x16, 0x13, 0xe4, 0x01, 0x04, 0x4b, 0x0d, 0xfb, 0x96, 0xf3,
  0x0f, 0xed, 0xb7, 0xe5, 0xbc, 0x54, 0x12, 0xf9, 0xa5, 0x81, 0x14, 0xbc,
  0x02, 0xad, 0x35, 0x0d, 0xe4, 0xed, 0x31, 0xd7, 0x55, 0x41, 0xfe, 0x6b,
  0x5c, 0x2b, 0x07, 0x00, 0xd7, 0x35, 0xe9, 0x6b, 0x1d, 0xb6, 0xff, 0xe1,
  0xc0, 0xdf, 0xcd, 0xc5, 0xfd, 0x2a, 0x2f, 0xda, 0x52, 0xd3, 0x20, 0x12,
  0x11, 0x1f, 0xd1, 0xc1, 0xf6, 0xf6, 0xbb, 0x0b, 0xec, 0x51, 0x81, 0x26,
  0xc1, 0xba, 0x86, 0x1f, 0x39, 0xdd, 0xf8, 0xe0, 0x4f, 0x46, 0xe1, 0x33,
  0x3b, 0x1f, 0xdd, 0x2f, 0xcd, 0x45, 0xd7, 0x39, 0x7d, 0x8d, 0xd0, 0x1e,
  0xf2, 0xe5, 0x31, 0xd8, 0x1b, 0x26, 0xe2, 0xce, 0x7f, 0x12, 0x2a, 0x39,
  0x61, 0xb0, 0xcf, 0xea, 0x1a, 0xf8, 0x03, 0x19, 0xce, 0x4a, 0xbd, 0x13,
  0xaf, 0xbe, 0xbe, 0x54, 0x57, 0xf8, 0x21, 0x51, 0xfa, 0x3b, 0xed, 0x17,
  0x33, 0xee, 0xab, 0xec, 0xc2, 0x0c, 0x91, 0x71, 0xdf, 0xf2, 0x15, 0xca,
  0x5c, 0xf1, 0x9c, 0xd6, 0xfe, 0x2e, 0x2b, 0xb0, 0x2f, 0xca, 0xd9, 0x25,
  0x01, 0x06, 0xce, 0xda, 0xdc, 0xc2, 0x39, 0x9d, 0xf9, 0x4e, 0x81, 0x42,
  0xbc, 0x8e, 0x69, 0x39, 0x19, 0xfb, 0x1b, 0x10, 0x52, 0x95, 0xf1, 0xe1,
  0xe5, 0x0d, 0xde, 0xcd, 0x04, 0xd3, 0xf1, 0x0a, 0xfc, 0x21, 0xd2, 0xf2,
  0xf5, 0x3c, 0x3a, 0x0a, 0x18, 0xe8, 0xd8, 0x43, 0x19, 0x18, 0x04, 0xcf,
  0x2d, 0xf6, 0x06, 0x51, 0x0d, 0x35, 0x1f, 0xf6, 0xb8, 0x5b, 0x39, 0x07,
  0x2f, 0xee, 0x18, 0xd7, 0x15, 0x7f, 0xfc, 0xe5, 0x29, 0x18, 0x20, 0x01,
  0x1d, 0x2f, 0x24, 0x16, 0xec, 0xdf, 0x03, 0xc7, 0xe3, 0x00, 0xeb, 0x05,
  0xdc, 0x21, 0xc7, 0x07, 0x09, 0xf4, 0xf8, 0x4e, 0xfa, 0xf3, 0x09, 0xe5,
  0xfb, 0xe9, 0xdc, 0x0a, 0xdd, 0x7f, 0xe8, 0x0f, 0xf7, 0xbf, 0xe3, 0x0c,
  0x12, 0xe9, 0x29, 0xf1, 0xf1, 0xe7, 0xf6, 0xb1, 0xd3, 0xec, 0xff, 0x35,
  0x05, 0xf1, 0x87, 0xbd, 0xb2, 0x11, 0xd0, 0x06, 0xf7, 0xd7, 0xfc, 0xe5,
  0x35, 0xe8, 0x19, 0x26, 0xc2, 0x81, 0x9d, 0x37, 0x28, 0xf3, 0x1f, 0xe0,
  0xf7, 0xec, 0x0a, 0xee, 0x96, 0x10, 0x7a, 0x95, 0xc0, 0x27, 0x5e, 0xd5,
  0x3c, 0x11, 0x17, 0xd1, 0x51, 0xe0, 0x3e, 0x18, 0xef, 0xc7, 0xb3, 0xd6,
  0xd7, 0xbe, 0x40, 0x2d, 0x07, 0xf9, 0x9e, 0x0b, 0x4d, 0x29, 0x26, 0xe2,
  0x12, 0x2e, 0xed, 0x31, 0xf0, 0x1c, 0xad, 0x4a, 0x00, 0x4f, 0x06, 0xe8,
  0x51, 0xe2, 0x37, 0x7f, 0x1c, 0x11, 0xdb, 0xfd, 0xf7, 0x3b, 0xf7, 0x39,
  0xd8, 0x17, 0x49, 0x1c, 0x11, 0x58, 0xc5, 0xb6, 0x1f, 0xbe, 0x87, 0x14,
  0xc9, 0xe4, 0x27, 0x29, 0x16, 0x1f, 0xb4, 0xeb, 0x68, 0x3d, 0x58, 0x6d,
  0x07, 0x58, 0xe0, 0x1b, 0x1a, 0x1f, 0xe8, 0xe1, 0x0f, 0xec, 0x0b, 0xbc,
  0x58, 0xe8, 0xbf, 0x23, 0x68, 0x1e, 0x16, 0xc3, 0xf3, 0x26, 0x14, 0x3e,
  0x20, 0x1c, 0x5e, 0xeb, 0x3f, 0x7f, 0xf7, 0xcd, 0x08, 0x2a, 0xd0, 0x17,
  0xdb, 0xfd, 0x33, 0x01, 0xeb, 0xd9, 0xd2, 0xf3, 0x1a, 0xde, 0x04, 0xb3,
  0x1f, 0xb9, 0xce, 0x20, 0x92, 0x63, 0x03, 0x07, 0x24, 0x29, 0x47, 0x0b,
  0x39, 0xf6, 0x06, 0xfb, 0xc3, 0x7c, 0xec, 0x47, 0x20, 0xc5, 0x23, 0x7f,
  0xbf, 0x1b, 0x02, 0xd2, 0x0c, 0x0c, 0x24, 0x0e, 0xf4, 0x0b, 0xb1, 0x0e,
  0xd3, 0xcd, 0x43, 0x14, 0x06, 0xf3, 0xe0, 0xec, 0x16, 0x29, 0xf0, 0xe8,
  0x7f, 0x85, 0xc2, 0x28, 0xfa, 0x05, 0x0c, 0x33, 0xdb, 0x35, 0x06, 0xee,
  0x26, 0xcf, 0x14, 0x19, 0xda, 0x2a, 0xe2, 0x40, 0x26, 0xd9, 0x0d, 0x57,
  0xe1, 0x34, 0xdc, 0x06, 0x00, 0xee, 0xd6, 0xf6, 0x25, 0xe9, 0xfc, 0xef,
  0xf7, 0xe8, 0x15, 0xcd, 0x1a, 0x10, 0xea, 0xa7, 0xf1, 0x18, 0xa3, 0xb0,
  0xc5, 0xf2, 0x68, 0xfa, 0xd4, 0x23, 0xf9, 0x85, 0x22, 0xfd, 0x2c, 0xd5,
  0xdf, 0xe4, 0xde, 0xf0, 0xbd, 0x05, 0x26, 0xf0, 0xf0, 0xae, 0x56, 0xe1,
  0x2a, 0xfc, 0xfb, 0x0e, 0xf2, 0xe2, 0x05, 0x7f, 0xce, 0x27, 0xd0, 0x2f,
  0xe0, 0xba, 0xf2, 0xf9, 0x43, 0xce, 0x10, 0xff, 0x46, 0x15, 0xce, 0xfc,
  0x0b, 0x33, 0xec, 0x42, 0x9f, 0x28, 0x19, 0x1c, 0xda, 0xf0, 0xfa, 0x2e,
  0x14, 0x1c, 0xe2, 0x0d, 0xcf, 0xff, 0x2a, 0x15, 0x39, 0x49, 0xf7, 0x7f,
  0x00, 0x36, 0xfa, 0x1f, 0x62, 0xc0, 0xb3, 0x16, 0xfd, 0x58, 0xdb, 0x23,
  0x37, 0xd1, 0xd4, 0xb2, 0xcb, 0xec, 0xdd, 0xeb, 0x7f, 0xa5, 0xc2, 0xfe,
  0xcb, 0xd1, 0x5e, 0x23, 0x4e, 0xd0, 0xbb, 0xbb, 0x3c, 0xbc, 0x17, 0x29,
  0xec, 0x2b, 0xec, 0xe9, 0x05, 0x15, 0xbd, 0x0c, 0xea, 0x29, 0xbb, 0x39,
  0x2f, 0x61, 0xd2, 0x1d, 0x36, 0xde, 0xf2, 0x9a, 0xc7, 0x05, 0xf1, 0x33,
  0xe1, 0x08, 0x2f, 0x0f, 0xbd, 0xf0, 0xe7, 0x09, 0x3f, 0x9a, 0x01, 0x33,
  0xe8, 0xf3, 0x16, 0xec, 0x1d, 0xc8, 0x94, 0x81, 0x30, 0xf2, 0xf9, 0x29,
  0x2f, 0x2a, 0xfa, 0x5d, 0xc0, 0xde, 0xc3, 0x24, 0xee, 0x04, 0xfa, 0x51,
  0xb8, 0x09, 0x24, 0x25, 0x2d, 0x08, 0xd3, 0xe7, 0x1a, 0x9a, 0x09, 0xdc,
  0xec, 0x03, 0x08, 0xd2, 0xfd, 0xf5, 0x19, 0xf0, 0x20, 0x07, 0x13, 0xd5,
  0x1c, 0xde, 0x24, 0xdd, 0xf4, 0xff, 0x14, 0x81, 0x0b, 0x3b, 0x1d, 0xd1,
  0xf3, 0xe6, 0x00, 0xb5, 0xda, 0x0d, 0x2d, 0x03, 0x25, 0xcc, 0x33, 0xfd,
  0x10, 0x50, 0xeb, 0xd9, 0x06, 0xfd, 0xbf, 0x45, 0xb4, 0xfb, 0xcc, 0xfa,
  0x3b, 0xd9, 0xf3, 0x98, 0xba, 0x14, 0xb7, 0x2b, 0xec, 0x08, 0x96, 0xf2,
  0x25, 0xa9, 0x9d, 0x7f, 0x1c, 0x35, 0x1c, 0xef, 0xfe, 0xda, 0x90, 0x19,
  0xfd, 0x61, 0xf6, 0x7b, 0x9b, 0xc8, 0x1d, 0xf7, 0xe2, 0x2c, 0xd6, 0x19,
  0xe7, 0x2d, 0x9a, 0xd8, 0xc9, 0x23, 0xde, 0xf4, 0x21, 0xde, 0xb2, 0x07,
  0x45, 0xa1, 0xf5, 0xb0, 0x36, 0xed, 0x44, 0xf2, 0x38, 0xf0, 0xeb, 0x23,
  0x6d, 0xb5, 0x4a, 0x07, 0x40, 0x6e, 0xea, 0x6e, 0x13, 0xca, 0x62, 0x36,
  0x01, 0xcd, 0x9b, 0x1d, 0x4c, 0x1f, 0x98, 0x81, 0x11, 0xc5, 0xf2, 0x0f,
  0x41, 0x62, 0xed, 0xc7, 0x27, 0xe5, 0xae, 0x59, 0xeb, 0xd9, 0xa4, 0x28,
  0xf0, 0xd0, 0x20, 0xd3, 0x2e, 0xf0, 0xf9, 0xde, 0x33, 0x32, 0xe9, 0x52,
  0x2e, 0x15, 0x07, 0x36, 0xbc, 0x17, 0xcb, 0x1d, 0x16, 0xd3, 0x21, 0x0e,
  0x09, 0xaf, 0xda, 0x0e, 0x45, 0x0c, 0xca, 0xbc, 0x0f, 0xd2, 0x06, 0x25,
  0x45, 0x55, 0x40, 0xab, 0x7f, 0xfb, 0xc9, 0x26, 0x3c, 0x09, 0x1a, 0x03,
  0xec, 0xec, 0xe2, 0xca, 0xae, 0x1b, 0xc9, 0xed, 0x45, 0xe8, 0x08, 0x21,
  0xb1, 0x30, 0xc3, 0xe3, 0xc6, 0x03, 0xd1, 0xd8, 0x26, 0xe9, 0x02, 0xe8,
  0x76, 0x06, 0xfa, 0x0e, 0x1e, 0xe9, 0x30, 0xec, 0x17, 0x7f, 0xed, 0xe0,
  0x3b, 0xbc, 0xeb, 0x2f, 0x16, 0xae, 0x47, 0x40, 0xea, 0x38, 0xeb, 0x7f,
  0x00, 0xdc, 0x04, 0xd9, 0xbf, 0x2e, 0xc1, 0x16, 0x5f, 0xf4, 0x0f, 0x05,
  0x02, 0x19, 0x59, 0xeb, 0x19, 0x88, 0xc4, 0xce, 0x5b, 0xd4, 0xfc, 0x01,
  0xf2, 0xec, 0xcc, 0xd6, 0xfe, 0xe2, 0xff, 0x11, 0xf6, 0x27, 0xf3, 0x49,
  0x4f, 0xd4, 0xe9, 0xf5, 0x38, 0xd6, 0x24, 0xc7, 0xf8, 0xf7, 0x17, 0x0a,
  0x20, 0x4b, 0xb1, 0xa6, 0xc4, 0xcf, 0xef, 0x40, 0x31, 0x0c, 0xfd, 0x08,
  0x42, 0x09, 0x34, 0xf2, 0x1a, 0x8f, 0x81, 0x1d, 0xe5, 0xad, 0x2f, 0x0a,
  0xfd, 0x33, 0xd0, 0x07, 0xbb, 0x07, 0x08, 0xc4, 0xb3, 0x0b, 0x2c, 0x1f,
  0x19, 0xe0, 0xee, 0xda, 0x43, 0xd7, 0xdc, 0x00, 0x0f, 0xc4, 0x18, 0x04,
  0xec, 0x14, 0x13, 0x1d, 0xf8, 0x7f, 0xe6, 0xb3, 0xec, 0x1a, 0x13, 0xf4,
  0x05, 0xe3, 0xf0, 0xfa, 0xcd, 0xfd, 0xd4, 0xea, 0xfa, 0x16, 0x32, 0x02,
  0xf1, 0xd4, 0xfd, 0xe7, 0xfd, 0x0e, 0xf3, 0x00, 0xcc, 0xe6, 0x2b, 0x0f,
  0xf8, 0x1d, 0xf8, 0x0d, 0xf8, 0x11, 0xf0, 0xde, 0xd0, 0xe9, 0xf9, 0x38,
  0x0f, 0x06, 0x53, 0x1e, 0xd3, 0x17, 0xfc, 0xf8, 0xdf, 0xc5, 0xdf, 0xd7,
  0xe3, 0xd0, 0xe6, 0x04, 0x01, 0x05, 0x06, 0x22, 0xdf, 0xd1, 0x79, 0x31,
  0x81, 0xcf, 0xbd, 0x14, 0x05, 0x1e, 0x06, 0x27, 0x24, 0x45, 0x0d, 0x18,
  0xf4, 0xe5, 0xb9, 0xfd, 0xf6, 0xd4, 0xe7, 0xe7, 0xe3, 0xf9, 0xe7, 0xf2,
  0xbe, 0x05, 0x45, 0xec, 0xee, 0x17, 0xc5, 0x54, 0xe2, 0xec, 0x3f, 0xa6,
  0x33, 0xdf, 0xe6, 0x72, 0xd0, 0x10, 0x04, 0xb5, 0x7f, 0xb2, 0x14, 0x07,
  0x5d, 0x72, 0xa0, 0x1f, 0x9a, 0xcd, 0x5a, 0xd1, 0xc7, 0x48, 0xd0, 0x4b,
  0x3a, 0xf9, 0x32, 0xc1, 0x15, 0x08, 0xf1, 0xf3, 0xf6, 0xfa, 0xef, 0x10,
  0xf6, 0xeb, 0x64, 0x02, 0xef, 0xf9, 0xf6, 0xfd, 0x13, 0xfa, 0x1b, 0x19,
  0x32, 0xcc, 0xeb, 0x02, 0x1a, 0xf0, 0xb5, 0xf2, 0xee, 0x10, 0xae, 0xf7,
  0xe5, 0x09, 0x3a, 0x15, 0xbd, 0xf4, 0xee, 0x71, 0xea, 0xfa, 0xfb, 0x1b,
  0x11, 0xf5, 0xd9, 0x1f, 0xf7, 0x16, 0x81, 0x1a, 0xb7, 0xbb, 0xc9, 0x2c,
  0xf4, 0xd4, 0x26, 0x19, 0x29, 0xa0, 0x3d, 0x17, 0x22, 0x13, 0xcf, 0xf4,
  0xb0, 0xfb, 0xfa, 0x37, 0xa8, 0xd9, 0xfd, 0xce, 0xe2, 0x1b, 0xd4, 0x06,
  0x26, 0x52, 0x25, 0xb8, 0xba, 0xe8, 0x18, 0x14, 0x60, 0x66, 0x1a, 0x7f,
  0xfd, 0x14, 0xe6, 0x73, 0x7d, 0xe9, 0x05, 0x0d, 0x2b, 0x10, 0xfd, 0x06,
  0x1a, 0xcf, 0xce, 0x11, 0x04, 0x0b, 0xe2, 0x29, 0xeb, 0xa7, 0xb3, 0xf9,
  0xea, 0xed, 0xbe, 0xe6, 0xf2, 0x32, 0x38, 0xe6, 0x44, 0xf6, 0xe9, 0x14,
  0xe8, 0xea, 0xb7, 0xdf, 0x04, 0x11, 0xe1, 0xf2, 0xd9, 0x32, 0xb2, 0x03,
  0x81, 0xf1, 0x1c, 0x42, 0x25, 0x15, 0xe8, 0x20, 0xfa, 0xee, 0xa7, 0x3e,
  0xbb, 0xd2, 0x23, 0x03, 0x7f, 0x1c, 0xf2, 0x13, 0xe5, 0x51, 0x21, 0x5c,
  0xf6, 0x1f, 0xf9, 0x1c, 0xf6, 0x11, 0xf0, 0xfb, 0x15, 0xd4, 0x1b, 0x30,
  0x34, 0xe9, 0x9f, 0x41, 0x2e, 0x1d, 0xe0, 0xc6, 0xf7, 0x2b, 0xfe, 0x60,
  0x0f, 0x48, 0x60, 0xcb, 0x45, 0x45, 0xa3, 0x0d, 0xf5, 0xd3, 0xd3, 0x0c,
  0xfe, 0x00, 0x2f, 0xe6, 0x0f, 0x37, 0xe9, 0x17, 0x40, 0x30, 0xeb, 0xe6,
  0x12, 0x18, 0x3b, 0x2d, 0x11, 0xde, 0xd9, 0x10, 0x23, 0x55, 0x04, 0x81,
  0x4e, 0x18, 0xc2, 0xe5, 0x1d, 0xee, 0x08, 0x06, 0xfa, 0xe9, 0xd0, 0xe7,
  0xd4, 0xf9, 0xec, 0x49, 0x11, 0xd7, 0x50, 0xe0, 0xe5, 0xee, 0xda, 0x09,
  0x81, 0x22, 0x19, 0x1d, 0xe3, 0x2c, 0x05, 0x1e, 0xfb, 0x2d, 0xaf, 0x57,
  0xa3, 0x88, 0xed, 0xe0, 0x1a, 0xd6, 0x13, 0xe0, 0x09, 0x0d, 0x32, 0xda,
  0x3e, 0x04, 0xf3, 0x04, 0x5e, 0x1f, 0x35, 0xd3, 0xb3, 0x08, 0x31, 0x1e,
  0x18, 0xc8, 0x3c, 0x68, 0x2b, 0x24, 0x00, 0x16, 0xce, 0xbc, 0x06, 0xed,
  0x03, 0xfa, 0x67, 0xd7, 0xd1, 0xf1, 0xe7, 0xd4, 0x25, 0xe5, 0xf3, 0x1f,
  0x0c, 0xc1, 0x23, 0x0f, 0xee, 0xfd, 0x93, 0xd9, 0x21, 0x07, 0x81, 0x33,
  0xf9, 0xfb, 0x68, 0xf7, 0x01, 0x17, 0xf7, 0x73, 0xe8, 0xcd, 0x17, 0x18,
  0x20, 0x54, 0xdc, 0x22, 0xeb, 0x46, 0xbb, 0x2b, 0x28, 0xd4, 0x0f, 0x49,
  0xf0, 0xd9, 0x3a, 0x1b, 0xdf, 0xf4, 0xe9, 0xf7, 0x0e, 0x05, 0xe6, 0x3e,
  0x81, 0x19, 0x3f, 0xf3, 0x0b, 0x2f, 0xca, 0x34, 0x16, 0x14, 0x20, 0xda,
  0xf2, 0xc1, 0xd0, 0xf6, 0x48, 0x5f, 0xcd, 0xdb, 0xd9, 0xea, 0x65, 0x1e,
  0xf1, 0xde, 0x2a, 0x0b, 0xcf, 0x74, 0x4b, 0x8c, 0xc8, 0xf6, 0xe2, 0x41,
  0xf3, 0xe0, 0xdd, 0xd3, 0xa5, 0xf6, 0xce, 0x03, 0x08, 0xd2, 0xef, 0xcb,
  0x04, 0xe0, 0x7f, 0x60, 0x16, 0xef, 0xa2, 0xcd, 0x0f, 0xce, 0x1c, 0x18,
  0xb0, 0x29, 0xe7, 0x4b, 0x85, 0xed, 0xea, 0x1f, 0xcf, 0x13, 0xc9, 0x35,
  0x0a, 0x0f, 0x0b, 0x10, 0x35, 0xf7, 0x08, 0xb6, 0xca, 0xdb, 0xc8, 0x19,
  0xcf, 0x9d, 0x49, 0xbf, 0xfe, 0xf2, 0x03, 0x2b, 0x26, 0xd7, 0xec, 0x2b,
  0xdc, 0x33, 0xfe, 0x13, 0xf1, 0xea, 0xcc, 0xd5, 0xf9, 0xe9, 0x09, 0x0a,
  0x24, 0xfd, 0xfc, 0xe8, 0x43, 0x12, 0xe6, 0xf1, 0x03, 0xe5, 0x17, 0xfc,
  0xd4, 0xf9, 0x54, 0xbe, 0x7f, 0x26, 0xc4, 0xe6, 0x57, 0xb7, 0xcc, 0x4c,
  0xed, 0x2e, 0xcb, 0xef, 0x5a, 0xba, 0xd1, 0xc3, 0xf8, 0x17, 0xb0, 0xa6,
  0x21, 0x1e, 0x36, 0x73, 0xc0, 0xd9, 0x81, 0x3d, 0x1f, 0x09, 0x0b, 0xcc,
  0x33, 0x33, 0xd9, 0x20, 0xea, 0x04, 0xfd, 0xf1, 0x14, 0x6c, 0xf3, 0x24,
  0xb4, 0x1b, 0x45, 0xe3, 0x3d, 0x5f, 0xb3, 0xc7, 0x72, 0xfd, 0xff, 0xeb,
  0xfb, 0xed, 0xec, 0xe4, 0xfa, 0x28, 0x08, 0xe1, 0x01, 0x07, 0xdb, 0xc0,
  0xce, 0x05, 0x30, 0x09, 0xdc, 0xf0, 0xfa, 0x81, 0x39, 0x1d, 0x10, 0xd1,
  0xde, 0x36, 0xe6, 0xea, 0xab, 0x03, 0x22, 0xe6, 0x0b, 0xe5, 0x1e, 0xec,
  0x05, 0x41, 0xee, 0x19, 0x1a, 0x19, 0xf7, 0x5e, 0xdb, 0xda, 0xf7, 0x27,
  0xcf, 0x1f, 0xcd, 0x0a, 0x21, 0x4d, 0x7f, 0x81, 0x2e, 0x96, 0x0d, 0xe9,
  0x90, 0xeb, 0x10, 0xf6, 0xc4, 0xe9, 0x23, 0xd3, 0x50, 0x41, 0x00, 0xf9,
  0xb8, 0xf9, 0xd8, 0x06, 0xb6, 0xc6, 0x12, 0x07, 0x63, 0x72, 0x25, 0xf3,
  0xf5, 0x41, 0xdb, 0x31, 0x32, 0x4c, 0x20, 0x2c, 0x09, 0xe1, 0xd2, 0xe5,
  0xfd, 0x19, 0x43, 0xf0, 0x09, 0x38, 0xd8, 0x13, 0xe2, 0xeb, 0xa4, 0xc0,
  0x0d, 0xf7, 0xed, 0x7f, 0xb5, 0xc3, 0xf8, 0xb1, 0x76, 0x09, 0xe5, 0x1d,
  0x38, 0x4a, 0xfa, 0xef, 0xdb, 0xc3, 0x1e, 0xf6, 0xc8, 0xea, 0xe2, 0x26,
  0x43, 0x1e, 0x18, 0xfe, 0x33, 0x15, 0x39, 0x0f, 0x07, 0xd7, 0x14, 0xf7,
  0x27, 0x22, 0xfe, 0xfc, 0x3e, 0x46, 0x28, 0x81, 0x00, 0x0c, 0xfa, 0xf9,
  0x31, 0x31, 0xdb, 0x27, 0xe7, 0xf1, 0x4e, 0xef, 0x37, 0xed, 0x2c, 0xd9,
  0xf9, 0x1a, 0x03, 0xf2, 0x8a, 0xf2, 0xfc, 0xd5, 0x2c, 0x26, 0x2d, 0x1a,
  0x1c, 0xf2, 0x23, 0xf7, 0xfd, 0xed, 0x0d, 0xdd, 0x53, 0xfe, 0x0a, 0x1e,
  0x04, 0xf5, 0x1b, 0xe7, 0x10, 0x1e, 0xf7, 0xd1, 0xfb, 0x15, 0x16, 0xca,
  0x16, 0xf4, 0x3b, 0xf5, 0xe7, 0x20, 0xfb, 0x81, 0x13, 0x10, 0x2e, 0xdf,
  0xe0, 0x03, 0xed, 0x05, 0xc2, 0xea, 0x26, 0xf3, 0xfc, 0xb9, 0x2b, 0xfa,
  0x1b, 0x18, 0xf1, 0x31, 0x12, 0xf7, 0xfe, 0x6c, 0xe8, 0x0b, 0x10, 0xc0,
  0x81, 0xfa, 0x2e, 0xfc, 0xfb, 0x05, 0xda, 0xcb, 0xfc, 0x02, 0xa7, 0x0b,
  0xa9, 0xf1, 0xed, 0xde, 0xc8, 0xee, 0xb5, 0x58, 0xe4, 0xec, 0x47, 0xe0,
  0xfa, 0x06, 0xe4, 0x00, 0xa4, 0x7b, 0x06, 0x58, 0xff, 0x85, 0x43, 0x37,
  0xd5, 0xdf, 0xc3, 0x00, 0xe1, 0x08, 0x3d, 0xfd, 0xef, 0xde, 0xd6, 0xd8,
  0x0d, 0xf0, 0x7f, 0x1a, 0x0d, 0xeb, 0xb8, 0xf5, 0x1e, 0xf9, 0x32, 0xbc,
  0x46, 0xa9, 0xb7, 0x5d, 0x2a, 0x0a, 0x34, 0x2f, 0x0d, 0x0d, 0x1d, 0x43,
  0xc2, 0xc0, 0x03, 0x10, 0xce, 0xe9, 0x47, 0x74, 0xff, 0xff, 0x26, 0x69,
  0xdd, 0x09, 0xc2, 0x39, 0x03, 0xdf, 0xae, 0x01, 0x1a, 0x18, 0xdf, 0xe5,
  0x40, 0xb2, 0xce, 0x81, 0xfd, 0xdf, 0x3f, 0x15, 0x29, 0x29, 0x11, 0x1e,
  0x4a, 0xf3, 0x0c, 0xf3, 0x1b, 0x37, 0x13, 0x19, 0x0c, 0x04, 0x7e, 0xfc,
  0x12, 0xcb, 0xe0, 0x23, 0x35, 0x17, 0xef, 0xfd, 0xff, 0x03, 0xed, 0x17,
  0xfb, 0x13, 0xba, 0xdd, 0xf1, 0xd6, 0xdd, 0xeb, 0xf2, 0x1a, 0x81, 0xf9,
  0xe4, 0xec, 0x22, 0xe9, 0xd0, 0xf5, 0xed, 0xee, 0x09, 0x22, 0xf7, 0xfa,
  0xe3, 0xef, 0xc2, 0x53, 0xcf, 0x20, 0x02, 0xc5, 0xfb, 0xc9, 0x0f, 0x23,
  0x6f, 0x10, 0x0e, 0x25, 0x0c, 0xe3, 0xfc, 0x12, 0xe5, 0xfe, 0x1d, 0x6a,
  0x08, 0x06, 0x00, 0x24, 0x54, 0x07, 0x36, 0x10, 0xfd, 0x00, 0xd7, 0xf8,
  0x39, 0xfe, 0x5b, 0xeb, 0x04, 0xfe, 0x04, 0x10, 0x12, 0xdf, 0x00, 0xf6,
  0xdf, 0xde, 0xee, 0x2f, 0xe2, 0x1f, 0x2d, 0x12, 0xe8, 0xe0, 0x28, 0xe7,
  0x3d, 0x04, 0xc4, 0x0e, 0xb1, 0x02, 0xef, 0x22, 0xda, 0x2d, 0x06, 0x7f,
  0xc9, 0x0c, 0xb3, 0x0a, 0x4a, 0xe2, 0x0f, 0x00, 0xe2, 0x16, 0xce, 0xf6,
  0x81, 0xd1, 0x1f, 0x2c, 0xb6, 0xd5, 0x09, 0x08, 0x37, 0xe9, 0xbd, 0x3a,
  0xd0, 0xcc, 0xf1, 0xbe, 0x14, 0x0b, 0x1b, 0xb5, 0xf9, 0x00, 0xed, 0xea,
  0x10, 0x04, 0x0e, 0xdb, 0x51, 0x0e, 0xfb, 0x1c, 0xfc, 0xeb, 0x40, 0xf3,
  0x20, 0xd4, 0x1a, 0x0f, 0x38, 0xe0, 0x32, 0x0a, 0x3c, 0x3b, 0xc4, 0xce,
  0xbd, 0xd5, 0x19, 0x3f, 0x78, 0x8b, 0x16, 0x22, 0x1e, 0x11, 0x81, 0xef,
  0xe7, 0x2b, 0x0e, 0x42, 0x95, 0xaf, 0xfd, 0x05, 0xeb, 0xfc, 0xfe, 0x3a,
  0x12, 0x4e, 0xed, 0x57, 0xd6, 0xe6, 0xd8, 0xcf, 0x38, 0x0c, 0xc8, 0x48,
  0xda, 0x26, 0x50, 0xd4, 0x11, 0x01, 0x29, 0x05, 0xe8, 0xb0, 0xef, 0x10,
  0xc8, 0xc8, 0x0b, 0xd4, 0xfc, 0xe6, 0xaf, 0x11, 0x21, 0x01, 0xeb, 0xc6,
  0x22, 0xf7, 0x2b, 0x65, 0xde, 0x1a, 0xed, 0xd6, 0x7f, 0x63, 0xa2, 0x1f,
  0xf8, 0xf6, 0x2b, 0x4a, 0xbc, 0x2c, 0x25, 0xf1, 0x8c, 0xff, 0xfb, 0xfa,
  0x0f, 0x1d, 0x07, 0xf8, 0xe7, 0x32, 0xb4, 0xc7, 0x47, 0xfc, 0x1e, 0x6c,
  0x41, 0xe3, 0x02, 0x08, 0xce, 0x0d, 0xda, 0x19, 0x42, 0xf8, 0xf8, 0x2a,
  0x7f, 0x84, 0xb1, 0xb5, 0x1b, 0xf8, 0x23, 0xd3, 0xd3, 0xe8, 0xe5, 0x2a,
  0x00, 0xd4, 0x0e, 0xde, 0x14, 0x29, 0xf3, 0xf5, 0xe6, 0x09, 0x9a, 0xf7,
  0xc1, 0xec, 0xc2, 0x65, 0xcd, 0x28, 0xc1, 0x10, 0x7f, 0xc7, 0xf1, 0x1f,
  0xc6, 0xec, 0xe2, 0x05, 0xfe, 0xd8, 0x0f, 0xf8, 0x4a, 0x19, 0xfb, 0x0f,
  0xb6, 0x53, 0x4e, 0x12, 0x02, 0x03, 0xa5, 0x71, 0x22, 0x0a, 0x03, 0xac,
  0x3d, 0xed, 0x22, 0xd1, 0x09, 0x39, 0xee, 0xe5, 0xfa, 0x2f, 0x46, 0x0c,
  0xdc, 0xef, 0x4c, 0x1b, 0x15, 0x71, 0xdd, 0xaa, 0xfd, 0xdd, 0x20, 0x01,
  0xe3, 0x1f, 0x29, 0xf8, 0x13, 0x38, 0xf9, 0x81, 0xc1, 0x27, 0x09, 0xcd,
  0x20, 0xfd, 0x18, 0x1f, 0xe9, 0x0e, 0xf5, 0x15, 0x0f, 0x06, 0x16, 0xd1,
  0xe1, 0xf3, 0xeb, 0x02, 0xa2, 0xea, 0x1b, 0xe1, 0xd5, 0xce, 0x3c, 0xe6,
  0xdf, 0xec, 0x11, 0x1a, 0x0e, 0xf7, 0x40, 0xc1, 0x63, 0xe6, 0x0c, 0xef,
  0x08, 0xe9, 0xc7, 0xd9, 0xe1, 0xe4, 0xf9, 0x1e, 0xce, 0x08, 0xdf, 0xfe,
  0x51, 0xa4, 0xbb, 0x27, 0x26, 0x31, 0x2b, 0x1a, 0xfc, 0xf4, 0xc2, 0x19,
  0x10, 0xf8, 0xf6, 0x0b, 0x2e, 0xdf, 0xf5, 0x0d, 0xaf, 0x4a, 0x84, 0x07,
  0xda, 0xe4, 0x0f, 0xe2, 0xe2, 0xfa, 0xce, 0x7f, 0x23, 0xf8, 0x05, 0x01,
  0xfc, 0x02, 0xe9, 0xfc, 0xe3, 0x0e, 0x11, 0xd6, 0xf4, 0x0c, 0x03, 0xfc,
  0xb5, 0x9b, 0xc8, 0xd0, 0x08, 0x1b, 0xd3, 0xb8, 0x0b, 0x24, 0x22, 0xf7,
  0x2e, 0x0a, 0xf0, 0xfe, 0x43, 0x1c, 0xf8, 0x31, 0xd9, 0x32, 0x4c, 0x09,
  0x01, 0x12, 0xf5, 0xf6, 0xf0, 0xde, 0xfb, 0x7f, 0xfc, 0xe6, 0x2c, 0xfc,
  0x01, 0x32, 0xf7, 0x03, 0x05, 0x30, 0xf4, 0x81, 0xd9, 0x1e, 0xd7, 0xd1,
  0x01, 0x2f, 0xd3, 0x2d, 0xda, 0xfd, 0x18, 0xd4, 0x47, 0xe6, 0xab, 0xf9,
  0x2d, 0x0e, 0xff, 0xfa, 0xde, 0xf8, 0x18, 0xd2, 0xb5, 0xe4, 0x23, 0xda,
  0xfc, 0xf8, 0x3d, 0xf4, 0xea, 0xfa, 0x20, 0x06, 0xe0, 0x18, 0x3a, 0xb0,
  0xe3, 0x26, 0x1d, 0xdf, 0xdc, 0xa5, 0xff, 0x9b, 0xa5, 0x1a, 0x92, 0xae,
  0x9b, 0x1a, 0xef, 0x46, 0xf5, 0xc3, 0x3b, 0x7c, 0xf2, 0xda, 0x19, 0xd0,
  0xba, 0x09, 0x81, 0x06, 0x9c, 0x5c, 0xff, 0xfc, 0xe6, 0xcf, 0x16, 0xc7,
  0xfb, 0xac, 0xd1, 0x0e, 0x0c, 0xf5, 0x46, 0xef, 0x41, 0xfb, 0xde, 0xe6,
  0xba, 0xf6, 0x37, 0xda, 0x07, 0xde, 0xb7, 0xf3, 0x2f, 0xef, 0xe9, 0xc2,
  0x5b, 0xf3, 0xfa, 0x1c, 0x8d, 0x1e, 0xf8, 0x22, 0x0d, 0x4a, 0x25, 0xe7,
  0x0d, 0xe9, 0x98, 0xf8, 0x05, 0x5b, 0xbb, 0x7f, 0xf4, 0xc9, 0x1c, 0x51,
  0xe3, 0xf6, 0x39, 0x34, 0xfc, 0x21, 0x46, 0x1b, 0xd1, 0xa8, 0xcb, 0xe2,
  0xf4, 0x07, 0x0c, 0xd2, 0x9d, 0xf6, 0xab, 0xe5, 0x1b, 0x0d, 0xe5, 0x25,
  0x0f, 0xc1, 0x2d, 0x6e, 0xeb, 0x5a, 0xb6, 0x95, 0x40, 0x11, 0x81, 0x41,
  0xdc, 0x52, 0x13, 0x6d, 0x9a, 0xee, 0xc8, 0x1a, 0xd8, 0x0b, 0x26, 0x06,
  0x44, 0x2c, 0x11, 0x08, 0x0a, 0x1d, 0xcb, 0xcc, 0x2e, 0xfa, 0xff, 0xff,
  0x04, 0x00, 0x00, 0x00, 0x00, 0x01, 0x00, 0x00, 0xa1, 0x18, 0x00, 0x00,
  0x3b, 0x07, 0x00, 0x00, 0xa4, 0xfc, 0xff, 0xff, 0x80, 0x0a, 0x00, 0x00,
  0x2d, 0x22, 0x00, 0x00, 0x85, 0x0a, 0x00, 0x00, 0xc0, 0xec, 0xff, 0xff,
  0xc9, 0xfc, 0xff, 0xff, 0x5a, 0x02, 0x00, 0x00, 0xe6, 0xfc, 0xff, 0xff,
  0x0f, 0xf5, 0xff, 0xff, 0x0e, 0xdc, 0xff, 0xff, 0xd1, 0xee, 0xff, 0xff,
  0x8d, 0x03, 0x00, 0x00, 0xa2, 0x00, 0x00, 0x00, 0x61, 0x0e, 0x00, 0x00,
  0x0a, 0x09, 0x00, 0x00, 0x02, 0xfd, 0xff, 0xff, 0x4c, 0x14, 0x00, 0x00,
  0x60, 0x04, 0x00, 0x00, 0x88, 0x14, 0x00, 0x00, 0x3d, 0x00, 0x00, 0x00,
  0xb3, 0x0c, 0x00, 0x00, 0x15, 0xf4, 0xff, 0xff, 0xe3, 0x04, 0x00, 0x00,
  0x86, 0xe9, 0xff, 0xff, 0xed, 0xff, 0xff, 0xff, 0x32, 0xef, 0xff, 0xff,
  0x78, 0xf2, 0xff, 0xff, 0x22, 0xee, 0xff, 0xff, 0x90, 0x1b, 0x00, 0x00,
  0xff, 0x06, 0x00, 0x00, 0xaf, 0x19, 0x00, 0x00, 0xb1, 0x05, 0x00, 0x00,
  0xe2, 0x0d, 0x00, 0x00, 0x99, 0x02, 0x00, 0x00, 0x76, 0x02, 0x00, 0x00,
  0x34, 0x0a, 0x00, 0x00, 0x21, 0xe9, 0xff, 0xff, 0xa7, 0x0f, 0x00, 0x00,
  0x3b, 0x0c, 0x00, 0x00, 0x5e, 0x10, 0x00, 0x00, 0x51, 0x09, 0x00, 0x00,
  0xce, 0xfc, 0xff, 0xff, 0x21, 0x1d, 0x00, 0x00, 0x07, 0xe4, 0xff, 0xff,
  0x9c, 0x00, 0x00, 0x00, 0xf1, 0xec, 0xff, 0xff, 0xeb, 0x0d, 0x00, 0x00,
  0x48, 0xe3, 0xff, 0xff, 0x1e, 0x0f, 0x00, 0x00, 0x42, 0x0e, 0x00, 0x00,
  0xb8, 0xf8, 0xff, 0xff, 0x4e, 0x1d, 0x00, 0x00, 0xc1, 0x11, 0x00, 0x00,
  0xcb, 0xf5, 0xff, 0xff, 0x66, 0xf2, 0xff, 0xff, 0xc6, 0xe8, 0xff, 0xff,
  0x58, 0x05, 0x00, 0x00, 0x67, 0xed, 0xff, 0xff, 0x81, 0xeb, 0xff, 0xff,
  0x0e, 0xe1, 0xff, 0xff, 0x8e, 0x0f, 0x00, 0x00, 0x3a, 0x09, 0x00, 0x00,
  0x3a, 0xfb, 0xff, 0xff, 0x04, 0x00, 0x00, 0x00, 0x80, 0x02, 0x00, 0x00,
  0xf8, 0x13, 0xea, 0x1d, 0xf1, 0xe5, 0xf6, 0xba, 0x11, 0xfc, 0x2d, 0xf3,
  0x26, 0x1c, 0x19, 0xf8, 0xf3, 0x02, 0x04, 0x05, 0xf6, 0x1e, 0xdd, 0x14,
  0x0c, 0x0d, 0x21, 0x2b, 0x0c, 0x03, 0x03, 0xf2, 0xfd, 0x81, 0x08, 0x26,
  0x12, 0xf7, 0x20, 0xdd, 0x17, 0x12, 0x05, 0xe0, 0xf4, 0xf8, 0x0b, 0x03,
  0xef, 0x1d, 0x14, 0xf7, 0x37, 0x07, 0xe0, 0xda, 0x22, 0xf8, 0xe3, 0x09,
  0x02, 0xf5, 0xf5, 0xe2, 0x01, 0x16, 0xe4, 0x09, 0xf1, 0xf7, 0xf9, 0xd8,
  0x0b, 0xea, 0x0d, 0xfa, 0x09, 0x0c, 0x00, 0xfe, 0xf7, 0x0e, 0x03, 0x06,
  0xf6, 0x0c, 0xeb, 0x00, 0xfc, 0x0c, 0x02, 0x00, 0x06, 0x05, 0xed, 0xf3,
  0xef, 0xe0, 0x04, 0x07, 0x04, 0xf3, 0x0b, 0xff, 0xfb, 0x15, 0x0c, 0x06,
  0xef, 0x01, 0xf6, 0x04, 0xeb, 0x02, 0xf1, 0xf4, 0x14, 0x01, 0xef, 0xee,
  0x0a, 0xff, 0xe1, 0x06, 0xf3, 0x05, 0xfe, 0xe9, 0x00, 0xb8, 0xb8, 0x40,
  0x2d, 0x29, 0x19, 0xe4, 0x81, 0x36, 0x35, 0xdc, 0x40, 0xe5, 0xe5, 0xd4,
  0xda, 0x0b, 0x3b, 0xa9, 0xbb, 0xd2, 0x36, 0xc4, 0xd1, 0x2f, 0xec, 0x28,
  0x1b, 0xb7, 0x55, 0xc9, 0x4d, 0xf8, 0xd3, 0x6c, 0xce, 0xd6, 0xc0, 0x3b,
  0xd8, 0x24, 0x12, 0x0e, 0x4f, 0xff, 0x11, 0xe8, 0xe6, 0xa7, 0x0f, 0x0b,
  0xc8, 0x24, 0x41, 0xbf, 0x29, 0xfe, 0x00, 0xbf, 0x28, 0x10, 0xd6, 0x3a,
  0x20, 0xef, 0xd5, 0x09, 0x08, 0x2a, 0x05, 0xc4, 0xec, 0x01, 0x02, 0xef,
  0x11, 0xfb, 0xcc, 0xf7, 0xe5, 0x13, 0x1c, 0xea, 0xd3, 0xfd, 0x15, 0xe5,
  0xce, 0x15, 0xe6, 0xf7, 0x0c, 0xf7, 0x0d, 0xec, 0x0a, 0xf1, 0xdb, 0x0c,
  0xcf, 0xe3, 0xf6, 0x17, 0xbe, 0x23, 0x13, 0x1c, 0x01, 0x11, 0xe3, 0x06,
  0xeb, 0xd5, 0xd6, 0xf9, 0xfc, 0xfb, 0x11, 0xe8, 0x09, 0x06, 0xfb, 0xee,
  0xf0, 0x17, 0x08, 0x0e, 0x14, 0xa1, 0xee, 0x35, 0xdf, 0xe6, 0xed, 0x06,
  0xb0, 0x0c, 0xcb, 0xe8, 0x00, 0x28, 0x29, 0x13, 0x17, 0xe3, 0x32, 0x9b,
  0x17, 0xe1, 0x0e, 0x1b, 0x22, 0xd2, 0x81, 0xf2, 0x10, 0xfb, 0x38, 0x09,
  0x35, 0x00, 0x1b, 0xdb, 0x1a, 0xf8, 0xe7, 0xb3, 0x20, 0x25, 0xbc, 0xe6,
  0x3a, 0xf2, 0xdb, 0xfd, 0x16, 0xca, 0x2d, 0x2d, 0x10, 0x2b, 0xdd, 0x19,
  0xda, 0xf0, 0xf7, 0xc0, 0x03, 0xf4, 0x11, 0xfe, 0x0f, 0xf4, 0x0d, 0x00,
  0xf2, 0x0d, 0xf4, 0xfb, 0x00, 0x07, 0xe7, 0xf7, 0xfb, 0xfe, 0xfa, 0x04,
  0x0f, 0xfd, 0x09, 0xf0, 0xf4, 0xf8, 0xf8, 0xfc, 0xf4, 0xf9, 0xce, 0xe4,
  0x06, 0x03, 0xfd, 0x09, 0xf1, 0x16, 0x00, 0xe7, 0xfc, 0xf8, 0xf7, 0xe8,
  0xf0, 0x07, 0xf6, 0x08, 0xed, 0x06, 0xdf, 0x01, 0x01, 0xef, 0xf5, 0x07,
  0xf6, 0x00, 0xef, 0x18, 0xed, 0xff, 0xfd, 0xee, 0xef, 0x05, 0x06, 0xe8,
  0xce, 0x2f, 0x00, 0xb4, 0x10, 0x22, 0xf2, 0x3b, 0x5f, 0x18, 0xae, 0xeb,
  0x07, 0xa9, 0xea, 0xde, 0xf9, 0xdf, 0xe8, 0x56, 0x01, 0xc1, 0xfc, 0x1a,
  0xe0, 0x29, 0x7f, 0x11, 0x0d, 0x1f, 0xdf, 0x03, 0xdf, 0x25, 0xbd, 0xfd,
  0x03, 0x0b, 0xdc, 0x30, 0xec, 0xaf, 0xb3, 0xdf, 0xcd, 0xe9, 0xd1, 0xfd,
  0xfd, 0x62, 0xf2, 0xf8, 0xe5, 0xce, 0xfe, 0x12, 0xd3, 0xf3, 0xfd, 0x2c,
  0x00, 0xf4, 0xcb, 0x07, 0x17, 0x12, 0x00, 0xf0, 0x06, 0x1e, 0xf8, 0x0d,
  0x23, 0x08, 0xeb, 0xf6, 0x06, 0xf6, 0xf8, 0x03, 0x0a, 0xfd, 0x0d, 0x17,
  0xfe, 0xf7, 0x0c, 0x06, 0x01, 0x0c, 0x11, 0xf6, 0x05, 0x1a, 0x02, 0x15,
  0x02, 0x18, 0xf9, 0x01, 0x00, 0x0e, 0xfa, 0x11, 0xf9, 0xff, 0xf5, 0x06,
  0xf6, 0x01, 0xe3, 0xff, 0x0f, 0x0d, 0x02, 0x24, 0x0b, 0xec, 0x08, 0x06,
  0xf0, 0xfe, 0xfe, 0xfe, 0xf3, 0x02, 0x00, 0x12, 0xe1, 0x14, 0xf7, 0xcc,
  0x14, 0x0e, 0x07, 0x00, 0xb3, 0xbc, 0x19, 0x07, 0xdf, 0x0a, 0xee, 0x13,
  0x11, 0xfb, 0xf1, 0xd6, 0xe9, 0x36, 0xec, 0xcd, 0xd9, 0xb6, 0xe5, 0xb9,
  0x1e, 0xe3, 0xf6, 0xff, 0xf9, 0xd5, 0xe2, 0xcd, 0xff, 0x06, 0x10, 0xca,
  0xf2, 0xfe, 0x02, 0x0c, 0x05, 0x0d, 0x01, 0x1f, 0x17, 0x81, 0x11, 0x19,
  0xe1, 0xe1, 0x11, 0xff, 0x19, 0x07, 0xee, 0x21, 0x17, 0x0b, 0x27, 0xf3,
  0x02, 0x14, 0x03, 0xfd, 0x0a, 0x1a, 0x0b, 0xf1, 0x08, 0xe5, 0x06, 0x07,
  0xf7, 0x0c, 0xf5, 0x0e, 0x0f, 0x11, 0xf4, 0x06, 0xf9, 0x0e, 0xfe, 0xe9,
  0xf1, 0xf5, 0xf9, 0xe1, 0x0c, 0x07, 0xf2, 0x0f, 0xf5, 0x01, 0xf6, 0xf4,
  0xfb, 0x0a, 0x0c, 0xfd, 0xfa, 0x16, 0x0e, 0x16, 0xf9, 0x12, 0xf3, 0x12,
  0x0d, 0xdd, 0xee, 0xf4, 0x07, 0xfb, 0x04, 0x0b, 0x0c, 0x0e, 0xfc, 0x07,
  0xff, 0x15, 0x12, 0x00, 0xc6, 0xfd, 0xff, 0xff, 0x04, 0x00, 0x00, 0x00,
  0x14, 0x00, 0x00, 0x00, 0x28, 0x00, 0x00, 0x00, 0x73, 0xfc, 0xff, 0xff,
  0x3a, 0x12, 0x00, 0x00, 0x3f, 0xfb, 0xff, 0xff, 0xb2, 0xf3, 0xff, 0xff,
  0xe6, 0xfd, 0xff, 0xff, 0x04, 0x00, 0x00, 0x00, 0x08, 0x00, 0x00, 0x00,
  0xff, 0xff, 0xff, 0xff, 0x40, 0x00, 0x00, 0x00, 0xfa, 0xfd, 0xff, 0xff,
  0x04, 0x00, 0x00, 0x00, 0x04, 0x00, 0x00, 0x00, 0x01, 0x00, 0x00, 0x00,
  0x0a, 0xfe, 0xff, 0xff, 0x04, 0x00, 0x00, 0x00, 0x0c, 0x00, 0x00, 0x00,
  0x01, 0x00, 0x00, 0x00, 0x0c, 0x00, 0x00, 0x00, 0x40, 0x00, 0x00, 0x00,
  0x22, 0xfe, 0xff, 0xff, 0x04, 0x00, 0x00, 0x00, 0x10, 0x00, 0x00, 0x00,
  0x01, 0x00, 0x00, 0x00, 0x19, 0x00, 0x00, 0x00, 0x01, 0x00, 0x00, 0x00,
  0x40, 0x00, 0x00, 0x00, 0x3e, 0xfe, 0xff, 0xff, 0x04, 0x00, 0x00, 0x00,
  0x10, 0x00, 0x00, 0x00, 0x01, 0x00, 0x00, 0x00, 0x01, 0x00, 0x00, 0x00,
  0x19, 0x00, 0x00, 0x00, 0x30, 0x00, 0x00, 0x00, 0x5a, 0xfe, 0xff, 0xff,
  0x04, 0x00, 0x00, 0x00, 0x10, 0x00, 0x00, 0x00, 0x01, 0x00, 0x00, 0x00,
  0x32, 0x00, 0x00, 0x00, 0x01, 0x00, 0x00, 0x00, 0x30, 0x00, 0x00, 0x00,
  0x76, 0xfe, 0xff, 0xff, 0x04, 0x00, 0x00, 0x00, 0x10, 0x00, 0x00, 0x00,
  0x01, 0x00, 0x00, 0x00, 0x01, 0x00, 0x00, 0x00, 0x32, 0x00, 0x00, 0x00,
  0x20, 0x00, 0x00, 0x00, 0x92, 0xfe, 0xff, 0xff, 0x04, 0x00, 0x00, 0x00,
  0x10, 0x00, 0x00, 0x00, 0x01, 0x00, 0x00, 0x00, 0x64, 0x00, 0x00, 0x00,
  0x01, 0x00, 0x00, 0x00, 0x20, 0x00, 0x00, 0x00, 0xae, 0xfe, 0xff, 0xff,
  0x04, 0x00, 0x00, 0x00, 0x10, 0x00, 0x00, 0x00, 0x01, 0x00, 0x00, 0x00,
  0x01, 0x00, 0x00, 0x00, 0xc8, 0x00, 0x00, 0x00, 0x06, 0x00, 0x00, 0x00,
  0xac, 0xc2, 0xff, 0xff, 0xb0, 0xc2, 0xff, 0xff, 0x0f, 0x00, 0x00, 0x00,
  0x4d, 0x4c, 0x49, 0x52, 0x20, 0x43, 0x6f, 0x6e, 0x76, 0x65, 0x72, 0x74,
  0x65, 0x64, 0x2e, 0x00, 0x01, 0x00, 0x00, 0x00, 0x14, 0x00, 0x00, 0x00,
  0x00, 0x00, 0x0e, 0x00, 0x18, 0x00, 0x14, 0x00, 0x10, 0x00, 0x0c, 0x00,
  0x08, 0x00, 0x04, 0x00, 0x0e, 0x00, 0x00, 0x00, 0x14, 0x00, 0x00, 0x00,
  0x1c, 0x00, 0x00, 0x00, 0x74, 0x05, 0x00, 0x00, 0x78, 0x05, 0x00, 0x00,
  0x7c, 0x05, 0x00, 0x00, 0x04, 0x00, 0x00, 0x00, 0x6d, 0x61, 0x69, 0x6e,
  0x00, 0x00, 0x00, 0x00, 0x17, 0x00, 0x00, 0x00, 0x38, 0x05, 0x00, 0x00,
  0xdc, 0x04, 0x00, 0x00, 0x7c, 0x04, 0x00, 0x00, 0x28, 0x04, 0x00, 0x00,
  0x04, 0x04, 0x00, 0x00, 0xb0, 0x03, 0x00, 0x00, 0x7c, 0x03, 0x00, 0x00,
  0x38, 0x03, 0x00, 0x00, 0xf0, 0x02, 0x00, 0x00, 0xcc, 0x02, 0x00, 0x00,
  0x88, 0x02, 0x00, 0x00, 0x64, 0x02, 0x00, 0x00, 0x20, 0x02, 0x00, 0x00,
  0xd8, 0x01, 0x00, 0x00, 0xb4, 0x01, 0x00, 0x00, 0x70, 0x01, 0x00, 0x00,
  0x4c, 0x01, 0x00, 0x00, 0x18, 0x01, 0x00, 0x00, 0xd4, 0x00, 0x00, 0x00,
  0xb0, 0x00, 0x00, 0x00, 0x70, 0x00, 0x00, 0x00, 0x38, 0x00, 0x00, 0x00,
  0x04, 0x00, 0x00, 0x00, 0x8a, 0xfb, 0xff, 0xff, 0x14, 0x00, 0x00, 0x00,
  0x00, 0x00, 0x00, 0x09, 0x14, 0x00, 0x00, 0x00, 0x18, 0x00, 0x00, 0x00,
  0x07, 0x00, 0x00, 0x00, 0x9a, 0xff, 0xff, 0xff, 0x00, 0x00, 0x80, 0x3f,
  0x01, 0x00, 0x00, 0x00, 0x30, 0x00, 0x00, 0x00, 0x01, 0x00, 0x00, 0x00,
  0x2f, 0x00, 0x00, 0x00, 0xba, 0xfb, 0xff, 0xff, 0x14, 0x00, 0x00, 0x00,
  0x00, 0x00, 0x00, 0x08, 0x10, 0x00, 0x00, 0x00, 0x14, 0x00, 0x00, 0x00,
  0x06, 0x00, 0x00, 0x00, 0xac, 0xc3, 0xff, 0xff, 0x01, 0x00, 0x00, 0x00,
  0x2f, 0x00, 0x00, 0x00, 0x03, 0x00, 0x00, 0x00, 0x2e, 0x00, 0x00, 0x00,
  0x0b, 0x00, 0x00, 0x00, 0x0a, 0x00, 0x00, 0x00, 0x0a, 0xfd, 0xff, 0xff,
  0x1c, 0x00, 0x00, 0x00, 0x00, 0x00, 0x00, 0x0a, 0x1c, 0x00, 0x00, 0x00,
  0x20, 0x00, 0x00, 0x00, 0x05, 0x00, 0x00, 0x00, 0x00, 0x00, 0x06, 0x00,
  0x08, 0x00, 0x04, 0x00, 0x06, 0x00, 0x00, 0x00, 0x01, 0x00, 0x00, 0x00,
  0x01, 0x00, 0x00, 0x00, 0x2e, 0x00, 0x00, 0x00, 0x02, 0x00, 0x00, 0x00,
  0x2b, 0x00, 0x00, 0x00, 0x2d, 0x00, 0x00, 0x00, 0xce, 0xfb, 0xff, 0xff,
  0x08, 0x00, 0x00, 0x00, 0x0c, 0x00, 0x00, 0x00, 0x01, 0x00, 0x00, 0x00,
  0x2d, 0x00, 0x00, 0x00, 0x02, 0x00, 0x00, 0x00, 0x2c, 0x00, 0x00, 0x00,
  0x09, 0x00, 0x00, 0x00, 0x4a, 0xfc, 0xff, 0xff, 0x14, 0x00, 0x00, 0x00,
  0x00, 0x00, 0x00, 0x05, 0x24, 0x00, 0x00, 0x00, 0x28, 0x00, 0x00, 0x00,
  0x03, 0x00, 0x00, 0x00, 0x56, 0xfd, 0xff, 0xff, 0x0c, 0x00, 0x00, 0x00,
  0x01, 0x00, 0x00, 0x00, 0x0c, 0x00, 0x00, 0x00, 0x01, 0x00, 0x00, 0x00,
  0x00, 0x00, 0x00, 0x01, 0x01, 0x00, 0x00, 0x00, 0x2c, 0x00, 0x00, 0x00,
  0x01, 0x00, 0x00, 0x00, 0x29, 0x00, 0x00, 0x00, 0x8a, 0xfc, 0xff, 0xff,
  0x14, 0x00, 0x00, 0x00, 0x00, 0x00, 0x00, 0x1b, 0x10, 0x00, 0x00, 0x00,
  0x14, 0x00, 0x00, 0x00, 0x04, 0x00, 0x00, 0x00, 0x7c, 0xc4, 0xff, 0xff,
  0x01, 0x00, 0x00, 0x00, 0x2b, 0x00, 0x00, 0x00, 0x02, 0x00, 0x00, 0x00,
  0x2a, 0x00, 0x00, 0x00, 0x08, 0x00, 0x00, 0x00, 0x5e, 0xfc, 0xff, 0xff,
  0x08, 0x00, 0x00, 0x00, 0x0c, 0x00, 0x00, 0x00, 0x01, 0x00, 0x00, 0x00,
  0x2a, 0x00, 0x00, 0x00, 0x02, 0x00, 0x00, 0x00, 0x29, 0x00, 0x00, 0x00,
  0x07, 0x00, 0x00, 0x00, 0xda, 0xfc, 0xff, 0xff, 0x14, 0x00, 0x00, 0x00,
  0x00, 0x00, 0x00, 0x05, 0x24, 0x00, 0x00, 0x00, 0x28, 0x00, 0x00, 0x00,
  0x03, 0x00, 0x00, 0x00, 0xe6, 0xfd, 0xff, 0xff, 0x02, 0x00, 0x00, 0x00,
  0x01, 0x00, 0x00, 0x00, 0x02, 0x00, 0x00, 0x00, 0x01, 0x00, 0x00, 0x00,
  0x00, 0x00, 0x00, 0x01, 0x01, 0x00, 0x00, 0x00, 0x29, 0x00, 0x00, 0x00,
  0x01, 0x00, 0x00, 0x00, 0x28, 0x00, 0x00, 0x00, 0xbe, 0xfc, 0xff, 0xff,
  0x08, 0x00, 0x00, 0x00, 0x0c, 0x00, 0x00, 0x00, 0x01, 0x00, 0x00, 0x00,
  0x28, 0x00, 0x00, 0x00, 0x02, 0x00, 0x00, 0x00, 0x27, 0x00, 0x00, 0x00,
  0x06, 0x00, 0x00, 0x00, 0x3a, 0xfd, 0xff, 0xff, 0x14, 0x00, 0x00, 0x00,
  0x00, 0x00, 0x00, 0x01, 0x20, 0x00, 0x00, 0x00, 0x24, 0x00, 0x00, 0x00,
  0x01, 0x00, 0x00, 0x00, 0xd8, 0xfd, 0xff, 0xff, 0x00, 0x00, 0x00, 0x03,
  0x01, 0x00, 0x00, 0x00, 0x01, 0x00, 0x00, 0x00, 0x00, 0x00, 0x00, 0x01,
  0x01, 0x00, 0x00, 0x00, 0x27, 0x00, 0x00, 0x00, 0x03, 0x00, 0x00, 0x00,
  0x26, 0x00, 0x00, 0x00, 0x0d, 0x00, 0x00, 0x00, 0x0c, 0x00, 0x00, 0x00,
  0x7e, 0xfd, 0xff, 0xff, 0x14, 0x00, 0x00, 0x00, 0x00, 0x00, 0x00, 0x02,
  0x1c, 0x00, 0x00, 0x00, 0x20, 0x00, 0x00, 0x00, 0x02, 0x00, 0x00, 0x00,
  0xcc, 0xfd, 0xff, 0xff, 0x01, 0x00, 0x00, 0x00, 0x01, 0x00, 0x00, 0x00,
  0x01, 0x00, 0x00, 0x00, 0x01, 0x00, 0x00, 0x00, 0x26, 0x00, 0x00, 0x00,
  0x03, 0x00, 0x00, 0x00, 0x25, 0x00, 0x00, 0x00, 0x0f, 0x00, 0x00, 0x00,
  0x0e, 0x00, 0x00, 0x00, 0x62, 0xfd, 0xff, 0xff, 0x08, 0x00, 0x00, 0x00,
  0x0c, 0x00, 0x00, 0x00, 0x01, 0x00, 0x00, 0x00, 0x25, 0x00, 0x00, 0x00,
  0x02, 0x00, 0x00, 0x00, 0x24, 0x00, 0x00, 0x00, 0x05, 0x00, 0x00, 0x00,
  0xde, 0xfd, 0xff, 0xff, 0x14, 0x00, 0x00, 0x00, 0x00, 0x00, 0x00, 0x05,
  0x24, 0x00, 0x00, 0x00, 0x28, 0x00, 0x00, 0x00, 0x03, 0x00, 0x00, 0x00,
  0xea, 0xfe, 0xff, 0xff, 0x02, 0x00, 0x00, 0x00, 0x01, 0x00, 0x00, 0x00,
  0x02, 0x00, 0x00, 0x00, 0x01, 0x00, 0x00, 0x00, 0x00, 0x00, 0x00, 0x01,
  0x01, 0x00, 0x00, 0x00, 0x24, 0x00, 0x00, 0x00, 0x01, 0x00, 0x00, 0x00,
  0x23, 0x00, 0x00, 0x00, 0xc2, 0xfd, 0xff, 0xff, 0x08, 0x00, 0x00, 0x00,
  0x0c, 0x00, 0x00, 0x00, 0x01, 0x00, 0x00, 0x00, 0x23, 0x00, 0x00, 0x00,
  0x02, 0x00, 0x00, 0x00, 0x22, 0x00, 0x00, 0x00, 0x04, 0x00, 0x00, 0x00,
  0x3e, 0xfe, 0xff, 0xff, 0x14, 0x00, 0x00, 0x00, 0x00, 0x00, 0x00, 0x01,
  0x20, 0x00, 0x00, 0x00, 0x24, 0x00, 0x00, 0x00, 0x01, 0x00, 0x00, 0x00,
  0xdc, 0xfe, 0xff, 0xff, 0x00, 0x00, 0x00, 0x03, 0x01, 0x00, 0x00, 0x00,
  0x01, 0x00, 0x00, 0x00, 0x00, 0x00, 0x00, 0x01, 0x01, 0x00, 0x00, 0x00,
  0x22, 0x00, 0x00, 0x00, 0x03, 0x00, 0x00, 0x00, 0x21, 0x00, 0x00, 0x00,
  0x11, 0x00, 0x00, 0x00, 0x10, 0x00, 0x00, 0x00, 0x82, 0xfe, 0xff, 0xff,
  0x14, 0x00, 0x00, 0x00, 0x00, 0x00, 0x00, 0x02, 0x1c, 0x00, 0x00, 0x00,
  0x20, 0x00, 0x00, 0x00, 0x02, 0x00, 0x00, 0x00, 0xd0, 0xfe, 0xff, 0xff,
  0x01, 0x00, 0x00, 0x00, 0x01, 0x00, 0x00, 0x00, 0x01, 0x00, 0x00, 0x00,
  0x01, 0x00, 0x00, 0x00, 0x21, 0x00, 0x00, 0x00, 0x03, 0x00, 0x00, 0x00,
  0x20, 0x00, 0x00, 0x00, 0x13, 0x00, 0x00, 0x00, 0x12, 0x00, 0x00, 0x00,
  0x66, 0xfe, 0xff, 0xff, 0x08, 0x00, 0x00, 0x00, 0x0c, 0x00, 0x00, 0x00,
  0x01, 0x00, 0x00, 0x00, 0x20, 0x00, 0x00, 0x00, 0x02, 0x00, 0x00, 0x00,
  0x1f, 0x00, 0x00, 0x00, 0x03, 0x00, 0x00, 0x00, 0x00, 0x00, 0x0e, 0x00,
  0x1a, 0x00, 0x14, 0x00, 0x10, 0x00, 0x0c, 0x00, 0x0b, 0x00, 0x04, 0x00,
  0x0e, 0x00, 0x00, 0x00, 0x24, 0x00, 0x00, 0x00, 0x00, 0x00, 0x00, 0x05,
  0x34, 0x00, 0x00, 0x00, 0x38, 0x00, 0x00, 0x00, 0x03, 0x00, 0x00, 0x00,
  0x00, 0x00, 0x0e, 0x00, 0x18, 0x00, 0x17, 0x00, 0x10, 0x00, 0x0c, 0x00,
  0x08, 0x00, 0x04, 0x00, 0x0e, 0x00, 0x00, 0x00, 0x02, 0x00, 0x00, 0x00,
  0x01, 0x00, 0x00, 0x00, 0x02, 0x00, 0x00, 0x00, 0x01, 0x00, 0x00, 0x00,
  0x00, 0x00, 0x00, 0x01, 0x01, 0x00, 0x00, 0x00, 0x1f, 0x00, 0x00, 0x00,
  0x01, 0x00, 0x00, 0x00, 0x1e, 0x00, 0x00, 0x00, 0xe6, 0xfe, 0xff, 0xff,
  0x08, 0x00, 0x00, 0x00, 0x0c, 0x00, 0x00, 0x00, 0x01, 0x00, 0x00, 0x00,
  0x1e, 0x00, 0x00, 0x00, 0x02, 0x00, 0x00, 0x00, 0x1d, 0x00, 0x00, 0x00,
  0x02, 0x00, 0x00, 0x00, 0x62, 0xff, 0xff, 0xff, 0x20, 0x00, 0x00, 0x00,
  0x00, 0x00, 0x00, 0x01, 0x2c, 0x00, 0x00, 0x00, 0x30, 0x00, 0x00, 0x00,
  0x01, 0x00, 0x00, 0x00, 0x0c, 0x00, 0x14, 0x00, 0x13, 0x00, 0x0c, 0x00,
  0x08, 0x00, 0x07, 0x00, 0x0c, 0x00, 0x00, 0x00, 0x00, 0x00, 0x00, 0x03,
  0x01, 0x00, 0x00, 0x00, 0x01, 0x00, 0x00, 0x00, 0x00, 0x00, 0x00, 0x01,
  0x01, 0x00, 0x00, 0x00, 0x1d, 0x00, 0x00, 0x00, 0x03, 0x00, 0x00, 0x00,
  0x1c, 0x00, 0x00, 0x00, 0x15, 0x00, 0x00, 0x00, 0x14, 0x00, 0x00, 0x00,
  0xb2, 0xff, 0xff, 0xff, 0x20, 0x00, 0x00, 0x00, 0x00, 0x00, 0x00, 0x02,
  0x28, 0x00, 0x00, 0x00, 0x2c, 0x00, 0x00, 0x00, 0x02, 0x00, 0x00, 0x00,
  0x0c, 0x00, 0x10, 0x00, 0x00, 0x00, 0x0c, 0x00, 0x08, 0x00, 0x04, 0x00,
  0x0c, 0x00, 0x00, 0x00, 0x01, 0x00, 0x00, 0x00, 0x01, 0x00, 0x00, 0x00,
  0x01, 0x00, 0x00, 0x00, 0x01, 0x00, 0x00, 0x00, 0x1c, 0x00, 0x00, 0x00,
  0x03, 0x00, 0x00, 0x00, 0x1b, 0x00, 0x00, 0x00, 0x17, 0x00, 0x00, 0x00,
  0x16, 0x00, 0x00, 0x00, 0x00, 0x00, 0x0e, 0x00, 0x18, 0x00, 0x14, 0x00,
  0x10, 0x00, 0x0c, 0x00, 0x0b, 0x00, 0x04, 0x00, 0x0e, 0x00, 0x00, 0x00,
  0x20, 0x00, 0x00, 0x00, 0x00, 0x00, 0x00, 0x01, 0x28, 0x00, 0x00, 0x00,
  0x2c, 0x00, 0x00, 0x00, 0x01, 0x00, 0x00, 0x00, 0x0c, 0x00, 0x10, 0x00,
  0x00, 0x00, 0x0c, 0x00, 0x08, 0x00, 0x07, 0x00, 0x0c, 0x00, 0x00, 0x00,
  0x00, 0x00, 0x00, 0x03, 0x01, 0x00, 0x00, 0x00, 0x02, 0x00, 0x00, 0x00,
  0x01, 0x00, 0x00, 0x00, 0x1b, 0x00, 0x00, 0x00, 0x03, 0x00, 0x00, 0x00,
  0x1a, 0x00, 0x00, 0x00, 0x19, 0x00, 0x00, 0x00, 0x18, 0x00, 0x00, 0x00,
  0x00, 0x00, 0x0a, 0x00, 0x0c, 0x00, 0x00, 0x00, 0x08, 0x00, 0x04, 0x00,
  0x0a, 0x00, 0x00, 0x00, 0x08, 0x00, 0x00, 0x00, 0x0c, 0x00, 0x00, 0x00,
  0x01, 0x00, 0x00, 0x00, 0x1a, 0x00, 0x00, 0x00, 0x02, 0x00, 0x00, 0x00,
  0x00, 0x00, 0x00, 0x00, 0x01, 0x00, 0x00, 0x00, 0x01, 0x00, 0x00, 0x00,
  0x30, 0x00, 0x00, 0x00, 0x01, 0x00, 0x00, 0x00, 0x00, 0x00, 0x00, 0x00,
  0x31, 0x00, 0x00, 0x00, 0xd8, 0x37, 0x00, 0x00, 0x6c, 0x37, 0x00, 0x00,
  0x1c, 0x37, 0x00, 0x00, 0xc8, 0x36, 0x00, 0x00, 0x74, 0x36, 0x00, 0x00,
  0x20, 0x36, 0x00, 0x00, 0xcc, 0x35, 0x00, 0x00, 0x7c, 0x35, 0x00, 0x00,
  0x40, 0x35, 0x00, 0x00, 0x00, 0x35, 0x00, 0x00, 0x6c, 0x34, 0x00, 0x00,
  0xd8, 0x33, 0x00, 0x00, 0x84, 0x2f, 0x00, 0x00, 0x90, 0x2b, 0x00, 0x00,
  0xfc, 0x28, 0x00, 0x00, 0x20, 0x26, 0x00, 0x00, 0x74, 0x22, 0x00, 0x00,
  0x40, 0x1f, 0x00, 0x00, 0x6c, 0x1d, 0x00, 0x00, 0x64, 0x1b, 0x00, 0x00,
  0x94, 0x18, 0x00, 0x00, 0x28, 0x16, 0x00, 0x00, 0xb4, 0x14, 0x00, 0x00,
  0x0c, 0x13, 0x00, 0x00, 0xbc, 0x10, 0x00, 0x00, 0xc8, 0x0e, 0x00, 0x00,
  0x4c, 0x0e, 0x00, 0x00, 0x08, 0x0d, 0x00, 0x00, 0x7c, 0x0c, 0x00, 0x00,
  0x10, 0x0b, 0x00, 0x00, 0x94, 0x0a, 0x00, 0x00, 0x20, 0x0a, 0x00, 0x00,
  0x9c, 0x09, 0x00, 0x00, 0x08, 0x09, 0x00, 0x00, 0x9c, 0x07, 0x00, 0x00,
  0x20, 0x07, 0x00, 0x00, 0xa4, 0x06, 0x00, 0x00, 0x20, 0x06, 0x00, 0x00,
  0x8c, 0x05, 0x00, 0x00, 0x20, 0x04, 0x00, 0x00, 0xa4, 0x03, 0x00, 0x00,
  0x28, 0x03, 0x00, 0x00, 0xb4, 0x02, 0x00, 0x00, 0x40, 0x02, 0x00, 0x00,
  0xc4, 0x01, 0x00, 0x00, 0x58, 0x01, 0x00, 0x00, 0xec, 0x00, 0x00, 0x00,
  0x70, 0x00, 0x00, 0x00, 0x04, 0x00, 0x00, 0x00, 0x02, 0xc9, 0xff, 0xff,
  0x00, 0x00, 0x00, 0x01, 0x14, 0x00, 0x00, 0x00, 0x30, 0x00, 0x00, 0x00,
  0x31, 0x00, 0x00, 0x00, 0x00, 0x00, 0x00, 0x09, 0x44, 0x00, 0x00, 0x00,
  0xec, 0xc8, 0xff, 0xff, 0x08, 0x00, 0x00, 0x00, 0x10, 0x00, 0x00, 0x00,
  0x01, 0x00, 0x00, 0x00, 0x80, 0xff, 0xff, 0xff, 0xff, 0xff, 0xff, 0xff,
  0x01, 0x00, 0x00, 0x00, 0x00, 0x00, 0x80, 0x3b, 0x19, 0x00, 0x00, 0x00,
  0x53, 0x74, 0x61, 0x74, 0x65, 0x66, 0x75, 0x6c, 0x50, 0x61, 0x72, 0x74,
  0x69, 0x74, 0x69, 0x6f, 0x6e, 0x65, 0x64, 0x43, 0x61, 0x6c, 0x6c, 0x3a,
  0x30, 0x00, 0x00, 0x00, 0x02, 0x00, 0x00, 0x00, 0x01, 0x00, 0x00, 0x00,
  0x05, 0x00, 0x00, 0x00, 0x6a, 0xc9, 0xff, 0xff, 0x00, 0x00, 0x00, 0x01,
  0x14, 0x00, 0x00, 0x00, 0x34, 0x00, 0x00, 0x00, 0x30, 0x00, 0x00, 0x00,
  0x00, 0x00, 0x00, 0x09, 0x54, 0x00, 0x00, 0x00, 0x54, 0xc9, 0xff, 0xff,
  0x08, 0x00, 0x00, 0x00, 0x14, 0x00, 0x00, 0x00, 0x01, 0x00, 0x00, 0x00,
  0xfc, 0xff, 0xff, 0xff, 0xff, 0xff, 0xff, 0xff, 0x00, 0x00, 0x00, 0x00,
  0x01, 0x00, 0x00, 0x00, 0xa6, 0xb7, 0xf2, 0x3c, 0x26, 0x00, 0x00, 0x00,
  0x6d, 0x6f, 0x64, 0x65, 0x6c, 0x2f, 0x64, 0x65, 0x6e, 0x73, 0x65, 0x2f,
  0x4d, 0x61, 0x74, 0x4d, 0x75, 0x6c, 0x3b, 0x6d, 0x6f, 0x64, 0x65, 0x6c,
  0x2f, 0x64, 0x65, 0x6e, 0x73, 0x65, 0x2f, 0x42, 0x69, 0x61, 0x73, 0x41,
  0x64, 0x64, 0x00, 0x00, 0x02, 0x00, 0x00, 0x00, 0x01, 0x00, 0x00, 0x00,
  0x05, 0x00, 0x00, 0x00, 0xe2, 0xc9, 0xff, 0xff, 0x00, 0x00, 0x00, 0x01,
  0x14, 0x00, 0x00, 0x00, 0x30, 0x00, 0x00, 0x00, 0x2f, 0x00, 0x00, 0x00,
  0x00, 0x00, 0x00, 0x09, 0x44, 0x00, 0x00, 0x00, 0xcc, 0xc9, 0xff, 0xff,
  0x08, 0x00, 0x00, 0x00, 0x10, 0x00, 0x00, 0x00, 0x01, 0x00, 0x00, 0x00,
  0x80, 0xff, 0xff, 0xff, 0xff, 0xff, 0xff, 0xff, 0x01, 0x00, 0x00, 0x00,
  0xc1, 0xc0, 0xc0, 0x3c, 0x18, 0x00, 0x00, 0x00, 0x6d, 0x6f, 0x64, 0x65,
  0x6c, 0x2f, 0x63, 0x6f, 0x6e, 0x63, 0x61, 0x74, 0x65, 0x6e, 0x61, 0x74,
  0x65, 0x2f, 0x63, 0x6f, 0x6e, 0x63, 0x61, 0x74, 0x00, 0x00, 0x00, 0x00,
  0x02, 0x00, 0x00, 0x00, 0x01, 0x00, 0x00, 0x00, 0x80, 0x00, 0x00, 0x00,
  0x4a, 0xca, 0xff, 0xff, 0x00, 0x00, 0x00, 0x01, 0x14, 0x00, 0x00, 0x00,
  0x34, 0x00, 0x00, 0x00, 0x2e, 0x00, 0x00, 0x00, 0x00, 0x00, 0x00, 0x09,
  0x44, 0x00, 0x00, 0x00, 0x34, 0xca, 0xff, 0xff, 0x08, 0x00, 0x00, 0x00,
  0x14, 0x00, 0x00, 0x00, 0x01, 0x00, 0x00, 0x00, 0x80, 0xff, 0xff, 0xff,
  0xff, 0xff, 0xff, 0xff, 0x00, 0x00, 0x00, 0x00, 0x01, 0x00, 0x00, 0x00,
  0xc1, 0xc0, 0xc0, 0x3c, 0x15, 0x00, 0x00, 0x00, 0x6d, 0x6f, 0x64, 0x65,
  0x6c, 0x2f, 0x66, 0x6c, 0x61, 0x74, 0x74, 0x65, 0x6e, 0x2f, 0x52, 0x65,
  0x73, 0x68, 0x61, 0x70, 0x65, 0x00, 0x00, 0x00, 0x02, 0x00, 0x00, 0x00,
  0x01, 0x00, 0x00, 0x00, 0x40, 0x00, 0x00, 0x00, 0xb2, 0xca, 0xff, 0xff,
  0x00, 0x00, 0x00, 0x01, 0x14, 0x00, 0x00, 0x00, 0x34, 0x00, 0x00, 0x00,
  0x2d, 0x00, 0x00, 0x00, 0x00, 0x00, 0x00, 0x09, 0x4c, 0x00, 0x00, 0x00,
  0x9c, 0xca, 0xff, 0xff, 0x08, 0x00, 0x00, 0x00, 0x14, 0x00, 0x00, 0x00,
  0x01, 0x00, 0x00, 0x00, 0x80, 0xff, 0xff, 0xff, 0xff, 0xff, 0xff, 0xff,
  0x00, 0x00, 0x00, 0x00, 0x01, 0x00, 0x00, 0x00, 0xc1, 0xc0, 0xc0, 0x3c,
  0x1d, 0x00, 0x00, 0x00, 0x6d, 0x6f, 0x64, 0x65, 0x6c, 0x2f, 0x6d, 0x61,
  0x78, 0x5f, 0x70, 0x6f, 0x6f, 0x6c, 0x69, 0x6e, 0x67, 0x31, 0x64, 0x5f,
  0x33, 0x2f, 0x4d, 0x61, 0x78, 0x50, 0x6f, 0x6f, 0x6c, 0x00, 0x00, 0x00,
  0x04, 0x00, 0x00, 0x00, 0x01, 0x00, 0x00, 0x00, 0x01, 0x00, 0x00, 0x00,
  0x01, 0x00, 0x00, 0x00, 0x40, 0x00, 0x00, 0x00, 0x2a, 0xcb, 0xff, 0xff,
  0x00, 0x00, 0x00, 0x01, 0x14, 0x00, 0x00, 0x00, 0x30, 0x00, 0x00, 0x00,
  0x2c, 0x00, 0x00, 0x00, 0x00, 0x00, 0x00, 0x09, 0x4c, 0x00, 0x00, 0x00,
  0x14, 0xcb, 0xff, 0xff, 0x08, 0x00, 0x00, 0x00, 0x10, 0x00, 0x00, 0x00,
  0x01, 0x00, 0x00, 0x00, 0x80, 0xff, 0xff, 0xff, 0xff, 0xff, 0xff, 0xff,
  0x01, 0x00, 0x00, 0x00, 0xc1, 0xc0, 0xc0, 0x3c, 0x23, 0x00, 0x00, 0x00,
  0x6d, 0x6f, 0x64, 0x65, 0x6c, 0x2f, 0x67, 0x6c, 0x6f, 0x62, 0x61, 0x6c,
  0x5f, 0x61, 0x76, 0x65, 0x72, 0x61, 0x67, 0x65, 0x5f, 0x70, 0x6f, 0x6f,
  0x6c, 0x69, 0x6e, 0x67, 0x31, 0x64, 0x2f, 0x4d, 0x65, 0x61, 0x6e, 0x00,
  0x02, 0x00, 0x00, 0x00, 0x01, 0x00, 0x00, 0x00, 0x40, 0x00, 0x00, 0x00,
  0x9a, 0xcb, 0xff, 0xff, 0x00, 0x00, 0x00, 0x01, 0x14, 0x00, 0x00, 0x00,
  0x30, 0x00, 0x00, 0x00, 0x2b, 0x00, 0x00, 0x00, 0x00, 0x00, 0x00, 0x09,
  0x48, 0x00, 0x00, 0x00, 0x84, 0xcb, 0xff, 0xff, 0x08, 0x00, 0x00, 0x00,
  0x10, 0x00, 0x00, 0x00, 0x01, 0x00, 0x00, 0x00, 0x80, 0xff, 0xff, 0xff,
  0xff, 0xff, 0xff, 0xff, 0x01, 0x00, 0x00, 0x00, 0xc1, 0xc0, 0xc0, 0x3c,
  0x1e, 0x00, 0x00, 0x00, 0x6d, 0x6f, 0x64, 0x65, 0x6c, 0x2f, 0x6d, 0x61,
  0x78, 0x5f, 0x70, 0x6f, 0x6f, 0x6c, 0x69, 0x6e, 0x67, 0x31, 0x64, 0x5f,
  0x32, 0x2f, 0x53, 0x71, 0x75, 0x65, 0x65, 0x7a, 0x65, 0x31, 0x00, 0x00,
  0x03, 0x00, 0x00, 0x00, 0x01, 0x00, 0x00, 0x00, 0x0c, 0x00, 0x00, 0x00,
  0x40, 0x00, 0x00, 0x00, 0x0a, 0xcc, 0xff, 0xff, 0x00, 0x00, 0x00, 0x01,
  0x14, 0x00, 0x00, 0x00, 0x34, 0x00, 0x00, 0x00, 0x2a, 0x00, 0x00, 0x00,
  0x00, 0x00, 0x00, 0x09, 0x4c, 0x00, 0x00, 0x00, 0xf4, 0xcb, 0xff, 0xff,
  0x08, 0x00, 0x00, 0x00, 0x14, 0x00, 0x00, 0x00, 0x01, 0x00, 0x00, 0x00,
  0x80, 0xff, 0xff, 0xff, 0xff, 0xff, 0xff, 0xff, 0x00, 0x00, 0x00, 0x00,
  0x01, 0x00, 0x00, 0x00, 0xc1, 0xc0, 0xc0, 0x3c, 0x1d, 0x00, 0x00, 0x00,
  0x6d, 0x6f, 0x64, 0x65, 0x6c, 0x2f, 0x6d, 0x61, 0x78, 0x5f, 0x70, 0x6f,
  0x6f, 0x6c, 0x69, 0x6e, 0x67, 0x31, 0x64, 0x5f, 0x32, 0x2f, 0x4d, 0x61,
  0x78, 0x50, 0x6f, 0x6f, 0x6c, 0x00, 0x00, 0x00, 0x04, 0x00, 0x00, 0x00,
  0x01, 0x00, 0x00, 0x00, 0x0c, 0x00, 0x00, 0x00, 0x01, 0x00, 0x00, 0x00,
  0x40, 0x00, 0x00, 0x00, 0x82, 0xcc, 0xff, 0xff, 0x00, 0x00, 0x00, 0x01,
  0x14, 0x00, 0x00, 0x00, 0x30, 0x00, 0x00, 0x00, 0x29, 0x00, 0x00, 0x00,
  0x00, 0x00, 0x00, 0x09, 0x4c, 0x00, 0x00, 0x00, 0x6c, 0xcc, 0xff, 0xff,
  0x08, 0x00, 0x00, 0x00, 0x10, 0x00, 0x00, 0x00, 0x01, 0x00, 0x00, 0x00,
  0x80, 0xff, 0xff, 0xff, 0xff, 0xff, 0xff, 0xff, 0x01, 0x00, 0x00, 0x00,
  0xc1, 0xc0, 0xc0, 0x3c, 0x21, 0x00, 0x00, 0x00, 0x6d, 0x6f, 0x64, 0x65,
  0x6c, 0x2f, 0x6d, 0x61, 0x78, 0x5f, 0x70, 0x6f, 0x6f, 0x6c, 0x69, 0x6e,
  0x67, 0x31, 0x64, 0x5f, 0x32, 0x2f, 0x45, 0x78, 0x70, 0x61, 0x6e, 0x64,
  0x44, 0x69, 0x6d, 0x73, 0x31, 0x00, 0x00, 0x00, 0x04, 0x00, 0x00, 0x00,
  0x01, 0x00, 0x00, 0x00, 0x19, 0x00, 0x00, 0x00, 0x01, 0x00, 0x00, 0x00,
  0x40, 0x00, 0x00, 0x00, 0xfa, 0xcc, 0xff, 0xff, 0x00, 0x00, 0x00, 0x01,
  0x14, 0x00, 0x00, 0x00, 0x30, 0x00, 0x00, 0x00, 0x28, 0x00, 0x00, 0x00,
  0x00, 0x00, 0x00, 0x09, 0x3c, 0x01, 0x00, 0x00, 0xe4, 0xcc, 0xff, 0xff,
  0x08, 0x00, 0x00, 0x00, 0x10, 0x00, 0x00, 0x00, 0x01, 0x00, 0x00, 0x00,
  0x80, 0xff, 0xff, 0xff, 0xff, 0xff, 0xff, 0xff, 0x01, 0x00, 0x00, 0x00,
  0xc1, 0xc0, 0xc0, 0x3c, 0x10, 0x01, 0x00, 0x00, 0x6d, 0x6f, 0x64, 0x65,
  0x6c, 0x2f, 0x61, 0x63, 0x74, 0x69, 0x76, 0x61, 0x74, 0x69, 0x6f, 0x6e,
  0x5f, 0x33, 0x2f, 0x52, 0x65, 0x6c, 0x75, 0x36, 0x3b, 0x6d, 0x6f, 0x64,
  0x65, 0x6c, 0x2f, 0x62, 0x61, 0x74, 0x63, 0x68, 0x5f, 0x6e, 0x6f, 0x72,
  0x6d, 0x61, 0x6c, 0x69, 0x7a, 0x61, 0x74, 0x69, 0x6f, 0x6e, 0x5f, 0x33,
  0x2f, 0x62, 0x61, 0x74, 0x63, 0x68, 0x6e, 0x6f, 0x72, 0x6d, 0x2f, 0x61,
  0x64, 0x64, 0x5f, 0x31, 0x3b, 0x6d, 0x6f, 0x64, 0x65, 0x6c, 0x2f, 0x73,
  0x65, 0x70, 0x61, 0x72, 0x61, 0x62, 0x6c, 0x65, 0x5f, 0x63, 0x6f, 0x6e,
  0x76, 0x31, 0x64, 0x5f, 0x32, 0x2f, 0x53, 0x71, 0x75, 0x65, 0x65, 0x7a,
  0x65, 0x3b, 0x6d, 0x6f, 0x64, 0x65, 0x6c, 0x2f, 0x62, 0x61, 0x74, 0x63,
  0x68, 0x5f, 0x6e, 0x6f, 0x72, 0x6d, 0x61, 0x6c, 0x69, 0x7a, 0x61, 0x74,
  0x69, 0x6f, 0x6e, 0x5f, 0x33, 0x2f, 0x62, 0x61, 0x74, 0x63, 0x68, 0x6e,
  0x6f, 0x72, 0x6d, 0x2f, 0x6d, 0x75, 0x6c, 0x5f, 0x31, 0x3b, 0x6d, 0x6f,
  0x64, 0x65, 0x6c, 0x2f, 0x62, 0x61, 0x74, 0x63, 0x68, 0x5f, 0x6e, 0x6f,
  0x72, 0x6d, 0x61, 0x6c, 0x69, 0x7a, 0x61, 0x74, 0x69, 0x6f, 0x6e, 0x5f,
  0x33, 0x2f, 0x62, 0x61, 0x74, 0x63, 0x68, 0x6e, 0x6f, 0x72, 0x6d, 0x2f,
  0x6d, 0x75, 0x6c, 0x3b, 0x6d, 0x6f, 0x64, 0x65, 0x6c, 0x2f, 0x62, 0x61,
  0x74, 0x63, 0x68, 0x5f, 0x6e, 0x6f, 0x72, 0x6d, 0x61, 0x6c, 0x69, 0x7a,
  0x61, 0x74, 0x69, 0x6f, 0x6e, 0x5f, 0x33, 0x2f, 0x62, 0x61, 0x74, 0x63,
  0x68, 0x6e, 0x6f, 0x72, 0x6d, 0x2f, 0x73, 0x75, 0x62, 0x3b, 0x6d, 0x6f,
  0x64, 0x65, 0x6c, 0x2f, 0x73, 0x65, 0x70, 0x61, 0x72, 0x61, 0x62, 0x6c,
  0x65, 0x5f, 0x63, 0x6f, 0x6e, 0x76, 0x31, 0x64, 0x5f, 0x32, 0x2f, 0x73,
  0x65, 0x70, 0x61, 0x72, 0x61, 0x62, 0x6c, 0x65, 0x5f, 0x63, 0x6f, 0x6e,
  0x76, 0x32, 0x64, 0x31, 0x00, 0x00, 0x00, 0x00, 0x04, 0x00, 0x00, 0x00,
  0x01, 0x00, 0x00, 0x00, 0x01, 0x00, 0x00, 0x00, 0x19, 0x00, 0x00, 0x00,
  0x40, 0x00, 0x00, 0x00, 0x62, 0xce, 0xff, 0xff, 0x00, 0x00, 0x00, 0x01,
  0x14, 0x00, 0x00, 0x00, 0x34, 0x00, 0x00, 0x00, 0x27, 0x00, 0x00, 0x00,
  0x00, 0x00, 0x00, 0x09, 0x64, 0x00, 0x00, 0x00, 0x4c, 0xce, 0xff, 0xff,
  0x08, 0x00, 0x00, 0x00, 0x14, 0x00, 0x00, 0x00, 0x01, 0x00, 0x00, 0x00,
  0x13, 0x00, 0x00, 0x00, 0x00, 0x00, 0x00, 0x00, 0x00, 0x00, 0x00, 0x00,
  0x01, 0x00, 0x00, 0x00, 0x78, 0x14, 0x67, 0x3c, 0x34, 0x00, 0x00, 0x00,
  0x6d, 0x6f, 0x64, 0x65, 0x6c, 0x2f, 0x73, 0x65, 0x70, 0x61, 0x72, 0x61,
  0x62, 0x6c, 0x65, 0x5f, 0x63, 0x6f, 0x6e, 0x76, 0x31, 0x64, 0x5f, 0x32,
  0x2f, 0x73, 0x65, 0x70, 0x61, 0x72, 0x61, 0x62, 0x6c, 0x65, 0x5f, 0x63,
  0x6f, 0x6e, 0x76, 0x32, 0x64, 0x2f, 0x64, 0x65, 0x70, 0x74, 0x68, 0x77,
  0x69, 0x73, 0x65, 0x31, 0x00, 0x00, 0x00, 0x00, 0x04, 0x00, 0x00, 0x00,
  0x01, 0x00, 0x00, 0x00, 0x01, 0x00, 0x00, 0x00, 0x19, 0x00, 0x00, 0x00,
  0x30, 0x00, 0x00, 0x00, 0xf2, 0xce, 0xff, 0xff, 0x00, 0x00, 0x00, 0x01,
  0x14, 0x00, 0x00, 0x00, 0x34, 0x00, 0x00, 0x00, 0x26, 0x00, 0x00, 0x00,
  0x00, 0x00, 0x00, 0x09, 0x54, 0x00, 0x00, 0x00, 0xdc, 0xce, 0xff, 0xff,
  0x08, 0x00, 0x00, 0x00, 0x14, 0x00, 0x00, 0x00, 0x01, 0x00, 0x00, 0x00,
  0x80, 0xff, 0xff, 0xff, 0xff, 0xff, 0xff, 0xff, 0x00, 0x00, 0x00, 0x00,
  0x01, 0x00, 0x00, 0x00, 0xc1, 0xc0, 0xc0, 0x3c, 0x24, 0x00, 0x00, 0x00,
  0x6d, 0x6f, 0x64, 0x65, 0x6c, 0x2f, 0x73, 0x65, 0x70, 0x61, 0x72, 0x61,
  0x62, 0x6c, 0x65, 0x5f, 0x63, 0x6f, 0x6e, 0x76, 0x31, 0x64, 0x5f, 0x32,
  0x2f, 0x45, 0x78, 0x70, 0x61, 0x6e, 0x64, 0x44, 0x69, 0x6d, 0x73, 0x31,
  0x00, 0x00, 0x00, 0x00, 0x04, 0x00, 0x00, 0x00, 0x01, 0x00, 0x00, 0x00,
  0x01, 0x00, 0x00, 0x00, 0x19, 0x00, 0x00, 0x00, 0x30, 0x00, 0x00, 0x00,
  0x72, 0xcf, 0xff, 0xff, 0x00, 0x00, 0x00, 0x01, 0x14, 0x00, 0x00, 0x00,
  0x34, 0x00, 0x00, 0x00, 0x25, 0x00, 0x00, 0x00, 0x00, 0x00, 0x00, 0x09,
  0x4c, 0x00, 0x00, 0x00, 0x5c, 0xcf, 0xff, 0xff, 0x08, 0x00, 0x00, 0x00,
  0x14, 0x00, 0x00, 0x00, 0x01, 0x00, 0x00, 0x00, 0x80, 0xff, 0xff, 0xff,
  0xff, 0xff, 0xff, 0xff, 0x00, 0x00, 0x00, 0x00, 0x01, 0x00, 0x00, 0x00,
  0xc1, 0xc0, 0xc0, 0x3c, 0x1d, 0x00, 0x00, 0x00, 0x6d, 0x6f, 0x64, 0x65,
  0x6c, 0x2f, 0x6d, 0x61, 0x78, 0x5f, 0x70, 0x6f, 0x6f, 0x6c, 0x69, 0x6e,
  0x67, 0x31, 0x64, 0x5f, 0x31, 0x2f, 0x4d, 0x61, 0x78, 0x50, 0x6f, 0x6f,
  0x6c, 0x00, 0x00, 0x00, 0x04, 0x00, 0x00, 0x00, 0x01, 0x00, 0x00, 0x00,
  0x19, 0x00, 0x00, 0x00, 0x01, 0x00, 0x00, 0x00, 0x30, 0x00, 0x00, 0x00,
  0xea, 0xcf, 0xff, 0xff, 0x00, 0x00, 0x00, 0x01, 0x14, 0x00, 0x00, 0x00,
  0x30, 0x00, 0x00, 0x00, 0x24, 0x00, 0x00, 0x00, 0x00, 0x00, 0x00, 0x09,
  0x4c, 0x00, 0x00, 0x00, 0xd4, 0xcf, 0xff, 0xff, 0x08, 0x00, 0x00, 0x00,
  0x10, 0x00, 0x00, 0x00, 0x01, 0x00, 0x00, 0x00, 0x80, 0xff, 0xff, 0xff,
  0xff, 0xff, 0xff, 0xff, 0x01, 0x00, 0x00, 0x00, 0xc1, 0xc0, 0xc0, 0x3c,
  0x21, 0x00, 0x00, 0x00, 0x6d, 0x6f, 0x64, 0x65, 0x6c, 0x2f, 0x6d, 0x61,
  0x78, 0x5f, 0x70, 0x6f, 0x6f, 0x6c, 0x69, 0x6e, 0x67, 0x31, 0x64, 0x5f,
  0x31, 0x2f, 0x45, 0x78, 0x70, 0x61, 0x6e, 0x64, 0x44, 0x69, 0x6d, 0x73,
  0x31, 0x00, 0x00, 0x00, 0x04, 0x00, 0x00, 0x00, 0x01, 0x00, 0x00, 0x00,
  0x32, 0x00, 0x00, 0x00, 0x01, 0x00, 0x00, 0x00, 0x30, 0x00, 0x00, 0x00,
  0x62, 0xd0, 0xff, 0xff, 0x00, 0x00, 0x00, 0x01, 0x14, 0x00, 0x00, 0x00,
  0x30, 0x00, 0x00, 0x00, 0x23, 0x00, 0x00, 0x00, 0x00, 0x00, 0x00, 0x09,
  0x3c, 0x01, 0x00, 0x00, 0x4c, 0xd0, 0xff, 0xff, 0x08, 0x00, 0x00, 0x00,
  0x10, 0x00, 0x00, 0x00, 0x01, 0x00, 0x00, 0x00, 0x80, 0xff, 0xff, 0xff,
  0xff, 0xff, 0xff, 0xff, 0x01, 0x00, 0x00, 0x00, 0xc1, 0xc0, 0xc0, 0x3c,
  0x10, 0x01, 0x00, 0x00, 0x6d, 0x6f, 0x64, 0x65, 0x6c, 0x2f, 0x61, 0x63,
  0x74, 0x69, 0x76, 0x61, 0x74, 0x69, 0x6f, 0x6e, 0x5f, 0x32, 0x2f, 0x52,
  0x65, 0x6c, 0x75, 0x36, 0x3b, 0x6d, 0x6f, 0x64, 0x65, 0x6c, 0x2f, 0x62,
  0x61, 0x74, 0x63, 0x68, 0x5f, 0x6e, 0x6f, 0x72, 0x6d, 0x61, 0x6c, 0x69,
  0x7a, 0x61, 0x74, 0x69, 0x6f, 0x6e, 0x5f, 0x32, 0x2f, 0x62, 0x61, 0x74,
  0x63, 0x68, 0x6e, 0x6f, 0x72, 0x6d, 0x2f, 0x61, 0x64, 0x64, 0x5f, 0x31,
  0x3b, 0x6d, 0x6f, 0x64, 0x65, 0x6c, 0x2f, 0x73, 0x65, 0x70, 0x61, 0x72,
  0x61, 0x62, 0x6c, 0x65, 0x5f, 0x63, 0x6f, 0x6e, 0x76, 0x31, 0x64, 0x5f,
  0x31, 0x2f, 0x53, 0x71, 0x75, 0x65, 0x65, 0x7a, 0x65, 0x3b, 0x6d, 0x6f,
  0x64, 0x65, 0x6c, 0x2f, 0x62, 0x61, 0x74, 0x63, 0x68, 0x5f, 0x6e, 0x6f,
  0x72, 0x6d, 0x61, 0x6c, 0x69, 0x7a, 0x61, 0x74, 0x69, 0x6f, 0x6e, 0x5f,
  0x32, 0x2f, 0x62, 0x61, 0x74, 0x63, 0x68, 0x6e, 0x6f, 0x72, 0x6d, 0x2f,
  0x6d, 0x75, 0x6c, 0x5f, 0x31, 0x3b, 0x6d, 0x6f, 0x64, 0x65, 0x6c, 0x2f,
  0x62, 0x61, 0x74, 0x63, 0x68, 0x5f, 0x6e, 0x6f, 0x72, 0x6d, 0x61, 0x6c,
  0x69, 0x7a, 0x61, 0x74, 0x69, 0x6f, 0x6e, 0x5f, 0x32, 0x2f, 0x62, 0x61,
  0x74, 0x63, 0x68, 0x6e, 0x6f, 0x72, 0x6d, 0x2f, 0x6d, 0x75, 0x6c, 0x3b,
  0x6d, 0x6f, 0x64, 0x65, 0x6c, 0x2f, 0x62, 0x61, 0x74, 0x63, 0x68, 0x5f,
  0x6e, 0x6f, 0x72, 0x6d, 0x61, 0x6c, 0x69, 0x7a, 0x61, 0x74, 0x69, 0x6f,
  0x6e, 0x5f, 0x32, 0x2f, 0x62, 0x61, 0x74, 0x63, 0x68, 0x6e, 0x6f, 0x72,
  0x6d, 0x2f, 0x73, 0x75, 0x62, 0x3b, 0x6d, 0x6f, 0x64, 0x65, 0x6c, 0x2f,
  0x73, 0x65, 0x70, 0x61, 0x72, 0x61, 0x62, 0x6c, 0x65, 0x5f, 0x63, 0x6f,
  0x6e, 0x76, 0x31, 0x64, 0x5f, 0x31, 0x2f, 0x73, 0x65, 0x70, 0x61, 0x72,
  0x61, 0x62, 0x6c, 0x65, 0x5f, 0x63, 0x6f, 0x6e, 0x76, 0x32, 0x64, 0x31,
  0x00, 0x00, 0x00, 0x00, 0x04, 0x00, 0x00, 0x00, 0x01, 0x00, 0x00, 0x00,
  0x01, 0x00, 0x00, 0x00, 0x32, 0x00, 0x00, 0x00, 0x30, 0x00, 0x00, 0x00,
  0xca, 0xd1, 0xff, 0xff, 0x00, 0x00, 0x00, 0x01, 0x14, 0x00, 0x00, 0x00,
  0x34, 0x00, 0x00, 0x00, 0x22, 0x00, 0x00, 0x00, 0x00, 0x00, 0x00, 0x09,
  0x64, 0x00, 0x00, 0x00, 0xb4, 0xd1, 0xff, 0xff, 0x08, 0x00, 0x00, 0x00,
  0x14, 0x00, 0x00, 0x00, 0x01, 0x00, 0x00, 0x00, 0xf4, 0xff, 0xff, 0xff,
  0xff, 0xff, 0xff, 0xff, 0x00, 0x00, 0x00, 0x00, 0x01, 0x00, 0x00, 0x00,
  0x26, 0x02, 0xb2, 0x3c, 0x34, 0x00, 0x00, 0x00, 0x6d, 0x6f, 0x64, 0x65,
  0x6c, 0x2f, 0x73, 0x65, 0x70, 0x61, 0x72, 0x61, 0x62, 0x6c, 0x65, 0x5f,
  0x63, 0x6f, 0x6e, 0x76, 0x31, 0x64, 0x5f, 0x31, 0x2f, 0x73, 0x65, 0x70,
  0x61, 0x72, 0x61, 0x62, 0x6c, 0x65, 0x5f, 0x63, 0x6f, 0x6e, 0x76, 0x32,
  0x64, 0x2f, 0x64, 0x65, 0x70, 0x74, 0x68, 0x77, 0x69, 0x73, 0x65, 0x31,
  0x00, 0x00, 0x00, 0x00, 0x04, 0x00, 0x00, 0x00, 0x01, 0x00, 0x00, 0x00,
  0x01, 0x00, 0x00, 0x00, 0x32, 0x00, 0x00, 0x00, 0x20, 0x00, 0x00, 0x00,
  0x5a, 0xd2, 0xff, 0xff, 0x00, 0x00, 0x00, 0x01, 0x14, 0x00, 0x00, 0x00,
  0x34, 0x00, 0x00, 0x00, 0x21, 0x00, 0x00, 0x00, 0x00, 0x00, 0x00, 0x09,
  0x54, 0x00, 0x00, 0x00, 0x44, 0xd2, 0xff, 0xff, 0x08, 0x00, 0x00, 0x00,
  0x14, 0x00, 0x00, 0x00, 0x01, 0x00, 0x00, 0x00, 0x80, 0xff, 0xff, 0xff,
  0xff, 0xff, 0xff, 0xff, 0x00, 0x00, 0x00, 0x00, 0x01, 0x00, 0x00, 0x00,
  0xc1, 0xc0, 0xc0, 0x3c, 0x24, 0x00, 0x00, 0x00, 0x6d, 0x6f, 0x64, 0x65,
  0x6c, 0x2f, 0x73, 0x65, 0x70, 0x61, 0x72, 0x61, 0x62, 0x6c, 0x65, 0x5f,
  0x63, 0x6f, 0x6e, 0x76, 0x31, 0x64, 0x5f, 0x31, 0x2f, 0x45, 0x78, 0x70,
  0x61, 0x6e, 0x64, 0x44, 0x69, 0x6d, 0x73, 0x31, 0x00, 0x00, 0x00, 0x00,
  0x04, 0x00, 0x00, 0x00, 0x01, 0x00, 0x00, 0x00, 0x01, 0x00, 0x00, 0x00,
  0x32, 0x00, 0x00, 0x00, 0x20, 0x00, 0x00, 0x00, 0xda, 0xd2, 0xff, 0xff,
  0x00, 0x00, 0x00, 0x01, 0x14, 0x00, 0x00, 0x00, 0x30, 0x00, 0x00, 0x00,
  0x20, 0x00, 0x00, 0x00, 0x00, 0x00, 0x00, 0x09, 0x44, 0x00, 0x00, 0x00,
  0xc4, 0xd2, 0xff, 0xff, 0x08, 0x00, 0x00, 0x00, 0x10, 0x00, 0x00, 0x00,
  0x01, 0x00, 0x00, 0x00, 0x80, 0xff, 0xff, 0xff, 0xff, 0xff, 0xff, 0xff,
  0x01, 0x00, 0x00, 0x00, 0xc1, 0xc0, 0xc0, 0x3c, 0x1b, 0x00, 0x00, 0x00,
  0x6d, 0x6f, 0x64, 0x65, 0x6c, 0x2f, 0x6d, 0x61, 0x78, 0x5f, 0x70, 0x6f,
  0x6f, 0x6c, 0x69, 0x6e, 0x67, 0x31, 0x64, 0x2f, 0x4d, 0x61, 0x78, 0x50,
  0x6f, 0x6f, 0x6c, 0x00, 0x04, 0x00, 0x00, 0x00, 0x01, 0x00, 0x00, 0x00,
  0x32, 0x00, 0x00, 0x00, 0x01, 0x00, 0x00, 0x00, 0x20, 0x00, 0x00, 0x00,
  0x4a, 0xd3, 0xff, 0xff, 0x00, 0x00, 0x00, 0x01, 0x14, 0x00, 0x00, 0x00,
  0x34, 0x00, 0x00, 0x00, 0x1f, 0x00, 0x00, 0x00, 0x00, 0x00, 0x00, 0x09,
  0x4c, 0x00, 0x00, 0x00, 0x34, 0xd3, 0xff, 0xff, 0x08, 0x00, 0x00, 0x00,
  0x14, 0x00, 0x00, 0x00, 0x01, 0x00, 0x00, 0x00, 0x80, 0xff, 0xff, 0xff,
  0xff, 0xff, 0xff, 0xff, 0x00, 0x00, 0x00, 0x00, 0x01, 0x00, 0x00, 0x00,
  0xc1, 0xc0, 0xc0, 0x3c, 0x1f, 0x00, 0x00, 0x00, 0x6d, 0x6f, 0x64, 0x65,
  0x6c, 0x2f, 0x6d, 0x61, 0x78, 0x5f, 0x70, 0x6f, 0x6f, 0x6c, 0x69, 0x6e,
  0x67, 0x31, 0x64, 0x2f, 0x45, 0x78, 0x70, 0x61, 0x6e, 0x64, 0x44, 0x69,
  0x6d, 0x73, 0x31, 0x00, 0x04, 0x00, 0x00, 0x00, 0x01, 0x00, 0x00, 0x00,
  0x64, 0x00, 0x00, 0x00, 0x01, 0x00, 0x00, 0x00, 0x20, 0x00, 0x00, 0x00,
  0xc2, 0xd3, 0xff, 0xff, 0x00, 0x00, 0x00, 0x01, 0x14, 0x00, 0x00, 0x00,
  0x34, 0x00, 0x00, 0x00, 0x1e, 0x00, 0x00, 0x00, 0x00, 0x00, 0x00, 0x09,
  0x3c, 0x01, 0x00, 0x00, 0xac, 0xd3, 0xff, 0xff, 0x08, 0x00, 0x00, 0x00,
  0x14, 0x00, 0x00, 0x00, 0x01, 0x00, 0x00, 0x00, 0x80, 0xff, 0xff, 0xff,
  0xff, 0xff, 0xff, 0xff, 0x00, 0x00, 0x00, 0x00, 0x01, 0x00, 0x00, 0x00,
  0xc1, 0xc0, 0xc0, 0x3c, 0x0c, 0x01, 0x00, 0x00, 0x6d, 0x6f, 0x64, 0x65,
  0x6c, 0x2f, 0x61, 0x63, 0x74, 0x69, 0x76, 0x61, 0x74, 0x69, 0x6f, 0x6e,
  0x5f, 0x31, 0x2f, 0x52, 0x65, 0x6c, 0x75, 0x36, 0x3b, 0x6d, 0x6f, 0x64,
  0x65, 0x6c, 0x2f, 0x62, 0x61, 0x74, 0x63, 0x68, 0x5f, 0x6e, 0x6f, 0x72,
  0x6d, 0x61, 0x6c, 0x69, 0x7a, 0x61, 0x74, 0x69, 0x6f, 0x6e, 0x5f, 0x31,
  0x2f, 0x62, 0x61, 0x74, 0x63, 0x68, 0x6e, 0x6f, 0x72, 0x6d, 0x2f, 0x61,
  0x64, 0x64, 0x5f, 0x31, 0x3b, 0x6d, 0x6f, 0x64, 0x65, 0x6c, 0x2f, 0x73,
  0x65, 0x70, 0x61, 0x72, 0x61, 0x62, 0x6c, 0x65, 0x5f, 0x63, 0x6f, 0x6e,
  0x76, 0x31, 0x64, 0x2f, 0x53, 0x71, 0x75, 0x65, 0x65, 0x7a, 0x65, 0x3b,
  0x6d, 0x6f, 0x64, 0x65, 0x6c, 0x2f, 0x62, 0x61, 0x74, 0x63, 0x68, 0x5f,
  0x6e, 0x6f, 0x72, 0x6d, 0x61, 0x6c, 0x69, 0x7a, 0x61, 0x74, 0x69, 0x6f,
  0x6e, 0x5f, 0x31, 0x2f, 0x62, 0x61, 0x74, 0x63, 0x68, 0x6e, 0x6f, 0x72,
  0x6d, 0x2f, 0x6d, 0x75, 0x6c, 0x5f, 0x31, 0x3b, 0x6d, 0x6f, 0x64, 0x65,
  0x6c, 0x2f, 0x62, 0x61, 0x74, 0x63, 0x68, 0x5f, 0x6e, 0x6f, 0x72, 0x6d,
  0x61, 0x6c, 0x69, 0x7a, 0x61, 0x74, 0x69, 0x6f, 0x6e, 0x5f, 0x31, 0x2f,
  0x62, 0x61, 0x74, 0x63, 0x68, 0x6e, 0x6f, 0x72, 0x6d, 0x2f, 0x6d, 0x75,
  0x6c, 0x3b, 0x6d, 0x6f, 0x64, 0x65, 0x6c, 0x2f, 0x62, 0x61, 0x74, 0x63,
  0x68, 0x5f, 0x6e, 0x6f, 0x72, 0x6d, 0x61, 0x6c, 0x69, 0x7a, 0x61, 0x74,
  0x69, 0x6f, 0x6e, 0x5f, 0x31, 0x2f, 0x62, 0x61, 0x74, 0x63, 0x68, 0x6e,
  0x6f, 0x72, 0x6d, 0x2f, 0x73, 0x75, 0x62, 0x3b, 0x6d, 0x6f, 0x64, 0x65,
  0x6c, 0x2f, 0x73, 0x65, 0x70, 0x61, 0x72, 0x61, 0x62, 0x6c, 0x65, 0x5f,
  0x63, 0x6f, 0x6e, 0x76, 0x31, 0x64, 0x2f, 0x73, 0x65, 0x70, 0x61, 0x72,
  0x61, 0x62, 0x6c, 0x65, 0x5f, 0x63, 0x6f, 0x6e, 0x76, 0x32, 0x64, 0x31,
  0x00, 0x00, 0x00, 0x00, 0x04, 0x00, 0x00, 0x00, 0x01, 0x00, 0x00, 0x00,
  0x01, 0x00, 0x00, 0x00, 0x64, 0x00, 0x00, 0x00, 0x20, 0x00, 0x00, 0x00,
  0x2a, 0xd5, 0xff, 0xff, 0x00, 0x00, 0x00, 0x01, 0x14, 0x00, 0x00, 0x00,
  0x30, 0x00, 0x00, 0x00, 0x1d, 0x00, 0x00, 0x00, 0x00, 0x00, 0x00, 0x09,
  0x5c, 0x00, 0x00, 0x00, 0x14, 0xd5, 0xff, 0xff, 0x08, 0x00, 0x00, 0x00,
  0x10, 0x00, 0x00, 0x00, 0x01, 0x00, 0x00, 0x00, 0x04, 0x00, 0x00, 0x00,
  0x00, 0x00, 0x00, 0x00, 0x01, 0x00, 0x00, 0x00, 0xa6, 0xe6, 0xfd, 0x3c,
  0x32, 0x00, 0x00, 0x00, 0x6d, 0x6f, 0x64, 0x65, 0x6c, 0x2f, 0x73, 0x65,
  0x70, 0x61, 0x72, 0x61, 0x62, 0x6c, 0x65, 0x5f, 0x63, 0x6f, 0x6e, 0x76,
  0x31, 0x64, 0x2f, 0x73, 0x65, 0x70, 0x61, 0x72, 0x61, 0x62, 0x6c, 0x65,
  0x5f, 0x63, 0x6f, 0x6e, 0x76, 0x32, 0x64, 0x2f, 0x64, 0x65, 0x70, 0x74,
  0x68, 0x77, 0x69, 0x73, 0x65, 0x31, 0x00, 0x00, 0x04, 0x00, 0x00, 0x00,
  0x01, 0x00, 0x00, 0x00, 0x01, 0x00, 0x00, 0x00, 0x64, 0x00, 0x00, 0x00,
  0x18, 0x00, 0x00, 0x00, 0xb2, 0xd5, 0xff, 0xff, 0x00, 0x00, 0x00, 0x01,
  0x14, 0x00, 0x00, 0x00, 0x30, 0x00, 0x00, 0x00, 0x1c, 0x00, 0x00, 0x00,
  0x00, 0x00, 0x00, 0x09, 0x14, 0x01, 0x00, 0x00, 0x9c, 0xd5, 0xff, 0xff,
  0x08, 0x00, 0x00, 0x00, 0x10, 0x00, 0x00, 0x00, 0x01, 0x00, 0x00, 0x00,
  0x80, 0xff, 0xff, 0xff, 0xff, 0xff, 0xff, 0xff, 0x01, 0x00, 0x00, 0x00,
  0xc1, 0xc0, 0xc0, 0x3c, 0xeb, 0x00, 0x00, 0x00, 0x6d, 0x6f, 0x64, 0x65,
  0x6c, 0x2f, 0x61, 0x63, 0x74, 0x69, 0x76, 0x61, 0x74, 0x69, 0x6f, 0x6e,
  0x2f, 0x52, 0x65, 0x6c, 0x75, 0x36, 0x3b, 0x6d, 0x6f, 0x64, 0x65, 0x6c,
  0x2f, 0x62, 0x61, 0x74, 0x63, 0x68, 0x5f, 0x6e, 0x6f, 0x72, 0x6d, 0x61,
  0x6c, 0x69, 0x7a, 0x61, 0x74, 0x69, 0x6f, 0x6e, 0x2f, 0x62, 0x61, 0x74,
  0x63, 0x68, 0x6e, 0x6f, 0x72, 0x6d, 0x2f, 0x61, 0x64, 0x64, 0x5f, 0x31,
  0x3b, 0x6d, 0x6f, 0x64, 0x65, 0x6c, 0x2f, 0x63, 0x6f, 0x6e, 0x76, 0x31,
  0x64, 0x2f, 0x43, 0x6f, 0x6e, 0x76, 0x31, 0x44, 0x2f, 0x53, 0x71, 0x75,
  0x65, 0x65, 0x7a, 0x65, 0x3b, 0x6d, 0x6f, 0x64, 0x65, 0x6c, 0x2f, 0x62,
  0x61, 0x74, 0x63, 0x68, 0x5f, 0x6e, 0x6f, 0x72, 0x6d, 0x61, 0x6c, 0x69,
  0x7a, 0x61, 0x74, 0x69, 0x6f, 0x6e, 0x2f, 0x62, 0x61, 0x74, 0x63, 0x68,
  0x6e, 0x6f, 0x72, 0x6d, 0x2f, 0x6d, 0x75, 0x6c, 0x5f, 0x31, 0x3b, 0x6d,
  0x6f, 0x64, 0x65, 0x6c, 0x2f, 0x62, 0x61, 0x74, 0x63, 0x68, 0x5f, 0x6e,
  0x6f, 0x72, 0x6d, 0x61, 0x6c, 0x69, 0x7a, 0x61, 0x74, 0x69, 0x6f, 0x6e,
  0x2f, 0x62, 0x61, 0x74, 0x63, 0x68, 0x6e, 0x6f, 0x72, 0x6d, 0x2f, 0x6d,
  0x75, 0x6c, 0x3b, 0x6d, 0x6f, 0x64, 0x65, 0x6c, 0x2f, 0x62, 0x61, 0x74,
  0x63, 0x68, 0x5f, 0x6e, 0x6f, 0x72, 0x6d, 0x61, 0x6c, 0x69, 0x7a, 0x61,
  0x74, 0x69, 0x6f, 0x6e, 0x2f, 0x62, 0x61, 0x74, 0x63, 0x68, 0x6e, 0x6f,
  0x72, 0x6d, 0x2f, 0x73, 0x75, 0x62, 0x3b, 0x6d, 0x6f, 0x64, 0x65, 0x6c,
  0x2f, 0x63, 0x6f, 0x6e, 0x76, 0x31, 0x64, 0x2f, 0x43, 0x6f, 0x6e, 0x76,
  0x31, 0x44, 0x31, 0x00, 0x04, 0x00, 0x00, 0x00, 0x01, 0x00, 0x00, 0x00,
  0x01, 0x00, 0x00, 0x00, 0x64, 0x00, 0x00, 0x00, 0x18, 0x00, 0x00, 0x00,
  0xf2, 0xd6, 0xff, 0xff, 0x00, 0x00, 0x00, 0x01, 0x14, 0x00, 0x00, 0x00,
  0x34, 0x00, 0x00, 0x00, 0x1b, 0x00, 0x00, 0x00, 0x00, 0x00, 0x00, 0x09,
  0x4c, 0x00, 0x00, 0x00, 0xdc, 0xd6, 0xff, 0xff, 0x08, 0x00, 0x00, 0x00,
  0x14, 0x00, 0x00, 0x00, 0x01, 0x00, 0x00, 0x00, 0xff, 0xff, 0xff, 0xff,
  0xff, 0xff, 0xff, 0xff, 0x00, 0x00, 0x00, 0x00, 0x01, 0x00, 0x00, 0x00,
  0x81, 0x80, 0x00, 0x3c, 0x1f, 0x00, 0x00, 0x00, 0x6d, 0x6f, 0x64, 0x65,
  0x6c, 0x2f, 0x63, 0x6f, 0x6e, 0x76, 0x31, 0x64, 0x2f, 0x43, 0x6f, 0x6e,
  0x76, 0x31, 0x44, 0x2f, 0x45, 0x78, 0x70, 0x61, 0x6e, 0x64, 0x44, 0x69,
  0x6d, 0x73, 0x31, 0x00, 0x04, 0x00, 0x00, 0x00, 0x01, 0x00, 0x00, 0x00,
  0x01, 0x00, 0x00, 0x00, 0xc8, 0x00, 0x00, 0x00, 0x06, 0x00, 0x00, 0x00,
  0x6a, 0xd7, 0xff, 0xff, 0x00, 0x00, 0x00, 0x01, 0x14, 0x00, 0x00, 0x00,
  0x48, 0x01, 0x00, 0x00, 0x1a, 0x00, 0x00, 0x00, 0x00, 0x00, 0x00, 0x09,
  0xc4, 0x01, 0x00, 0x00, 0x54, 0xd7, 0xff, 0xff, 0x08, 0x00, 0x00, 0x00,
  0xcc, 0x00, 0x00, 0x00, 0x18, 0x00, 0x00, 0x00, 0x00, 0x00, 0x00, 0x00,
  0x00, 0x00, 0x00, 0x00, 0x00, 0x00, 0x00, 0x00, 0x00, 0x00, 0x00, 0x00,
  0x00, 0x00, 0x00, 0x00, 0x00, 0x00, 0x00, 0x00, 0x00, 0x00, 0x00, 0x00,
  0x00, 0x00, 0x00, 0x00, 0x00, 0x00, 0x00, 0x00, 0x00, 0x00, 0x00, 0x00,
  0x00, 0x00, 0x00, 0x00, 0x00, 0x00, 0x00, 0x00, 0x00, 0x00, 0x00, 0x00,
  0x00, 0x00, 0x00, 0x00, 0x00, 0x00, 0x00, 0x00, 0x00, 0x00, 0x00, 0x00,
  0x00, 0x00, 0x00, 0x00, 0x00, 0x00, 0x00, 0x00, 0x00, 0x00, 0x00, 0x00,
  0x00, 0x00, 0x00, 0x00, 0x00, 0x00, 0x00, 0x00, 0x00, 0x00, 0x00, 0x00,
  0x00, 0x00, 0x00, 0x00, 0x00, 0x00, 0x00, 0x00, 0x00, 0x00, 0x00, 0x00,
  0x00, 0x00, 0x00, 0x00, 0x00, 0x00, 0x00, 0x00, 0x00, 0x00, 0x00, 0x00,
  0x00, 0x00, 0x00, 0x00, 0x00, 0x00, 0x00, 0x00, 0x00, 0x00, 0x00, 0x00,
  0x00, 0x00, 0x00, 0x00, 0x00, 0x00, 0x00, 0x00, 0x00, 0x00, 0x00, 0x00,
  0x00, 0x00, 0x00, 0x00, 0x00, 0x00, 0x00, 0x00, 0x00, 0x00, 0x00, 0x00,
  0x00, 0x00, 0x00, 0x00, 0x00, 0x00, 0x00, 0x00, 0x00, 0x00, 0x00, 0x00,
  0x00, 0x00, 0x00, 0x00, 0x00, 0x00, 0x00, 0x00, 0x00, 0x00, 0x00, 0x00,
  0x00, 0x00, 0x00, 0x00, 0x00, 0x00, 0x00, 0x00, 0x00, 0x00, 0x00, 0x00,
  0x00, 0x00, 0x00, 0x00, 0x00, 0x00, 0x00, 0x00, 0x00, 0x00, 0x00, 0x00,
  0x18, 0x00, 0x00, 0x00, 0x11, 0xe1, 0x1a, 0x3d, 0x20, 0x30, 0x32, 0x3d,
  0x5b, 0xb2, 0x33, 0x3d, 0xd5, 0xae, 0x86, 0x3d, 0x36, 0x8f, 0xfd, 0x3c,
  0xec, 0x61, 0x4c, 0x3d, 0x85, 0xd5, 0x3b, 0x3d, 0x50, 0x8e, 0x4a, 0x3d,
  0x67, 0x12, 0x0f, 0x3d, 0x9f, 0x36, 0x32, 0x3d, 0x35, 0x34, 0x2c, 0x3d,
  0x61, 0x33, 0x31, 0x3d, 0x8f, 0xcd, 0x1b, 0x3d, 0x22, 0xd5, 0x8d, 0x3d,
  0xef, 0x1e, 0x3c, 0x3d, 0x54, 0xbb, 0x4e, 0x3d, 0x36, 0x70, 0x43, 0x3d,
  0xbc, 0x1b, 0x07, 0x3d, 0xf2, 0x5b, 0x21, 0x3d, 0x2e, 0x24, 0x1f, 0x3d,
  0xdc, 0x1c, 0x15, 0x3d, 0x76, 0x5b, 0x5d, 0x3d, 0xf3, 0x54, 0x47, 0x3d,
  0xd8, 0xce, 0x5d, 0x3d, 0x81, 0x00, 0x00, 0x00, 0x6d, 0x6f, 0x64, 0x65,
  0x6c, 0x2f, 0x62, 0x61, 0x74, 0x63, 0x68, 0x5f, 0x6e, 0x6f, 0x72, 0x6d,
  0x61, 0x6c, 0x69, 0x7a, 0x61, 0x74, 0x69, 0x6f, 0x6e, 0x2f, 0x62, 0x61,
  0x74, 0x63, 0x68, 0x6e, 0x6f, 0x72, 0x6d, 0x2f, 0x6d, 0x75, 0x6c, 0x5f,
  0x31, 0x3b, 0x6d, 0x6f, 0x64, 0x65, 0x6c, 0x2f, 0x63, 0x6f, 0x6e, 0x76,
  0x31, 0x64, 0x2f, 0x43, 0x6f, 0x6e, 0x76, 0x31, 0x44, 0x2f, 0x53, 0x71,
  0x75, 0x65, 0x65, 0x7a, 0x65, 0x3b, 0x6d, 0x6f, 0x64, 0x65, 0x6c, 0x2f,
  0x62, 0x61, 0x74, 0x63, 0x68, 0x5f, 0x6e, 0x6f, 0x72, 0x6d, 0x61, 0x6c,
  0x69, 0x7a, 0x61, 0x74, 0x69, 0x6f, 0x6e, 0x2f, 0x62, 0x61, 0x74, 0x63,
  0x68, 0x6e, 0x6f, 0x72, 0x6d, 0x2f, 0x6d, 0x75, 0x6c, 0x3b, 0x6d, 0x6f,
  0x64, 0x65, 0x6c, 0x2f, 0x63, 0x6f, 0x6e, 0x76, 0x31, 0x64, 0x2f, 0x43,
  0x6f, 0x6e, 0x76, 0x31, 0x44, 0x00, 0x00, 0x00, 0x04, 0x00, 0x00, 0x00,
  0x18, 0x00, 0x00, 0x00, 0x01, 0x00, 0x00, 0x00, 0x03, 0x00, 0x00, 0x00,
  0x06, 0x00, 0x00, 0x00, 0x5a, 0xd9, 0xff, 0xff, 0x00, 0x00, 0x00, 0x01,
  0x14, 0x00, 0x00, 0x00, 0x48, 0x01, 0x00, 0x00, 0x19, 0x00, 0x00, 0x00,
  0x00, 0x00, 0x00, 0x02, 0x2c, 0x02, 0x00, 0x00, 0x44, 0xd9, 0xff, 0xff,
  0x08, 0x00, 0x00, 0x00, 0xcc, 0x00, 0x00, 0x00, 0x18, 0x00, 0x00, 0x00,
  0x00, 0x00, 0x00, 0x00, 0x00, 0x00, 0x00, 0x00, 0x00, 0x00, 0x00, 0x00,
  0x00, 0x00, 0x00, 0x00, 0x00, 0x00, 0x00, 0x00, 0x00, 0x00, 0x00, 0x00,
  0x00, 0x00, 0x00, 0x00, 0x00, 0x00, 0x00, 0x00, 0x00, 0x00, 0x00, 0x00,
  0x00, 0x00, 0x00, 0x00, 0x00, 0x00, 0x00, 0x00, 0x00, 0x00, 0x00, 0x00,
  0x00, 0x00, 0x00, 0x00, 0x00, 0x00, 0x00, 0x00, 0x00, 0x00, 0x00, 0x00,
  0x00, 0x00, 0x00, 0x00, 0x00, 0x00, 0x00, 0x00, 0x00, 0x00, 0x00, 0x00,
  0x00, 0x00, 0x00, 0x00, 0x00, 0x00, 0x00, 0x00, 0x00, 0x00, 0x00, 0x00,
  0x00, 0x00, 0x00, 0x00, 0x00, 0x00, 0x00, 0x00, 0x00, 0x00, 0x00, 0x00,
  0x00, 0x00, 0x00, 0x00, 0x00, 0x00, 0x00, 0x00, 0x00, 0x00, 0x00, 0x00,
  0x00, 0x00, 0x00, 0x00, 0x00, 0x00, 0x00, 0x00, 0x00, 0x00, 0x00, 0x00,
  0x00, 0x00, 0x00, 0x00, 0x00, 0x00, 0x00, 0x00, 0x00, 0x00, 0x00, 0x00,
  0x00, 0x00, 0x00, 0x00, 0x00, 0x00, 0x00, 0x00, 0x00, 0x00, 0x00, 0x00,
  0x00, 0x00, 0x00, 0x00, 0x00, 0x00, 0x00, 0x00, 0x00, 0x00, 0x00, 0x00,
  0x00, 0x00, 0x00, 0x00, 0x00, 0x00, 0x00, 0x00, 0x00, 0x00, 0x00, 0x00,
  0x00, 0x00, 0x00, 0x00, 0x00, 0x00, 0x00, 0x00, 0x00, 0x00, 0x00, 0x00,
  0x00, 0x00, 0x00, 0x00, 0x00, 0x00, 0x00, 0x00, 0x00, 0x00, 0x00, 0x00,
  0x00, 0x00, 0x00, 0x00, 0x18, 0x00, 0x00, 0x00, 0x8e, 0x7c, 0x9b, 0x39,
  0x04, 0xe3, 0xb2, 0x39, 0xc2, 0x66, 0xb4, 0x39, 0x0c, 0x36, 0x07, 0x3a,
  0xc5, 0x8d, 0x7e, 0x39, 0x1c, 0x2f, 0xcd, 0x39, 0x18, 0x92, 0xbc, 0x39,
  0xaa, 0x59, 0xcb, 0x39, 0x0a, 0xa2, 0x8f, 0x39, 0x89, 0xe9, 0xb2, 0x39,
  0x17, 0xe1, 0xac, 0x39, 0x47, 0xe5, 0xb1, 0x39, 0xfa, 0x69, 0x9c, 0x39,
  0x86, 0x63, 0x0e, 0x3a, 0xcc, 0xdb, 0xbc, 0x39, 0xe0, 0x8a, 0xcf, 0x39,
  0x6b, 0x34, 0xc4, 0x39, 0x60, 0xa3, 0x87, 0x39, 0xf1, 0xfd, 0xa1, 0x39,
  0xf3, 0xc3, 0x9f, 0x39, 0x8f, 0xb2, 0x95, 0x39, 0xb1, 0x39, 0xde, 0x39,
  0x11, 0x1d, 0xc8, 0x39, 0x86, 0xad, 0xde, 0x39, 0xea, 0x00, 0x00, 0x00,
  0x6d, 0x6f, 0x64, 0x65, 0x6c, 0x2f, 0x61, 0x63, 0x74, 0x69, 0x76, 0x61,
  0x74, 0x69, 0x6f, 0x6e, 0x2f, 0x52, 0x65, 0x6c, 0x75, 0x36, 0x3b, 0x6d,
  0x6f, 0x64, 0x65, 0x6c, 0x2f, 0x62, 0x61, 0x74, 0x63, 0x68, 0x5f, 0x6e,
  0x6f, 0x72, 0x6d, 0x61, 0x6c, 0x69, 0x7a, 0x61, 0x74, 0x69, 0x6f, 0x6e,
  0x2f, 0x62, 0x61, 0x74, 0x63, 0x68, 0x6e, 0x6f, 0x72, 0x6d, 0x2f, 0x61,
  0x64, 0x64, 0x5f, 0x31, 0x3b, 0x6d, 0x6f, 0x64, 0x65, 0x6c, 0x2f, 0x63,
  0x6f, 0x6e, 0x76, 0x31, 0x64, 0x2f, 0x43, 0x6f, 0x6e, 0x76, 0x31, 0x44,
  0x2f, 0x53, 0x71, 0x75, 0x65, 0x65, 0x7a, 0x65, 0x3b, 0x6d, 0x6f, 0x64,
  0x65, 0x6c, 0x2f, 0x62, 0x61, 0x74, 0x63, 0x68, 0x5f, 0x6e, 0x6f, 0x72,
  0x6d, 0x61, 0x6c, 0x69, 0x7a, 0x61, 0x74, 0x69, 0x6f, 0x6e, 0x2f, 0x62,
  0x61, 0x74, 0x63, 0x68, 0x6e, 0x6f, 0x72, 0x6d, 0x2f, 0x6d, 0x75, 0x6c,
  0x5f, 0x31, 0x3b, 0x6d, 0x6f, 0x64, 0x65, 0x6c, 0x2f, 0x62, 0x61, 0x74,
  0x63, 0x68, 0x5f, 0x6e, 0x6f, 0x72, 0x6d, 0x61, 0x6c, 0x69, 0x7a, 0x61,
  0x74, 0x69, 0x6f, 0x6e, 0x2f, 0x62, 0x61, 0x74, 0x63, 0x68, 0x6e, 0x6f,
  0x72, 0x6d, 0x2f, 0x6d, 0x75, 0x6c, 0x3b, 0x6d, 0x6f, 0x64, 0x65, 0x6c,
  0x2f, 0x62, 0x61, 0x74, 0x63, 0x68, 0x5f, 0x6e, 0x6f, 0x72, 0x6d, 0x61,
  0x6c, 0x69, 0x7a, 0x61, 0x74, 0x69, 0x6f, 0x6e, 0x2f, 0x62, 0x61, 0x74,
  0x63, 0x68, 0x6e, 0x6f, 0x72, 0x6d, 0x2f, 0x73, 0x75, 0x62, 0x3b, 0x6d,
  0x6f, 0x64, 0x65, 0x6c, 0x2f, 0x63, 0x6f, 0x6e, 0x76, 0x31, 0x64, 0x2f,
  0x43, 0x6f, 0x6e, 0x76, 0x31, 0x44, 0x00, 0x00, 0x01, 0x00, 0x00, 0x00,
  0x18, 0x00, 0x00, 0x00, 0xa6, 0xdb, 0xff, 0xff, 0x00, 0x00, 0x00, 0x01,
  0x14, 0x00, 0x00, 0x00, 0x4c, 0x01, 0x00, 0x00, 0x18, 0x00, 0x00, 0x00,
  0x00, 0x00, 0x00, 0x09, 0x78, 0x01, 0x00, 0x00, 0x0a, 0xed, 0xff, 0xff,
  0x03, 0x00, 0x00, 0x00, 0x08, 0x00, 0x00, 0x00, 0xcc, 0x00, 0x00, 0x00,
  0x18, 0x00, 0x00, 0x00, 0x00, 0x00, 0x00, 0x00, 0x00, 0x00, 0x00, 0x00,
  0x00, 0x00, 0x00, 0x00, 0x00, 0x00, 0x00, 0x00, 0x00, 0x00, 0x00, 0x00,
  0x00, 0x00, 0x00, 0x00, 0x00, 0x00, 0x00, 0x00, 0x00, 0x00, 0x00, 0x00,
  0x00, 0x00, 0x00, 0x00, 0x00, 0x00, 0x00, 0x00, 0x00, 0x00, 0x00, 0x00,
  0x00, 0x00, 0x00, 0x00, 0x00, 0x00, 0x00, 0x00, 0x00, 0x00, 0x00, 0x00,
  0x00, 0x00, 0x00, 0x00, 0x00, 0x00, 0x00, 0x00, 0x00, 0x00, 0x00, 0x00,
  0x00, 0x00, 0x00, 0x00, 0x00, 0x00, 0x00, 0x00, 0x00, 0x00, 0x00, 0x00,
  0x00, 0x00, 0x00, 0x00, 0x00, 0x00, 0x00, 0x00, 0x00, 0x00, 0x00, 0x00,
  0x00, 0x00, 0x00, 0x00, 0x00, 0x00, 0x00, 0x00, 0x00, 0x00, 0x00, 0x00,
  0x00, 0x00, 0x00, 0x00, 0x00, 0x00, 0x00, 0x00, 0x00, 0x00, 0x00, 0x00,
  0x00, 0x00, 0x00, 0x00, 0x00, 0x00, 0x00, 0x00, 0x00, 0x00, 0x00, 0x00,
  0x00, 0x00, 0x00, 0x00, 0x00, 0x00, 0x00, 0x00, 0x00, 0x00, 0x00, 0x00,
  0x00, 0x00, 0x00, 0x00, 0x00, 0x00, 0x00, 0x00, 0x00, 0x00, 0x00, 0x00,
  0x00, 0x00, 0x00, 0x00, 0x00, 0x00, 0x00, 0x00, 0x00, 0x00, 0x00, 0x00,
  0x00, 0x00, 0x00, 0x00, 0x00, 0x00, 0x00, 0x00, 0x00, 0x00, 0x00, 0x00,
  0x00, 0x00, 0x00, 0x00, 0x00, 0x00, 0x00, 0x00, 0x00, 0x00, 0x00, 0x00,
  0x00, 0x00, 0x00, 0x00, 0x00, 0x00, 0x00, 0x00, 0x18, 0x00, 0x00, 0x00,
  0x61, 0xba, 0x87, 0x3a, 0x6c, 0x8f, 0x29, 0x3b, 0x88, 0x68, 0x1a, 0x3b,
  0x7a, 0xfe, 0x2e, 0x3b, 0x3a, 0x4e, 0xcc, 0x3a, 0xf5, 0xdc, 0x1f, 0x3b,
  0x91, 0x46, 0x07, 0x3b, 0x97, 0x67, 0xc0, 0x3a, 0xa6, 0xb8, 0x37, 0x3b,
  0xed, 0x02, 0x2b, 0x3b, 0x38, 0x83, 0xea, 0x3a, 0xee, 0xdb, 0xc2, 0x3a,
  0x85, 0xc4, 0x8c, 0x3a, 0x4d, 0xce, 0x29, 0x3b, 0x53, 0x33, 0x2a, 0x3b,
  0xca, 0x9b, 0x16, 0x3b, 0x92, 0xd7, 0xfd, 0x3a, 0x75, 0xba, 0xde, 0x3a,
  0x1d, 0xb8, 0xac, 0x3a, 0x82, 0x41, 0x2b, 0x3b, 0x87, 0xbf, 0xe5, 0x3a,
  0x65, 0xd3, 0x9a, 0x3a, 0xfd, 0xe1, 0x09, 0x3b, 0x71, 0xb4, 0x12, 0x3b,
  0x31, 0x00, 0x00, 0x00, 0x6d, 0x6f, 0x64, 0x65, 0x6c, 0x2f, 0x73, 0x65,
  0x70, 0x61, 0x72, 0x61, 0x62, 0x6c, 0x65, 0x5f, 0x63, 0x6f, 0x6e, 0x76,
  0x31, 0x64, 0x2f, 0x73, 0x65, 0x70, 0x61, 0x72, 0x61, 0x62, 0x6c, 0x65,
  0x5f, 0x63, 0x6f, 0x6e, 0x76, 0x32, 0x64, 0x2f, 0x64, 0x65, 0x70, 0x74,
  0x68, 0x77, 0x69, 0x73, 0x65, 0x00, 0x00, 0x00, 0x04, 0x00, 0x00, 0x00,
  0x01, 0x00, 0x00, 0x00, 0x01, 0x00, 0x00, 0x00, 0x03, 0x00, 0x00, 0x00,
  0x18, 0x00, 0x00, 0x00, 0x4a, 0xdd, 0xff, 0xff, 0x00, 0x00, 0x00, 0x01,
  0x14, 0x00, 0x00, 0x00, 0x48, 0x01, 0x00, 0x00, 0x17, 0x00, 0x00, 0x00,
  0x00, 0x00, 0x00, 0x02, 0x50, 0x01, 0x00, 0x00, 0x34, 0xdd, 0xff, 0xff,
  0x08, 0x00, 0x00, 0x00, 0xcc, 0x00, 0x00, 0x00, 0x18, 0x00, 0x00, 0x00,
  0x00, 0x00, 0x00, 0x00, 0x00, 0x00, 0x00, 0x00, 0x00, 0x00, 0x00, 0x00,
  0x00, 0x00, 0x00, 0x00, 0x00, 0x00, 0x00, 0x00, 0x00, 0x00, 0x00, 0x00,
  0x00, 0x00, 0x00, 0x00, 0x00, 0x00, 0x00, 0x00, 0x00, 0x00, 0x00, 0x00,
  0x00, 0x00, 0x00, 0x00, 0x00, 0x00, 0x00, 0x00, 0x00, 0x00, 0x00, 0x00,
  0x00, 0x00, 0x00, 0x00, 0x00, 0x00, 0x00, 0x00, 0x00, 0x00, 0x00, 0x00,
  0x00, 0x00, 0x00, 0x00, 0x00, 0x00, 0x00, 0x00, 0x00, 0x00, 0x00, 0x00,
  0x00, 0x00, 0x00, 0x00, 0x00, 0x00, 0x00, 0x00, 0x00, 0x00, 0x00, 0x00,
  0x00, 0x00, 0x00, 0x00, 0x00, 0x00, 0x00, 0x00, 0x00, 0x00, 0x00, 0x00,
  0x00, 0x00, 0x00, 0x00, 0x00, 0x00, 0x00, 0x00, 0x00, 0x00, 0x00, 0x00,
  0x00, 0x00, 0x00, 0x00, 0x00, 0x00, 0x00, 0x00, 0x00, 0x00, 0x00, 0x00,
  0x00, 0x00, 0x00, 0x00, 0x00, 0x00, 0x00, 0x00, 0x00, 0x00, 0x00, 0x00,
  0x00, 0x00, 0x00, 0x00, 0x00, 0x00, 0x00, 0x00, 0x00, 0x00, 0x00, 0x00,
  0x00, 0x00, 0x00, 0x00, 0x00, 0x00, 0x00, 0x00, 0x00, 0x00, 0x00, 0x00,
  0x00, 0x00, 0x00, 0x00, 0x00, 0x00, 0x00, 0x00, 0x00, 0x00, 0x00, 0x00,
  0x00, 0x00, 0x00, 0x00, 0x00, 0x00, 0x00, 0x00, 0x00, 0x00, 0x00, 0x00,
  0x00, 0x00, 0x00, 0x00, 0x00, 0x00, 0x00, 0x00, 0x00, 0x00, 0x00, 0x00,
  0x00, 0x00, 0x00, 0x00, 0x18, 0x00, 0x00, 0x00, 0xf6, 0x63, 0xcc, 0x37,
  0x79, 0x56, 0x7f, 0x38, 0x52, 0x85, 0x68, 0x38, 0x9e, 0xc2, 0x83, 0x38,
  0x80, 0xd4, 0x19, 0x38, 0x2c, 0xbc, 0x70, 0x38, 0x8f, 0xb5, 0x4b, 0x38,
  0x90, 0xde, 0x10, 0x38, 0xd1, 0x54, 0x8a, 0x38, 0xf5, 0xc2, 0x80, 0x38,
  0xfd, 0x92, 0x30, 0x38, 0xaa, 0xb7, 0x12, 0x38, 0xc3, 0xfa, 0xd3, 0x37,
  0x29, 0xb5, 0x7f, 0x38, 0xa5, 0x26, 0x80, 0x38, 0x7c, 0xcc, 0x62, 0x38,
  0xcf, 0x20, 0x3f, 0x38, 0x8c, 0xb3, 0x27, 0x38, 0x22, 0x0c, 0x02, 0x38,
  0x14, 0xf2, 0x80, 0x38, 0xa2, 0xfc, 0x2c, 0x38, 0x3e, 0x26, 0xe9, 0x37,
  0x9e, 0xa2, 0x4f, 0x38, 0x95, 0xeb, 0x5c, 0x38, 0x0f, 0x00, 0x00, 0x00,
  0x61, 0x72, 0x69, 0x74, 0x68, 0x2e, 0x63, 0x6f, 0x6e, 0x73, 0x74, 0x61,
  0x6e, 0x74, 0x32, 0x00, 0x01, 0x00, 0x00, 0x00, 0x18, 0x00, 0x00, 0x00,
  0xba, 0xde, 0xff, 0xff, 0x00, 0x00, 0x00, 0x01, 0x14, 0x00, 0x00, 0x00,
  0xa4, 0x01, 0x00, 0x00, 0x16, 0x00, 0x00, 0x00, 0x00, 0x00, 0x00, 0x09,
  0x3c, 0x02, 0x00, 0x00, 0xa4, 0xde, 0xff, 0xff, 0x08, 0x00, 0x00, 0x00,
  0x08, 0x01, 0x00, 0x00, 0x20, 0x00, 0x00, 0x00, 0x00, 0x00, 0x00, 0x00,
  0x00, 0x00, 0x00, 0x00, 0x00, 0x00, 0x00, 0x00, 0x00, 0x00, 0x00, 0x00,
  0x00, 0x00, 0x00, 0x00, 0x00, 0x00, 0x00, 0x00, 0x00, 0x00, 0x00, 0x00,
  0x00, 0x00, 0x00, 0x00, 0x00, 0x00, 0x00, 0x00, 0x00, 0x00, 0x00, 0x00,
  0x00, 0x00, 0x00, 0x00, 0x00, 0x00, 0x00, 0x00, 0x00, 0x00, 0x00, 0x00,
  0x00, 0x00, 0x00, 0x00, 0x00, 0x00, 0x00, 0x00, 0x00, 0x00, 0x00, 0x00,
  0x00, 0x00, 0x00, 0x00, 0x00, 0x00, 0x00, 0x00, 0x00, 0x00, 0x00, 0x00,
  0x00, 0x00, 0x00, 0x00, 0x00, 0x00, 0x00, 0x00, 0x00, 0x00, 0x00, 0x00,
  0x00, 0x00, 0x00, 0x00, 0x00, 0x00, 0x00, 0x00, 0x00, 0x00, 0x00, 0x00,
  0x00, 0x00, 0x00, 0x00, 0x00, 0x00, 0x00, 0x00, 0x00, 0x00, 0x00, 0x00,
  0x00, 0x00, 0x00, 0x00, 0x00, 0x00, 0x00, 0x00, 0x00, 0x00, 0x00, 0x00,
  0x00, 0x00, 0x00, 0x00, 0x00, 0x00, 0x00, 0x00, 0x00, 0x00, 0x00, 0x00,
  0x00, 0x00, 0x00, 0x00, 0x00, 0x00, 0x00, 0x00, 0x00, 0x00, 0x00, 0x00,
  0x00, 0x00, 0x00, 0x00, 0x00, 0x00, 0x00, 0x00, 0x00, 0x00, 0x00, 0x00,
  0x00, 0x00, 0x00, 0x00, 0x00, 0x00, 0x00, 0x00, 0x00, 0x00, 0x00, 0x00,
  0x00, 0x00, 0x00, 0x00, 0x00, 0x00, 0x00, 0x00, 0x00, 0x00, 0x00, 0x00,
  0x00, 0x00, 0x00, 0x00, 0x00, 0x00, 0x00, 0x00, 0x00, 0x00, 0x00, 0x00,
  0x00, 0x00, 0x00, 0x00, 0x00, 0x00, 0x00, 0x00, 0x00, 0x00, 0x00, 0x00,
  0x00, 0x00, 0x00, 0x00, 0x00, 0x00, 0x00, 0x00, 0x00, 0x00, 0x00, 0x00,
  0x00, 0x00, 0x00, 0x00, 0x00, 0x00, 0x00, 0x00, 0x00, 0x00, 0x00, 0x00,
  0x00, 0x00, 0x00, 0x00, 0x00, 0x00, 0x00, 0x00, 0x00, 0x00, 0x00, 0x00,
  0x00, 0x00, 0x00, 0x00, 0x00, 0x00, 0x00, 0x00, 0x00, 0x00, 0x00, 0x00,
  0x20, 0x00, 0x00, 0x00, 0xa8, 0x70, 0x96, 0x3c, 0x65, 0xa4, 0x89, 0x3c,
  0xf3, 0x07, 0x3e, 0x3c, 0xbf, 0xfa, 0x5d, 0x3c, 0x0d, 0x1c, 0xa5, 0x3c,
  0x56, 0x5a, 0xe5, 0x3c, 0xd5, 0xae, 0x6f, 0x3c, 0x4e, 0xb0, 0x88, 0x3c,
  0xf6, 0x17, 0x89, 0x3c, 0xfd, 0x4a, 0xa8, 0x3c, 0x2a, 0xfb, 0xa8, 0x3c,
  0x32, 0xc3, 0x81, 0x3c, 0x4f, 0x90, 0xad, 0x3c, 0x4e, 0x08, 0x9b, 0x3c,
  0x12, 0xc3, 0x79, 0x3c, 0xee, 0x79, 0x70, 0x3c, 0xa8, 0x8b, 0xa1, 0x3c,
  0x18, 0xc8, 0x60, 0x3c, 0xc5, 0x6f, 0x81, 0x3c, 0xf2, 0xe0, 0x8c, 0x3c,
  0x0f, 0x61, 0x91, 0x3c, 0x8b, 0xdf, 0xa6, 0x3c, 0xe8, 0xf1, 0x66, 0x3c,
  0x75, 0x1d, 0x44, 0x3c, 0x5a, 0xdd, 0x1a, 0x3c, 0x07, 0x68, 0x8d, 0x3c,
  0xdb, 0xa5, 0xad, 0x3c, 0x2d, 0xdc, 0x91, 0x3c, 0x2a, 0xda, 0x68, 0x3c,
  0xf8, 0xe8, 0xa6, 0x3c, 0x53, 0x6f, 0x47, 0x3c, 0xe5, 0x3a, 0xa9, 0x3c,
  0x9c, 0x00, 0x00, 0x00, 0x6d, 0x6f, 0x64, 0x65, 0x6c, 0x2f, 0x62, 0x61,
  0x74, 0x63, 0x68, 0x5f, 0x6e, 0x6f, 0x72, 0x6d, 0x61, 0x6c, 0x69, 0x7a,
  0x61, 0x74, 0x69, 0x6f, 0x6e, 0x5f, 0x31, 0x2f, 0x62, 0x61, 0x74, 0x63,
  0x68, 0x6e, 0x6f, 0x72, 0x6d, 0x2f, 0x6d, 0x75, 0x6c, 0x5f, 0x31, 0x3b,
  0x6d, 0x6f, 0x64, 0x65, 0x6c, 0x2f, 0x73, 0x65, 0x70, 0x61, 0x72, 0x61,
  0x62, 0x6c, 0x65, 0x5f, 0x63, 0x6f, 0x6e, 0x76, 0x31, 0x64, 0x2f, 0x53,
  0x71, 0x75, 0x65, 0x65, 0x7a, 0x65, 0x3b, 0x6d, 0x6f, 0x64, 0x65, 0x6c,
  0x2f, 0x62, 0x61, 0x74, 0x63, 0x68, 0x5f, 0x6e, 0x6f, 0x72, 0x6d, 0x61,
  0x6c, 0x69, 0x7a, 0x61, 0x74, 0x69, 0x6f, 0x6e, 0x5f, 0x31, 0x2f, 0x62,
  0x61, 0x74, 0x63, 0x68, 0x6e, 0x6f, 0x72, 0x6d, 0x2f, 0x6d, 0x75, 0x6c,
  0x3b, 0x6d, 0x6f, 0x64, 0x65, 0x6c, 0x2f, 0x73, 0x65, 0x70, 0x61, 0x72,
  0x61, 0x62, 0x6c, 0x65, 0x5f, 0x63, 0x6f, 0x6e, 0x76, 0x31, 0x64, 0x2f,
  0x73, 0x65, 0x70, 0x61, 0x72, 0x61, 0x62, 0x6c, 0x65, 0x5f, 0x63, 0x6f,
  0x6e, 0x76, 0x32, 0x64, 0x00, 0x00, 0x00, 0x00, 0x04, 0x00, 0x00, 0x00,
  0x20, 0x00, 0x00, 0x00, 0x01, 0x00, 0x00, 0x00, 0x01, 0x00, 0x00, 0x00,
  0x18, 0x00, 0x00, 0x00, 0x22, 0xe1, 0xff, 0xff, 0x00, 0x00, 0x00, 0x01,
  0x14, 0x00, 0x00, 0x00, 0xa8, 0x01, 0x00, 0x00, 0x15, 0x00, 0x00, 0x00,
  0x00, 0x00, 0x00, 0x02, 0xac, 0x02, 0x00, 0x00, 0x0c, 0xe1, 0xff, 0xff,
  0x08, 0x00, 0x00, 0x00, 0x0c, 0x01, 0x00, 0x00, 0x20, 0x00, 0x00, 0x00,
  0x00, 0x00, 0x00, 0x00, 0x00, 0x00, 0x00, 0x00, 0x00, 0x00, 0x00, 0x00,
  0x00, 0x00, 0x00, 0x00, 0x00, 0x00, 0x00, 0x00, 0x00, 0x00, 0x00, 0x00,
  0x00, 0x00, 0x00, 0x00, 0x00, 0x00, 0x00, 0x00, 0x00, 0x00, 0x00, 0x00,
  0x00, 0x00, 0x00, 0x00, 0x00, 0x00, 0x00, 0x00, 0x00, 0x00, 0x00, 0x00,
  0x00, 0x00, 0x00, 0x00, 0x00, 0x00, 0x00, 0x00, 0x00, 0x00, 0x00, 0x00,
  0x00, 0x00, 0x00, 0x00, 0x00, 0x00, 0x00, 0x00, 0x00, 0x00, 0x00, 0x00,
  0x00, 0x00, 0x00, 0x00, 0x00, 0x00, 0x00, 0x00, 0x00, 0x00, 0x00, 0x00,
  0x00, 0x00, 0x00, 0x00, 0x00, 0x00, 0x00, 0x00, 0x00, 0x00, 0x00, 0x00,
  0x00, 0x00, 0x00, 0x00, 0x00, 0x00, 0x00, 0x00, 0x00, 0x00, 0x00, 0x00,
  0x00, 0x00, 0x00, 0x00, 0x00, 0x00, 0x00, 0x00, 0x00, 0x00, 0x00, 0x00,
  0x00, 0x00, 0x00, 0x00, 0x00, 0x00, 0x00, 0x00, 0x00, 0x00, 0x00, 0x00,
  0x00, 0x00, 0x00, 0x00, 0x00, 0x00, 0x00, 0x00, 0x00, 0x00, 0x00, 0x00,
  0x00, 0x00, 0x00, 0x00, 0x00, 0x00, 0x00, 0x00, 0x00, 0x00, 0x00, 0x00,
  0x00, 0x00, 0x00, 0x00, 0x00, 0x00, 0x00, 0x00, 0x00, 0x00, 0x00, 0x00,
  0x00, 0x00, 0x00, 0x00, 0x00, 0x00, 0x00, 0x00, 0x00, 0x00, 0x00, 0x00,
  0x00, 0x00, 0x00, 0x00, 0x00, 0x00, 0x00, 0x00, 0x00, 0x00, 0x00, 0x00,
  0x00, 0x00, 0x00, 0x00, 0x00, 0x00, 0x00, 0x00, 0x00, 0x00, 0x00, 0x00,
  0x00, 0x00, 0x00, 0x00, 0x00, 0x00, 0x00, 0x00, 0x00, 0x00, 0x00, 0x00,
  0x00, 0x00, 0x00, 0x00, 0x00, 0x00, 0x00, 0x00, 0x00, 0x00, 0x00, 0x00,
  0x00, 0x00, 0x00, 0x00, 0x00, 0x00, 0x00, 0x00, 0x00, 0x00, 0x00, 0x00,
  0x00, 0x00, 0x00, 0x00, 0x00, 0x00, 0x00, 0x00, 0x00, 0x00, 0x00, 0x00,
  0x00, 0x00, 0x00, 0x00, 0x00, 0x00, 0x00, 0x00, 0x20, 0x00, 0x00, 0x00,
  0xe1, 0x34, 0x15, 0x3a, 0x7b, 0x83, 0x08, 0x3a, 0x12, 0x79, 0xbc, 0x39,
  0xce, 0x28, 0xdc, 0x39, 0x7b, 0xc1, 0x23, 0x3a, 0xeb, 0x78, 0x63, 0x3a,
  0xbb, 0xb7, 0xed, 0x39, 0x64, 0x91, 0x07, 0x3a, 0x33, 0xf8, 0x07, 0x3a,
  0xbd, 0xe9, 0x26, 0x3a, 0x78, 0x98, 0x27, 0x3a, 0xd2, 0xb2, 0x00, 0x3a,
  0xfe, 0x23, 0x2c, 0x3a, 0xe3, 0xc2, 0x19, 0x3a, 0xd0, 0xb6, 0xf7, 0x39,
  0x2a, 0x81, 0xee, 0x39, 0x91, 0x38, 0x20, 0x3a, 0x45, 0xf0, 0xde, 0x39,
  0x14, 0x60, 0x00, 0x3a, 0x3d, 0xb9, 0x0b, 0x3a, 0xe7, 0x2f, 0x10, 0x3a,
  0x45, 0x81, 0x25, 0x3a, 0x25, 0x0d, 0xe5, 0x39, 0xce, 0x81, 0xc2, 0x39,
  0x49, 0x98, 0x99, 0x39, 0x36, 0x3f, 0x0c, 0x3a, 0x5d, 0x39, 0x2c, 0x3a,
  0x03, 0xaa, 0x10, 0x3a, 0x67, 0xf1, 0xe6, 0x39, 0x9f, 0x8a, 0x25, 0x3a,
  0xb4, 0xcc, 0xc5, 0x39, 0xad, 0xd7, 0x27, 0x3a, 0x0b, 0x01, 0x00, 0x00,
  0x6d, 0x6f, 0x64, 0x65, 0x6c, 0x2f, 0x61, 0x63, 0x74, 0x69, 0x76, 0x61,
  0x74, 0x69, 0x6f, 0x6e, 0x5f, 0x31, 0x2f, 0x52, 0x65, 0x6c, 0x75, 0x36,
  0x3b, 0x6d, 0x6f, 0x64, 0x65, 0x6c, 0x2f, 0x62, 0x61, 0x74, 0x63, 0x68,
  0x5f, 0x6e, 0x6f, 0x72, 0x6d, 0x61, 0x6c, 0x69, 0x7a, 0x61, 0x74, 0x69,
  0x6f, 0x6e, 0x5f, 0x31, 0x2f, 0x62, 0x61, 0x74, 0x63, 0x68, 0x6e, 0x6f,
  0x72, 0x6d, 0x2f, 0x61, 0x64, 0x64, 0x5f, 0x31, 0x3b, 0x6d, 0x6f, 0x64,
  0x65, 0x6c, 0x2f, 0x73, 0x65, 0x70, 0x61, 0x72, 0x61, 0x62, 0x6c, 0x65,
  0x5f, 0x63, 0x6f, 0x6e, 0x76, 0x31, 0x64, 0x2f, 0x53, 0x71, 0x75, 0x65,
  0x65, 0x7a, 0x65, 0x3b, 0x6d, 0x6f, 0x64, 0x65, 0x6c, 0x2f, 0x62, 0x61,
  0x74, 0x63, 0x68, 0x5f, 0x6e, 0x6f, 0x72, 0x6d, 0x61, 0x6c, 0x69, 0x7a,
  0x61, 0x74, 0x69, 0x6f, 0x6e, 0x5f, 0x31, 0x2f, 0x62, 0x61, 0x74, 0x63,
  0x68, 0x6e, 0x6f, 0x72, 0x6d, 0x2f, 0x6d, 0x75, 0x6c, 0x5f, 0x31, 0x3b,
  0x6d, 0x6f, 0x64, 0x65, 0x6c, 0x2f, 0x62, 0x61, 0x74, 0x63, 0x68, 0x5f,
  0x6e, 0x6f, 0x72, 0x6d, 0x61, 0x6c, 0x69, 0x7a, 0x61, 0x74, 0x69, 0x6f,
  0x6e, 0x5f, 0x31, 0x2f, 0x62, 0x61, 0x74, 0x63, 0x68, 0x6e, 0x6f, 0x72,
  0x6d, 0x2f, 0x6d, 0x75, 0x6c, 0x3b, 0x6d, 0x6f, 0x64, 0x65, 0x6c, 0x2f,
  0x62, 0x61, 0x74, 0x63, 0x68, 0x5f, 0x6e, 0x6f, 0x72, 0x6d, 0x61, 0x6c,
  0x69, 0x7a, 0x61, 0x74, 0x69, 0x6f, 0x6e, 0x5f, 0x31, 0x2f, 0x62, 0x61,
  0x74, 0x63, 0x68, 0x6e, 0x6f, 0x72, 0x6d, 0x2f, 0x73, 0x75, 0x62, 0x3b,
  0x6d, 0x6f, 0x64, 0x65, 0x6c, 0x2f, 0x73, 0x65, 0x70, 0x61, 0x72, 0x61,
  0x62, 0x6c, 0x65, 0x5f, 0x63, 0x6f, 0x6e, 0x76, 0x31, 0x64, 0x2f, 0x73,
  0x65, 0x70, 0x61, 0x72, 0x61, 0x62, 0x6c, 0x65, 0x5f, 0x63, 0x6f, 0x6e,
  0x76, 0x32, 0x64, 0x00, 0x01, 0x00, 0x00, 0x00, 0x20, 0x00, 0x00, 0x00,
  0xee, 0xe3, 0xff, 0xff, 0x00, 0x00, 0x00, 0x01, 0x14, 0x00, 0x00, 0x00,
  0xac, 0x01, 0x00, 0x00, 0x14, 0x00, 0x00, 0x00, 0x00, 0x00, 0x00, 0x09,
  0xd8, 0x01, 0x00, 0x00, 0x52, 0xf5, 0xff, 0xff, 0x03, 0x00, 0x00, 0x00,
  0x08, 0x00, 0x00, 0x00, 0x0c, 0x01, 0x00, 0x00, 0x20, 0x00, 0x00, 0x00,
  0x00, 0x00, 0x00, 0x00, 0x00, 0x00, 0x00, 0x00, 0x00, 0x00, 0x00, 0x00,
  0x00, 0x00, 0x00, 0x00, 0x00, 0x00, 0x00, 0x00, 0x00, 0x00, 0x00, 0x00,
  0x00, 0x00, 0x00, 0x00, 0x00, 0x00, 0x00, 0x00, 0x00, 0x00, 0x00, 0x00,
  0x00, 0x00, 0x00, 0x00, 0x00, 0x00, 0x00, 0x00, 0x00, 0x00, 0x00, 0x00,
  0x00, 0x00, 0x00, 0x00, 0x00, 0x00, 0x00, 0x00, 0x00, 0x00, 0x00, 0x00,
  0x00, 0x00, 0x00, 0x00, 0x00, 0x00, 0x00, 0x00, 0x00, 0x00, 0x00, 0x00,
  0x00, 0x00, 0x00, 0x00, 0x00, 0x00, 0x00, 0x00, 0x00, 0x00, 0x00, 0x00,
  0x00, 0x00, 0x00, 0x00, 0x00, 0x00, 0x00, 0x00, 0x00, 0x00, 0x00, 0x00,
  0x00, 0x00, 0x00, 0x00, 0x00, 0x00, 0x00, 0x00, 0x00, 0x00, 0x00, 0x00,
  0x00, 0x00, 0x00, 0x00, 0x00, 0x00, 0x00, 0x00, 0x00, 0x00, 0x00, 0x00,
  0x00, 0x00, 0x00, 0x00, 0x00, 0x00, 0x00, 0x00, 0x00, 0x00, 0x00, 0x00,
  0x00, 0x00, 0x00, 0x00, 0x00, 0x00, 0x00, 0x00, 0x00, 0x00, 0x00, 0x00,
  0x00, 0x00, 0x00, 0x00, 0x00, 0x00, 0x00, 0x00, 0x00, 0x00, 0x00, 0x00,
  0x00, 0x00, 0x00, 0x00, 0x00, 0x00, 0x00, 0x00, 0x00, 0x00, 0x00, 0x00,
  0x00, 0x00, 0x00, 0x00, 0x00, 0x00, 0x00, 0x00, 0x00, 0x00, 0x00, 0x00,
  0x00, 0x00, 0x00, 0x00, 0x00, 0x00, 0x00, 0x00, 0x00, 0x00, 0x00, 0x00,
  0x00, 0x00, 0x00, 0x00, 0x00, 0x00, 0x00, 0x00, 0x00, 0x00, 0x00, 0x00,
  0x00, 0x00, 0x00, 0x00, 0x00, 0x00, 0x00, 0x00, 0x00, 0x00, 0x00, 0x00,
  0x00, 0x00, 0x00, 0x00, 0x00, 0x00, 0x00, 0x00, 0x00, 0x00, 0x00, 0x00,
  0x00, 0x00, 0x00, 0x00, 0x00, 0x00, 0x00, 0x00, 0x00, 0x00, 0x00, 0x00,
  0x00, 0x00, 0x00, 0x00, 0x00, 0x00, 0x00, 0x00, 0x00, 0x00, 0x00, 0x00,
  0x00, 0x00, 0x00, 0x00, 0x00, 0x00, 0x00, 0x00, 0x20, 0x00, 0x00, 0x00,
  0xf9, 0x1f, 0xb2, 0x3a, 0x1c, 0x51, 0xce, 0x3a, 0x56, 0x24, 0x0c, 0x3b,
  0x49, 0xdf, 0x27, 0x3b, 0x2f, 0x77, 0xaa, 0x3a, 0x31, 0x21, 0xa3, 0x3a,
  0x6e, 0x68, 0x06, 0x3b, 0x12, 0xac, 0xbd, 0x3a, 0x68, 0x9e, 0xb2, 0x3a,
  0x14, 0x5d, 0xba, 0x3a, 0xed, 0x41, 0x11, 0x3b, 0x9b, 0x66, 0xb3, 0x3a,
  0xa2, 0x19, 0x73, 0x3b, 0x5b, 0x94, 0xec, 0x3a, 0x41, 0x96, 0xe3, 0x3a,
  0x7a, 0xcb, 0xf0, 0x3a, 0x9b, 0xc2, 0x23, 0x3b, 0x7a, 0x87, 0xeb, 0x3a,
  0xa2, 0x96, 0x28, 0x3b, 0xf4, 0xbf, 0xd8, 0x3a, 0x78, 0x4f, 0xe7, 0x3a,
  0xff, 0x32, 0xb4, 0x3a, 0x76, 0xd3, 0xf5, 0x3a, 0xf7, 0xf0, 0x0d, 0x3b,
  0x58, 0x04, 0x02, 0x3b, 0x23, 0xb5, 0xc9, 0x3a, 0x0f, 0x30, 0xed, 0x3a,
  0x91, 0x7e, 0x8b, 0x3a, 0x4d, 0x70, 0x31, 0x3b, 0x68, 0xc1, 0xcc, 0x3a,
  0x5a, 0xd7, 0xd4, 0x3a, 0x7b, 0x1f, 0x4e, 0x3b, 0x33, 0x00, 0x00, 0x00,
  0x6d, 0x6f, 0x64, 0x65, 0x6c, 0x2f, 0x73, 0x65, 0x70, 0x61, 0x72, 0x61,
  0x62, 0x6c, 0x65, 0x5f, 0x63, 0x6f, 0x6e, 0x76, 0x31, 0x64, 0x5f, 0x31,
  0x2f, 0x73, 0x65, 0x70, 0x61, 0x72, 0x61, 0x62, 0x6c, 0x65, 0x5f, 0x63,
  0x6f, 0x6e, 0x76, 0x32, 0x64, 0x2f, 0x64, 0x65, 0x70, 0x74, 0x68, 0x77,
  0x69, 0x73, 0x65, 0x00, 0x04, 0x00, 0x00, 0x00, 0x01, 0x00, 0x00, 0x00,
  0x01, 0x00, 0x00, 0x00, 0x03, 0x00, 0x00, 0x00, 0x20, 0x00, 0x00, 0x00,
  0xf2, 0xe5, 0xff, 0xff, 0x00, 0x00, 0x00, 0x01, 0x14, 0x00, 0x00, 0x00,
  0xa8, 0x01, 0x00, 0x00, 0x13, 0x00, 0x00, 0x00, 0x00, 0x00, 0x00, 0x02,
  0xb0, 0x01, 0x00, 0x00, 0xdc, 0xe5, 0xff, 0xff, 0x08, 0x00, 0x00, 0x00,
  0x0c, 0x01, 0x00, 0x00, 0x20, 0x00, 0x00, 0x00, 0x00, 0x00, 0x00, 0x00,
  0x00, 0x00, 0x00, 0x00, 0x00, 0x00, 0x00, 0x00, 0x00, 0x00, 0x00, 0x00,
  0x00, 0x00, 0x00, 0x00, 0x00, 0x00, 0x00, 0x00, 0x00, 0x00, 0x00, 0x00,
  0x00, 0x00, 0x00, 0x00, 0x00, 0x00, 0x00, 0x00, 0x00, 0x00, 0x00, 0x00,
  0x00, 0x00, 0x00, 0x00, 0x00, 0x00, 0x00, 0x00, 0x00, 0x00, 0x00, 0x00,
  0x00, 0x00, 0x00, 0x00, 0x00, 0x00, 0x00, 0x00, 0x00, 0x00, 0x00, 0x00,
  0x00, 0x00, 0x00, 0x00, 0x00, 0x00, 0x00, 0x00, 0x00, 0x00, 0x00, 0x00,
  0x00, 0x00, 0x00, 0x00, 0x00, 0x00, 0x00, 0x00, 0x00, 0x00, 0x00, 0x00,
  0x00, 0x00, 0x00, 0x00, 0x00, 0x00, 0x00, 0x00, 0x00, 0x00, 0x00, 0x00,
  0x00, 0x00, 0x00, 0x00, 0x00, 0x00, 0x00, 0x00, 0x00, 0x00, 0x00, 0x00,
  0x00, 0x00, 0x00, 0x00, 0x00, 0x00, 0x00, 0x00, 0x00, 0x00, 0x00, 0x00,
  0x00, 0x00, 0x00, 0x00, 0x00, 0x00, 0x00, 0x00, 0x00, 0x00, 0x00, 0x00,
  0x00, 0x00, 0x00, 0x00, 0x00, 0x00, 0x00, 0x00, 0x00, 0x00, 0x00, 0x00,
  0x00, 0x00, 0x00, 0x00, 0x00, 0x00, 0x00, 0x00, 0x00, 0x00, 0x00, 0x00,
  0x00, 0x00, 0x00, 0x00, 0x00, 0x00, 0x00, 0x00, 0x00, 0x00, 0x00, 0x00,
  0x00, 0x00, 0x00, 0x00, 0x00, 0x00, 0x00, 0x00, 0x00, 0x00, 0x00, 0x00,
  0x00, 0x00, 0x00, 0x00, 0x00, 0x00, 0x00, 0x00, 0x00, 0x00, 0x00, 0x00,
  0x00, 0x00, 0x00, 0x00, 0x00, 0x00, 0x00, 0x00, 0x00, 0x00, 0x00, 0x00,
  0x00, 0x00, 0x00, 0x00, 0x00, 0x00, 0x00, 0x00, 0x00, 0x00, 0x00, 0x00,
  0x00, 0x00, 0x00, 0x00, 0x00, 0x00, 0x00, 0x00, 0x00, 0x00, 0x00, 0x00,
  0x00, 0x00, 0x00, 0x00, 0x00, 0x00, 0x00, 0x00, 0x00, 0x00, 0x00, 0x00,
  0x00, 0x00, 0x00, 0x00, 0x00, 0x00, 0x00, 0x00, 0x00, 0x00, 0x00, 0x00,
  0x00, 0x00, 0x00, 0x00, 0x20, 0x00, 0x00, 0x00, 0x19, 0x1e, 0x06, 0x38,
  0x2d, 0x58, 0x1b, 0x38, 0x8b, 0x09, 0x53, 0x38, 0xba, 0xcb, 0x7c, 0x38,
  0xbd, 0x59, 0x00, 0x38, 0x71, 0xa7, 0xf5, 0x37, 0x0c, 0x67, 0x4a, 0x38,
  0xde, 0xcf, 0x0e, 0x38, 0x4b, 0x7d, 0x06, 0x38, 0x21, 0x52, 0x0c, 0x38,
  0xa1, 0xbd, 0x5a, 0x38, 0x08, 0x14, 0x07, 0x38, 0x44, 0x0a, 0xb7, 0x38,
  0x66, 0x21, 0x32, 0x38, 0x0d, 0x5c, 0x2b, 0x38, 0xea, 0x4d, 0x35, 0x38,
  0x83, 0x9a, 0x76, 0x38, 0xf3, 0x56, 0x31, 0x38, 0xd3, 0xdf, 0x7d, 0x38,
  0x2a, 0x33, 0x23, 0x38, 0xc4, 0x29, 0x2e, 0x38, 0xed, 0xad, 0x07, 0x38,
  0xb0, 0x17, 0x39, 0x38, 0x32, 0xbf, 0x55, 0x38, 0x4f, 0xca, 0x43, 0x38,
  0xba, 0xdf, 0x17, 0x38, 0xa2, 0x96, 0x32, 0x38, 0xea, 0x0f, 0xd2, 0x37,
  0xd4, 0x99, 0x85, 0x38, 0x39, 0x2b, 0x1a, 0x38, 0xc5, 0x41, 0x20, 0x38,
  0xcf, 0x32, 0x9b, 0x38, 0x0f, 0x00, 0x00, 0x00, 0x61, 0x72, 0x69, 0x74,
  0x68, 0x2e, 0x63, 0x6f, 0x6e, 0x73, 0x74, 0x61, 0x6e, 0x74, 0x31, 0x00,
  0x01, 0x00, 0x00, 0x00, 0x20, 0x00, 0x00, 0x00, 0xc2, 0xe7, 0xff, 0xff,
  0x00, 0x00, 0x00, 0x01, 0x14, 0x00, 0x00, 0x00, 0x68, 0x02, 0x00, 0x00,
  0x12, 0x00, 0x00, 0x00, 0x00, 0x00, 0x00, 0x09, 0x04, 0x03, 0x00, 0x00,
  0xac, 0xe7, 0xff, 0xff, 0x08, 0x00, 0x00, 0x00, 0x8c, 0x01, 0x00, 0x00,
  0x30, 0x00, 0x00, 0x00, 0x00, 0x00, 0x00, 0x00, 0x00, 0x00, 0x00, 0x00,
  0x00, 0x00, 0x00, 0x00, 0x00, 0x00, 0x00, 0x00, 0x00, 0x00, 0x00, 0x00,
  0x00, 0x00, 0x00, 0x00, 0x00, 0x00, 0x00, 0x00, 0x00, 0x00, 0x00, 0x00,
  0x00, 0x00, 0x00, 0x00, 0x00, 0x00, 0x00, 0x00, 0x00, 0x00, 0x00, 0x00,
  0x00, 0x00, 0x00, 0x00, 0x00, 0x00, 0x00, 0x00, 0x00, 0x00, 0x00, 0x00,
  0x00, 0x00, 0x00, 0x00, 0x00, 0x00, 0x00, 0x00, 0x00, 0x00, 0x00, 0x00,
  0x00, 0x00, 0x00, 0x00, 0x00, 0x00, 0x00, 0x00, 0x00, 0x00, 0x00, 0x00,
  0x00, 0x00, 0x00, 0x00, 0x00, 0x00, 0x00, 0x00, 0x00, 0x00, 0x00, 0x00,
  0x00, 0x00, 0x00, 0x00, 0x00, 0x00, 0x00, 0x00, 0x00, 0x00, 0x00, 0x00,
  0x00, 0x00, 0x00, 0x00, 0x00, 0x00, 0x00, 0x00, 0x00, 0x00, 0x00, 0x00,
  0x00, 0x00, 0x00, 0x00, 0x00, 0x00, 0x00, 0x00, 0x00, 0x00, 0x00, 0x00,
  0x00, 0x00, 0x00, 0x00, 0x00, 0x00, 0x00, 0x00, 0x00, 0x00, 0x00, 0x00,
  0x00, 0x00, 0x00, 0x00, 0x00, 0x00, 0x00, 0x00, 0x00, 0x00, 0x00, 0x00,
  0x00, 0x00, 0x00, 0x00, 0x00, 0x00, 0x00, 0x00, 0x00, 0x00, 0x00, 0x00,
  0x00, 0x00, 0x00, 0x00, 0x00, 0x00, 0x00, 0x00, 0x00, 0x00, 0x00, 0x00,
  0x00, 0x00, 0x00, 0x00, 0x00, 0x00, 0x00, 0x00, 0x00, 0x00, 0x00, 0x00,
  0x00, 0x00, 0x00, 0x00, 0x00, 0x00, 0x00, 0x00, 0x00, 0x00, 0x00, 0x00,
  0x00, 0x00, 0x00, 0x00, 0x00, 0x00, 0x00, 0x00, 0x00, 0x00, 0x00, 0x00,
  0x00, 0x00, 0x00, 0x00, 0x00, 0x00, 0x00, 0x00, 0x00, 0x00, 0x00, 0x00,
  0x00, 0x00, 0x00, 0x00, 0x00, 0x00, 0x00, 0x00, 0x00, 0x00, 0x00, 0x00,
  0x00, 0x00, 0x00, 0x00, 0x00, 0x00, 0x00, 0x00, 0x00, 0x00, 0x00, 0x00,
  0x00, 0x00, 0x00, 0x00, 0x00, 0x00, 0x00, 0x00, 0x00, 0x00, 0x00, 0x00,
  0x00, 0x00, 0x00, 0x00, 0x00, 0x00, 0x00, 0x00, 0x00, 0x00, 0x00, 0x00,
  0x00, 0x00, 0x00, 0x00, 0x00, 0x00, 0x00, 0x00, 0x00, 0x00, 0x00, 0x00,
  0x00, 0x00, 0x00, 0x00, 0x00, 0x00, 0x00, 0x00, 0x00, 0x00, 0x00, 0x00,
  0x00, 0x00, 0x00, 0x00, 0x00, 0x00, 0x00, 0x00, 0x00, 0x00, 0x00, 0x00,
  0x00, 0x00, 0x00, 0x00, 0x00, 0x00, 0x00, 0x00, 0x00, 0x00, 0x00, 0x00,
  0x00, 0x00, 0x00, 0x00, 0x00, 0x00, 0x00, 0x00, 0x00, 0x00, 0x00, 0x00,
  0x00, 0x00, 0x00, 0x00, 0x00, 0x00, 0x00, 0x00, 0x00, 0x00, 0x00, 0x00,
  0x00, 0x00, 0x00, 0x00, 0x00, 0x00, 0x00, 0x00, 0x00, 0x00, 0x00, 0x00,
  0x00, 0x00, 0x00, 0x00, 0x00, 0x00, 0x00, 0x00, 0x00, 0x00, 0x00, 0x00,
  0x00, 0x00, 0x00, 0x00, 0x00, 0x00, 0x00, 0x00, 0x00, 0x00, 0x00, 0x00,
  0x00, 0x00, 0x00, 0x00, 0x00, 0x00, 0x00, 0x00, 0x30, 0x00, 0x00, 0x00,
  0xe6, 0x8d, 0x33, 0x3c, 0x2d, 0x33, 0x3f, 0x3c, 0x3d, 0xb3, 0x07, 0x3d,
  0xb1, 0x40, 0x78, 0x3c, 0x31, 0x34, 0x6b, 0x3c, 0x7b, 0x14, 0x7f, 0x3c,
  0x94, 0x5d, 0x93, 0x3c, 0x23, 0xf6, 0xfc, 0x3c, 0xaf, 0xbd, 0x74, 0x3c,
  0x81, 0xe4, 0xc2, 0x3c, 0xf5, 0xc9, 0x98, 0x3c, 0x3b, 0x2d, 0xb1, 0x3c,
  0x3e, 0xb4, 0xcd, 0x3c, 0xff, 0xeb, 0xb9, 0x3c, 0x7d, 0x20, 0x15, 0x3c,
  0x39, 0x0f, 0x27, 0x3c, 0xbc, 0x9f, 0x63, 0x3c, 0x90, 0x71, 0x82, 0x3c,
  0xa7, 0x87, 0x8c, 0x3c, 0x38, 0xb2, 0x47, 0x3c, 0xd3, 0xe9, 0x55, 0x3c,
  0x68, 0xc9, 0x30, 0x3c, 0xd1, 0x2c, 0x5a, 0x3c, 0xf5, 0x20, 0x9a, 0x3c,
  0x19, 0x90, 0x79, 0x3c, 0x4b, 0x86, 0xbe, 0x3c, 0xaf, 0xe1, 0x01, 0x3c,
  0x8d, 0xfa, 0x80, 0x3c, 0x7c, 0x88, 0x62, 0x3c, 0x28, 0xa2, 0x61, 0x3c,
  0xcc, 0x6c, 0x17, 0x3c, 0x85, 0x02, 0x51, 0x3c, 0x8b, 0xe2, 0x7f, 0x3c,
  0x1d, 0x14, 0xeb, 0x3c, 0x2b, 0xe3, 0xa3, 0x3c, 0x9d, 0x74, 0x7f, 0x3c,
  0xa5, 0xa6, 0xa8, 0x3c, 0xa0, 0x7c, 0x64, 0x3c, 0x89, 0x83, 0x58, 0x3c,
  0xb7, 0xdf, 0x2b, 0x3d, 0x7a, 0xdf, 0x5a, 0x3c, 0x32, 0x0f, 0xab, 0x3c,
  0xdd, 0x08, 0x29, 0x3c, 0xd2, 0xf8, 0x8d, 0x3c, 0x8c, 0x9a, 0xa0, 0x3c,
  0xd1, 0x8c, 0x92, 0x3c, 0x35, 0xfe, 0x52, 0x3c, 0xf0, 0xb4, 0x84, 0x3c,
  0xa0, 0x00, 0x00, 0x00, 0x6d, 0x6f, 0x64, 0x65, 0x6c, 0x2f, 0x62, 0x61,
  0x74, 0x63, 0x68, 0x5f, 0x6e, 0x6f, 0x72, 0x6d, 0x61, 0x6c, 0x69, 0x7a,
  0x61, 0x74, 0x69, 0x6f, 0x6e, 0x5f, 0x32, 0x2f, 0x62, 0x61, 0x74, 0x63,
  0x68, 0x6e, 0x6f, 0x72, 0x6d, 0x2f, 0x6d, 0x75, 0x6c, 0x5f, 0x31, 0x3b,
  0x6d, 0x6f, 0x64, 0x65, 0x6c, 0x2f, 0x73, 0x65, 0x70, 0x61, 0x72, 0x61,
  0x62, 0x6c, 0x65, 0x5f, 0x63, 0x6f, 0x6e, 0x76, 0x31, 0x64, 0x5f, 0x31,
  0x2f, 0x53, 0x71, 0x75, 0x65, 0x65, 0x7a, 0x65, 0x3b, 0x6d, 0x6f, 0x64,
  0x65, 0x6c, 0x2f, 0x62, 0x61, 0x74, 0x63, 0x68, 0x5f, 0x6e, 0x6f, 0x72,
  0x6d, 0x61, 0x6c, 0x69, 0x7a, 0x61, 0x74, 0x69, 0x6f, 0x6e, 0x5f, 0x32,
  0x2f, 0x62, 0x61, 0x74, 0x63, 0x68, 0x6e, 0x6f, 0x72, 0x6d, 0x2f, 0x6d,
  0x75, 0x6c, 0x3b, 0x6d, 0x6f, 0x64, 0x65, 0x6c, 0x2f, 0x73, 0x65, 0x70,
  0x61, 0x72, 0x61, 0x62, 0x6c, 0x65, 0x5f, 0x63, 0x6f, 0x6e, 0x76, 0x31,
  0x64, 0x5f, 0x31, 0x2f, 0x73, 0x65, 0x70, 0x61, 0x72, 0x61, 0x62, 0x6c,
  0x65, 0x5f, 0x63, 0x6f, 0x6e, 0x76, 0x32, 0x64, 0x00, 0x00, 0x00, 0x00,
  0x04, 0x00, 0x00, 0x00, 0x30, 0x00, 0x00, 0x00, 0x01, 0x00, 0x00, 0x00,
  0x01, 0x00, 0x00, 0x00, 0x20, 0x00, 0x00, 0x00, 0xf2, 0xea, 0xff, 0xff,
  0x00, 0x00, 0x00, 0x01, 0x14, 0x00, 0x00, 0x00, 0x68, 0x02, 0x00, 0x00,
  0x11, 0x00, 0x00, 0x00, 0x00, 0x00, 0x00, 0x02, 0x70, 0x03, 0x00, 0x00,
  0xdc, 0xea, 0xff, 0xff, 0x08, 0x00, 0x00, 0x00, 0x8c, 0x01, 0x00, 0x00,
  0x30, 0x00, 0x00, 0x00, 0x00, 0x00, 0x00, 0x00, 0x00, 0x00, 0x00, 0x00,
  0x00, 0x00, 0x00, 0x00, 0x00, 0x00, 0x00, 0x00, 0x00, 0x00, 0x00, 0x00,
  0x00, 0x00, 0x00, 0x00, 0x00, 0x00, 0x00, 0x00, 0x00, 0x00, 0x00, 0x00,
  0x00, 0x00, 0x00, 0x00, 0x00, 0x00, 0x00, 0x00, 0x00, 0x00, 0x00, 0x00,
  0x00, 0x00, 0x00, 0x00, 0x00, 0x00, 0x00, 0x00, 0x00, 0x00, 0x00, 0x00,
  0x00, 0x00, 0x00, 0x00, 0x00, 0x00, 0x00, 0x00, 0x00, 0x00, 0x00, 0x00,
  0x00, 0x00, 0x00, 0x00, 0x00, 0x00, 0x00, 0x00, 0x00, 0x00, 0x00, 0x00,
  0x00, 0x00, 0x00, 0x00, 0x00, 0x00, 0x00, 0x00, 0x00, 0x00, 0x00, 0x00,
  0x00, 0x00, 0x00, 0x00, 0x00, 0x00, 0x00, 0x00, 0x00, 0x00, 0x00, 0x00,
  0x00, 0x00, 0x00, 0x00, 0x00, 0x00, 0x00, 0x00, 0x00, 0x00, 0x00, 0x00,
  0x00, 0x00, 0x00, 0x00, 0x00, 0x00, 0x00, 0x00, 0x00, 0x00, 0x00, 0x00,
  0x00, 0x00, 0x00, 0x00, 0x00, 0x00, 0x00, 0x00, 0x00, 0x00, 0x00, 0x00,
  0x00, 0x00, 0x00, 0x00, 0x00, 0x00, 0x00, 0x00, 0x00, 0x00, 0x00, 0x00,
  0x00, 0x00, 0x00, 0x00, 0x00, 0x00, 0x00, 0x00, 0x00, 0x00, 0x00, 0x00,
  0x00, 0x00, 0x00, 0x00, 0x00, 0x00, 0x00, 0x00, 0x00, 0x00, 0x00, 0x00,
  0x00, 0x00, 0x00, 0x00, 0x00, 0x00, 0x00, 0x00, 0x00, 0x00, 0x00, 0x00,
  0x00, 0x00, 0x00, 0x00, 0x00, 0x00, 0x00, 0x00, 0x00, 0x00, 0x00, 0x00,
  0x00, 0x00, 0x00, 0x00, 0x00, 0x00, 0x00, 0x00, 0x00, 0x00, 0x00, 0x00,
  0x00, 0x00, 0x00, 0x00, 0x00, 0x00, 0x00, 0x00, 0x00, 0x00, 0x00, 0x00,
  0x00, 0x00, 0x00, 0x00, 0x00, 0x00, 0x00, 0x00, 0x00, 0x00, 0x00, 0x00,
  0x00, 0x00, 0x00, 0x00, 0x00, 0x00, 0x00, 0x00, 0x00, 0x00, 0x00, 0x00,
  0x00, 0x00, 0x00, 0x00, 0x00, 0x00, 0x00, 0x00, 0x00, 0x00, 0x00, 0x00,
  0x00, 0x00, 0x00, 0x00, 0x00, 0x00, 0x00, 0x00, 0x00, 0x00, 0x00, 0x00,
  0x00, 0x00, 0x00, 0x00, 0x00, 0x00, 0x00, 0x00, 0x00, 0x00, 0x00, 0x00,
  0x00, 0x00, 0x00, 0x00, 0x00, 0x00, 0x00, 0x00, 0x00, 0x00, 0x00, 0x00,
  0x00, 0x00, 0x00, 0x00, 0x00, 0x00, 0x00, 0x00, 0x00, 0x00, 0x00, 0x00,
  0x00, 0x00, 0x00, 0x00, 0x00, 0x00, 0x00, 0x00, 0x00, 0x00, 0x00, 0x00,
  0x00, 0x00, 0x00, 0x00, 0x00, 0x00, 0x00, 0x00, 0x00, 0x00, 0x00, 0x00,
  0x00, 0x00, 0x00, 0x00, 0x00, 0x00, 0x00, 0x00, 0x00, 0x00, 0x00, 0x00,
  0x00, 0x00, 0x00, 0x00, 0x00, 0x00, 0x00, 0x00, 0x00, 0x00, 0x00, 0x00,
  0x00, 0x00, 0x00, 0x00, 0x00, 0x00, 0x00, 0x00, 0x00, 0x00, 0x00, 0x00,
  0x00, 0x00, 0x00, 0x00, 0x00, 0x00, 0x00, 0x00, 0x00, 0x00, 0x00, 0x00,
  0x00, 0x00, 0x00, 0x00, 0x00, 0x00, 0x00, 0x00, 0x30, 0x00, 0x00, 0x00,
  0x57, 0xb4, 0x79, 0x39, 0x30, 0xf3, 0x84, 0x39, 0x88, 0xb7, 0x3c, 0x3a,
  0x10, 0x9f, 0xac, 0x39, 0x43, 0x8c, 0xa3, 0x39, 0x62, 0x5e, 0xb1, 0x39,
  0x9b, 0xf0, 0xcc, 0x39, 0x44, 0xe5, 0x2f, 0x3a, 0xf1, 0x2d, 0xaa, 0x39,
  0x84, 0x84, 0x07, 0x3a, 0x69, 0x7b, 0xd4, 0x39, 0xdf, 0x65, 0xf6, 0x39,
  0x0d, 0x09, 0x0f, 0x3a, 0xa7, 0x47, 0x01, 0x3a, 0xaf, 0x63, 0x4f, 0x39,
  0xf9, 0x53, 0x68, 0x39, 0xfa, 0x46, 0x9e, 0x39, 0x1d, 0x68, 0xb5, 0x39,
  0x00, 0x6f, 0xc3, 0x39, 0x98, 0xdb, 0x8a, 0x39, 0x60, 0xbe, 0x94, 0x39,
  0x0c, 0xdb, 0x75, 0x39, 0xfe, 0xb4, 0x97, 0x39, 0x6b, 0x58, 0xd6, 0x39,
  0x4a, 0x88, 0xad, 0x39, 0xf9, 0x7a, 0x04, 0x3a, 0x05, 0xa0, 0x34, 0x39,
  0x96, 0x5e, 0xb3, 0x39, 0xcd, 0x84, 0x9d, 0x39, 0xa5, 0xe4, 0x9c, 0x39,
  0xd6, 0x95, 0x52, 0x39, 0x82, 0x55, 0x91, 0x39, 0xaa, 0xed, 0xb1, 0x39,
  0xf5, 0x75, 0x23, 0x3a, 0xa8, 0xea, 0xe3, 0x39, 0x3a, 0xa1, 0xb1, 0x39,
  0x92, 0x8a, 0xea, 0x39, 0x92, 0xe0, 0x9e, 0x39, 0x46, 0x8d, 0x96, 0x39,
  0xfd, 0x05, 0x6f, 0x3a, 0x39, 0x31, 0x98, 0x39, 0x01, 0xe4, 0xed, 0x39,
  0x2a, 0x13, 0x6b, 0x39, 0x66, 0x70, 0xc5, 0x39, 0x9d, 0x59, 0xdf, 0x39,
  0x48, 0xce, 0xcb, 0x39, 0x86, 0xb6, 0x92, 0x39, 0xd8, 0x8d, 0xb8, 0x39,
  0x0f, 0x01, 0x00, 0x00, 0x6d, 0x6f, 0x64, 0x65, 0x6c, 0x2f, 0x61, 0x63,
  0x74, 0x69, 0x76, 0x61, 0x74, 0x69, 0x6f, 0x6e, 0x5f, 0x32, 0x2f, 0x52,
  0x65, 0x6c, 0x75, 0x36, 0x3b, 0x6d, 0x6f, 0x64, 0x65, 0x6c, 0x2f, 0x62,
  0x61, 0x74, 0x63, 0x68, 0x5f, 0x6e, 0x6f, 0x72, 0x6d, 0x61, 0x6c, 0x69,
  0x7a, 0x61, 0x74, 0x69, 0x6f, 0x6e, 0x5f, 0x32, 0x2f, 0x62, 0x61, 0x74,
  0x63, 0x68, 0x6e, 0x6f, 0x72, 0x6d, 0x2f, 0x61, 0x64, 0x64, 0x5f, 0x31,
  0x3b, 0x6d, 0x6f, 0x64, 0x65, 0x6c, 0x2f, 0x73, 0x65, 0x70, 0x61, 0x72,
  0x61, 0x62, 0x6c, 0x65, 0x5f, 0x63, 0x6f, 0x6e, 0x76, 0x31, 0x64, 0x5f,
  0x31, 0x2f, 0x53, 0x71, 0x75, 0x65, 0x65, 0x7a, 0x65, 0x3b, 0x6d, 0x6f,
  0x64, 0x65, 0x6c, 0x2f, 0x62, 0x61, 0x74, 0x63, 0x68, 0x5f, 0x6e, 0x6f,
  0x72, 0x6d, 0x61, 0x6c, 0x69, 0x7a, 0x61, 0x74, 0x69, 0x6f, 0x6e, 0x5f,
  0x32, 0x2f, 0x62, 0x61, 0x74, 0x63, 0x68, 0x6e, 0x6f, 0x72, 0x6d, 0x2f,
  0x6d, 0x75, 0x6c, 0x5f, 0x31, 0x3b, 0x6d, 0x6f, 0x64, 0x65, 0x6c, 0x2f,
  0x62, 0x61, 0x74, 0x63, 0x68, 0x5f, 0x6e, 0x6f, 0x72, 0x6d, 0x61, 0x6c,
  0x69, 0x7a, 0x61, 0x74, 0x69, 0x6f, 0x6e, 0x5f, 0x32, 0x2f, 0x62, 0x61,
  0x74, 0x63, 0x68, 0x6e, 0x6f, 0x72, 0x6d, 0x2f, 0x6d, 0x75, 0x6c, 0x3b,
  0x6d, 0x6f, 0x64, 0x65, 0x6c, 0x2f, 0x62, 0x61, 0x74, 0x63, 0x68, 0x5f,
  0x6e, 0x6f, 0x72, 0x6d, 0x61, 0x6c, 0x69, 0x7a, 0x61, 0x74, 0x69, 0x6f,
  0x6e, 0x5f, 0x32, 0x2f, 0x62, 0x61, 0x74, 0x63, 0x68, 0x6e, 0x6f, 0x72,
  0x6d, 0x2f, 0x73, 0x75, 0x62, 0x3b, 0x6d, 0x6f, 0x64, 0x65, 0x6c, 0x2f,
  0x73, 0x65, 0x70, 0x61, 0x72, 0x61, 0x62, 0x6c, 0x65, 0x5f, 0x63, 0x6f,
  0x6e, 0x76, 0x31, 0x64, 0x5f, 0x31, 0x2f, 0x73, 0x65, 0x70, 0x61, 0x72,
  0x61, 0x62, 0x6c, 0x65, 0x5f, 0x63, 0x6f, 0x6e, 0x76, 0x32, 0x64, 0x00,
  0x01, 0x00, 0x00, 0x00, 0x30, 0x00, 0x00, 0x00, 0x00, 0x00, 0x16, 0x00,
  0x1e, 0x00, 0x18, 0x00, 0x17, 0x00, 0x10, 0x00, 0x0c, 0x00, 0x08, 0x00,
  0x00, 0x00, 0x00, 0x00, 0x00, 0x00, 0x07, 0x00, 0x16, 0x00, 0x00, 0x00,
  0x00, 0x00, 0x00, 0x01, 0x28, 0x00, 0x00, 0x00, 0x80, 0x02, 0x00, 0x00,
  0x10, 0x00, 0x00, 0x00, 0x00, 0x00, 0x00, 0x09, 0xac, 0x02, 0x00, 0x00,
  0x00, 0x00, 0x12, 0x00, 0x10, 0x00, 0x00, 0x00, 0x00, 0x00, 0x0c, 0x00,
  0x08, 0x00, 0x00, 0x00, 0x00, 0x00, 0x04, 0x00, 0x12, 0x00, 0x00, 0x00,
  0x03, 0x00, 0x00, 0x00, 0x08, 0x00, 0x00, 0x00, 0x8c, 0x01, 0x00, 0x00,
  0x30, 0x00, 0x00, 0x00, 0x00, 0x00, 0x00, 0x00, 0x00, 0x00, 0x00, 0x00,
  0x00, 0x00, 0x00, 0x00, 0x00, 0x00, 0x00, 0x00, 0x00, 0x00, 0x00, 0x00,
  0x00, 0x00, 0x00, 0x00, 0x00, 0x00, 0x00, 0x00, 0x00, 0x00, 0x00, 0x00,
  0x00, 0x00, 0x00, 0x00, 0x00, 0x00, 0x00, 0x00, 0x00, 0x00, 0x00, 0x00,
  0x00, 0x00, 0x00, 0x00, 0x00, 0x00, 0x00, 0x00, 0x00, 0x00, 0x00, 0x00,
  0x00, 0x00, 0x00, 0x00, 0x00, 0x00, 0x00, 0x00, 0x00, 0x00, 0x00, 0x00,
  0x00, 0x00, 0x00, 0x00, 0x00, 0x00, 0x00, 0x00, 0x00, 0x00, 0x00, 0x00,
  0x00, 0x00, 0x00, 0x00, 0x00, 0x00, 0x00, 0x00, 0x00, 0x00, 0x00, 0x00,
  0x00, 0x00, 0x00, 0x00, 0x00, 0x00, 0x00, 0x00, 0x00, 0x00, 0x00, 0x00,
  0x00, 0x00, 0x00, 0x00, 0x00, 0x00, 0x00, 0x00, 0x00, 0x00, 0x00, 0x00,
  0x00, 0x00, 0x00, 0x00, 0x00, 0x00, 0x00, 0x00, 0x00, 0x00, 0x00, 0x00,
  0x00, 0x00, 0x00, 0x00, 0x00, 0x00, 0x00, 0x00, 0x00, 0x00, 0x00, 0x00,
  0x00, 0x00, 0x00, 0x00, 0x00, 0x00, 0x00, 0x00, 0x00, 0x00, 0x00, 0x00,
  0x00, 0x00, 0x00, 0x00, 0x00, 0x00, 0x00, 0x00, 0x00, 0x00, 0x00, 0x00,
  0x00, 0x00, 0x00, 0x00, 0x00, 0x00, 0x00, 0x00, 0x00, 0x00, 0x00, 0x00,
  0x00, 0x00, 0x00, 0x00, 0x00, 0x00, 0x00, 0x00, 0x00, 0x00, 0x00, 0x00,
  0x00, 0x00, 0x00, 0x00, 0x00, 0x00, 0x00, 0x00, 0x00, 0x00, 0x00, 0x00,
  0x00, 0x00, 0x00, 0x00, 0x00, 0x00, 0x00, 0x00, 0x00, 0x00, 0x00, 0x00,
  0x00, 0x00, 0x00, 0x00, 0x00, 0x00, 0x00, 0x00, 0x00, 0x00, 0x00, 0x00,
  0x00, 0x00, 0x00, 0x00, 0x00, 0x00, 0x00, 0x00, 0x00, 0x00, 0x00, 0x00,
  0x00, 0x00, 0x00, 0x00, 0x00, 0x00, 0x00, 0x00, 0x00, 0x00, 0x00, 0x00,
  0x00, 0x00, 0x00, 0x00, 0x00, 0x00, 0x00, 0x00, 0x00, 0x00, 0x00, 0x00,
  0x00, 0x00, 0x00, 0x00, 0x00, 0x00, 0x00, 0x00, 0x00, 0x00, 0x00, 0x00,
  0x00, 0x00, 0x00, 0x00, 0x00, 0x00, 0x00, 0x00, 0x00, 0x00, 0x00, 0x00,
  0x00, 0x00, 0x00, 0x00, 0x00, 0x00, 0x00, 0x00, 0x00, 0x00, 0x00, 0x00,
  0x00, 0x00, 0x00, 0x00, 0x00, 0x00, 0x00, 0x00, 0x00, 0x00, 0x00, 0x00,
  0x00, 0x00, 0x00, 0x00, 0x00, 0x00, 0x00, 0x00, 0x00, 0x00, 0x00, 0x00,
  0x00, 0x00, 0x00, 0x00, 0x00, 0x00, 0x00, 0x00, 0x00, 0x00, 0x00, 0x00,
  0x00, 0x00, 0x00, 0x00, 0x00, 0x00, 0x00, 0x00, 0x00, 0x00, 0x00, 0x00,
  0x00, 0x00, 0x00, 0x00, 0x00, 0x00, 0x00, 0x00, 0x00, 0x00, 0x00, 0x00,
  0x00, 0x00, 0x00, 0x00, 0x00, 0x00, 0x00, 0x00, 0x00, 0x00, 0x00, 0x00,
  0x00, 0x00, 0x00, 0x00, 0x00, 0x00, 0x00, 0x00, 0x00, 0x00, 0x00, 0x00,
  0x00, 0x00, 0x00, 0x00, 0x00, 0x00, 0x00, 0x00, 0x30, 0x00, 0x00, 0x00,
  0xcb, 0x6e, 0x16, 0x3b, 0x75, 0x26, 0xb1, 0x3a, 0x69, 0x52, 0xa3, 0x3a,
  0x69, 0xd9, 0x2e, 0x3a, 0x6d, 0xe6, 0xb6, 0x3a, 0x5b, 0x8d, 0x88, 0x3a,
  0xa9, 0xee, 0x94, 0x3a, 0x6b, 0x16, 0x9b, 0x3a, 0x7a, 0x43, 0x13, 0x3b,
  0x0a, 0x15, 0xc2, 0x3a, 0x3e, 0xbc, 0x0f, 0x3b, 0xdc, 0x91, 0x06, 0x3b,
  0x0c, 0x11, 0x3d, 0x3a, 0xcd, 0x2f, 0x5d, 0x3a, 0xb8, 0xdd, 0xa0, 0x3a,
  0x7e, 0x17, 0x14, 0x3b, 0xa3, 0xb8, 0x46, 0x3b, 0x96, 0x01, 0xda, 0x3a,
  0x90, 0x8f, 0x6a, 0x3b, 0xb1, 0x54, 0x37, 0x3b, 0xaf, 0xed, 0xd1, 0x3a,
  0xc9, 0x6c, 0x0b, 0x3b, 0x55, 0x4b, 0x28, 0x3b, 0x9a, 0x02, 0x7e, 0x3b,
  0xa3, 0x1b, 0xb4, 0x3a, 0x7c, 0xc0, 0xac, 0x3a, 0xf6, 0x9e, 0x17, 0x3b,
  0x51, 0x33, 0x9a, 0x3a, 0xbc, 0xaf, 0x19, 0x3b, 0x59, 0x4b, 0xb2, 0x3a,
  0x0b, 0x54, 0xcf, 0x3a, 0x2c, 0x13, 0x0b, 0x3b, 0x9b, 0xdd, 0xef, 0x3a,
  0xae, 0x75, 0xfe, 0x3a, 0x4a, 0xd4, 0x7d, 0x3a, 0x24, 0x6c, 0xd2, 0x3a,
  0x08, 0xe6, 0xb4, 0x3a, 0xbf, 0xf9, 0x05, 0x3b, 0x3f, 0x42, 0xe0, 0x3a,
  0xf9, 0xde, 0xbe, 0x3a, 0x1f, 0xe3, 0x11, 0x3b, 0xe4, 0xf3, 0x80, 0x3a,
  0x1c, 0x4d, 0xd4, 0x3a, 0x6b, 0x53, 0x99, 0x3a, 0x90, 0x1e, 0xfe, 0x3a,
  0x81, 0x2e, 0x18, 0x3b, 0x2c, 0xa3, 0x97, 0x3a, 0xa2, 0xe7, 0x2a, 0x3b,
  0x33, 0x00, 0x00, 0x00, 0x6d, 0x6f, 0x64, 0x65, 0x6c, 0x2f, 0x73, 0x65,
  0x70, 0x61, 0x72, 0x61, 0x62, 0x6c, 0x65, 0x5f, 0x63, 0x6f, 0x6e, 0x76,
  0x31, 0x64, 0x5f, 0x32, 0x2f, 0x73, 0x65, 0x70, 0x61, 0x72, 0x61, 0x62,
  0x6c, 0x65, 0x5f, 0x63, 0x6f, 0x6e, 0x76, 0x32, 0x64, 0x2f, 0x64, 0x65,
  0x70, 0x74, 0x68, 0x77, 0x69, 0x73, 0x65, 0x00, 0x04, 0x00, 0x00, 0x00,
  0x01, 0x00, 0x00, 0x00, 0x01, 0x00, 0x00, 0x00, 0x03, 0x00, 0x00, 0x00,
  0x30, 0x00, 0x00, 0x00, 0x72, 0xf1, 0xff, 0xff, 0x00, 0x00, 0x00, 0x01,
  0x14, 0x00, 0x00, 0x00, 0x68, 0x02, 0x00, 0x00, 0x0f, 0x00, 0x00, 0x00,
  0x00, 0x00, 0x00, 0x02, 0x70, 0x02, 0x00, 0x00, 0x5c, 0xf1, 0xff, 0xff,
  0x08, 0x00, 0x00, 0x00, 0x8c, 0x01, 0x00, 0x00, 0x30, 0x00, 0x00, 0x00,
  0x00, 0x00, 0x00, 0x00, 0x00, 0x00, 0x00, 0x00, 0x00, 0x00, 0x00, 0x00,
  0x00, 0x00, 0x00, 0x00, 0x00, 0x00, 0x00, 0x00, 0x00, 0x00, 0x00, 0x00,
  0x00, 0x00, 0x00, 0x00, 0x00, 0x00, 0x00, 0x00, 0x00, 0x00, 0x00, 0x00,
  0x00, 0x00, 0x00, 0x00, 0x00, 0x00, 0x00, 0x00, 0x00, 0x00, 0x00, 0x00,
  0x00, 0x00, 0x00, 0x00, 0x00, 0x00, 0x00, 0x00, 0x00, 0x00, 0x00, 0x00,
  0x00, 0x00, 0x00, 0x00, 0x00, 0x00, 0x00, 0x00, 0x00, 0x00, 0x00, 0x00,
  0x00, 0x00, 0x00, 0x00, 0x00, 0x00, 0x00, 0x00, 0x00, 0x00, 0x00, 0x00,
  0x00, 0x00, 0x00, 0x00, 0x00, 0x00, 0x00, 0x00, 0x00, 0x00, 0x00, 0x00,
  0x00, 0x00, 0x00, 0x00, 0x00, 0x00, 0x00, 0x00, 0x00, 0x00, 0x00, 0x00,
  0x00, 0x00, 0x00, 0x00, 0x00, 0x00, 0x00, 0x00, 0x00, 0x00, 0x00, 0x00,
  0x00, 0x00, 0x00, 0x00, 0x00, 0x00, 0x00, 0x00, 0x00, 0x00, 0x00, 0x00,
  0x00, 0x00, 0x00, 0x00, 0x00, 0x00, 0x00, 0x00, 0x00, 0x00, 0x00, 0x00,
  0x00, 0x00, 0x00, 0x00, 0x00, 0x00, 0x00, 0x00, 0x00, 0x00, 0x00, 0x00,
  0x00, 0x00, 0x00, 0x00, 0x00, 0x00, 0x00, 0x00, 0x00, 0x00, 0x00, 0x00,
  0x00, 0x00, 0x00, 0x00, 0x00, 0x00, 0x00, 0x00, 0x00, 0x00, 0x00, 0x00,
  0x00, 0x00, 0x00, 0x00, 0x00, 0x00, 0x00, 0x00, 0x00, 0x00, 0x00, 0x00,
  0x00, 0x00, 0x00, 0x00, 0x00, 0x00, 0x00, 0x00, 0x00, 0x00, 0x00, 0x00,
  0x00, 0x00, 0x00, 0x00, 0x00, 0x00, 0x00, 0x00, 0x00, 0x00, 0x00, 0x00,
  0x00, 0x00, 0x00, 0x00, 0x00, 0x00, 0x00, 0x00, 0x00, 0x00, 0x00, 0x00,
  0x00, 0x00, 0x00, 0x00, 0x00, 0x00, 0x00, 0x00, 0x00, 0x00, 0x00, 0x00,
  0x00, 0x00, 0x00, 0x00, 0x00, 0x00, 0x00, 0x00, 0x00, 0x00, 0x00, 0x00,
  0x00, 0x00, 0x00, 0x00, 0x00, 0x00, 0x00, 0x00, 0x00, 0x00, 0x00, 0x00,
  0x00, 0x00, 0x00, 0x00, 0x00, 0x00, 0x00, 0x00, 0x00, 0x00, 0x00, 0x00,
  0x00, 0x00, 0x00, 0x00, 0x00, 0x00, 0x00, 0x00, 0x00, 0x00, 0x00, 0x00,
  0x00, 0x00, 0x00, 0x00, 0x00, 0x00, 0x00, 0x00, 0x00, 0x00, 0x00, 0x00,
  0x00, 0x00, 0x00, 0x00, 0x00, 0x00, 0x00, 0x00, 0x00, 0x00, 0x00, 0x00,
  0x00, 0x00, 0x00, 0x00, 0x00, 0x00, 0x00, 0x00, 0x00, 0x00, 0x00, 0x00,
  0x00, 0x00, 0x00, 0x00, 0x00, 0x00, 0x00, 0x00, 0x00, 0x00, 0x00, 0x00,
  0x00, 0x00, 0x00, 0x00, 0x00, 0x00, 0x00, 0x00, 0x00, 0x00, 0x00, 0x00,
  0x00, 0x00, 0x00, 0x00, 0x00, 0x00, 0x00, 0x00, 0x00, 0x00, 0x00, 0x00,
  0x00, 0x00, 0x00, 0x00, 0x00, 0x00, 0x00, 0x00, 0x00, 0x00, 0x00, 0x00,
  0x00, 0x00, 0x00, 0x00, 0x00, 0x00, 0x00, 0x00, 0x00, 0x00, 0x00, 0x00,
  0x00, 0x00, 0x00, 0x00, 0x30, 0x00, 0x00, 0x00, 0xba, 0x88, 0x62, 0x38,
  0x3a, 0x62, 0x05, 0x38, 0x8f, 0xf1, 0xf5, 0x37, 0xb6, 0xa6, 0x83, 0x37,
  0x88, 0xb6, 0x09, 0x38, 0xaa, 0xa1, 0xcd, 0x37, 0x44, 0x46, 0xe0, 0x37,
  0x2c, 0x8b, 0xe9, 0x37, 0xfa, 0xc2, 0x5d, 0x38, 0xea, 0x21, 0x12, 0x38,
  0xd0, 0x72, 0x58, 0x38, 0x70, 0xa5, 0x4a, 0x38, 0x24, 0x5b, 0x8e, 0x37,
  0x64, 0x8a, 0xa6, 0x37, 0xd3, 0x3e, 0xf2, 0x37, 0x40, 0x02, 0x5f, 0x38,
  0x1b, 0xa0, 0x95, 0x38, 0x56, 0x25, 0x24, 0x38, 0x49, 0x9c, 0xb0, 0x38,
  0x8e, 0x09, 0x8a, 0x38, 0x54, 0x10, 0x1e, 0x38, 0x23, 0xf5, 0x51, 0x38,
  0x6e, 0x6e, 0x7d, 0x38, 0x35, 0x41, 0xbf, 0x38, 0x57, 0x9c, 0x07, 0x38,
  0x70, 0x12, 0x02, 0x38, 0xc4, 0x52, 0x64, 0x38, 0x2f, 0x35, 0xe8, 0x37,
  0x09, 0x6f, 0x67, 0x38, 0xc2, 0x3e, 0x06, 0x38, 0x24, 0x1b, 0x1c, 0x38,
  0x30, 0x6e, 0x51, 0x38, 0xcf, 0x9a, 0x34, 0x38, 0xdb, 0x97, 0x3f, 0x38,
  0x56, 0x1e, 0xbf, 0x37, 0x8b, 0x6f, 0x1e, 0x38, 0xbb, 0x34, 0x08, 0x38,
  0x5f, 0xc0, 0x49, 0x38, 0x8a, 0xda, 0x28, 0x38, 0xf2, 0xb6, 0x0f, 0x38,
  0x5f, 0xb0, 0x5b, 0x38, 0x06, 0x30, 0xc2, 0x37, 0xaf, 0xd9, 0x1f, 0x38,
  0x05, 0xe4, 0xe6, 0x37, 0x43, 0x56, 0x3f, 0x38, 0xed, 0x2a, 0x65, 0x38,
  0x1b, 0x59, 0xe4, 0x37, 0x68, 0xae, 0x80, 0x38, 0x0e, 0x00, 0x00, 0x00,
  0x61, 0x72, 0x69, 0x74, 0x68, 0x2e, 0x63, 0x6f, 0x6e, 0x73, 0x74, 0x61,
  0x6e, 0x74, 0x00, 0x00, 0x01, 0x00, 0x00, 0x00, 0x30, 0x00, 0x00, 0x00,
  0x02, 0xf4, 0xff, 0xff, 0x00, 0x00, 0x00, 0x01, 0x14, 0x00, 0x00, 0x00,
  0x28, 0x03, 0x00, 0x00, 0x0e, 0x00, 0x00, 0x00, 0x00, 0x00, 0x00, 0x09,
  0xc4, 0x03, 0x00, 0x00, 0xec, 0xf3, 0xff, 0xff, 0x08, 0x00, 0x00, 0x00,
  0x0c, 0x02, 0x00, 0x00, 0x40, 0x00, 0x00, 0x00, 0x00, 0x00, 0x00, 0x00,
  0x00, 0x00, 0x00, 0x00, 0x00, 0x00, 0x00, 0x00, 0x00, 0x00, 0x00, 0x00,
  0x00, 0x00, 0x00, 0x00, 0x00, 0x00, 0x00, 0x00, 0x00, 0x00, 0x00, 0x00,
  0x00, 0x00, 0x00, 0x00, 0x00, 0x00, 0x00, 0x00, 0x00, 0x00, 0x00, 0x00,
  0x00, 0x00, 0x00, 0x00, 0x00, 0x00, 0x00, 0x00, 0x00, 0x00, 0x00, 0x00,
  0x00, 0x00, 0x00, 0x00, 0x00, 0x00, 0x00, 0x00, 0x00, 0x00, 0x00, 0x00,
  0x00, 0x00, 0x00, 0x00, 0x00, 0x00, 0x00, 0x00, 0x00, 0x00, 0x00, 0x00,
  0x00, 0x00, 0x00, 0x00, 0x00, 0x00, 0x00, 0x00, 0x00, 0x00, 0x00, 0x00,
  0x00, 0x00, 0x00, 0x00, 0x00, 0x00, 0x00, 0x00, 0x00, 0x00, 0x00, 0x00,
  0x00, 0x00, 0x00, 0x00, 0x00, 0x00, 0x00, 0x00, 0x00, 0x00, 0x00, 0x00,
  0x00, 0x00, 0x00, 0x00, 0x00, 0x00, 0x00, 0x00, 0x00, 0x00, 0x00, 0x00,
  0x00, 0x00, 0x00, 0x00, 0x00, 0x00, 0x00, 0x00, 0x00, 0x00, 0x00, 0x00,
  0x00, 0x00, 0x00, 0x00, 0x00, 0x00, 0x00, 0x00, 0x00, 0x00, 0x00, 0x00,
  0x00, 0x00, 0x00, 0x00, 0x00, 0x00, 0x00, 0x00, 0x00, 0x00, 0x00, 0x00,
  0x00, 0x00, 0x00, 0x00, 0x00, 0x00, 0x00, 0x00, 0x00, 0x00, 0x00, 0x00,
  0x00, 0x00, 0x00, 0x00, 0x00, 0x00, 0x00, 0x00, 0x00, 0x00, 0x00, 0x00,
  0x00, 0x00, 0x00, 0x00, 0x00, 0x00, 0x00, 0x00, 0x00, 0x00, 0x00, 0x00,
  0x00, 0x00, 0x00, 0x00, 0x00, 0x00, 0x00, 0x00, 0x00, 0x00, 0x00, 0x00,
  0x00, 0x00, 0x00, 0x00, 0x00, 0x00, 0x00, 0x00, 0x00, 0x00, 0x00, 0x00,
  0x00, 0x00, 0x00, 0x00, 0x00, 0x00, 0x00, 0x00, 0x00, 0x00, 0x00, 0x00,
  0x00, 0x00, 0x00, 0x00, 0x00, 0x00, 0x00, 0x00, 0x00, 0x00, 0x00, 0x00,
  0x00, 0x00, 0x00, 0x00, 0x00, 0x00, 0x00, 0x00, 0x00, 0x00, 0x00, 0x00,
  0x00, 0x00, 0x00, 0x00, 0x00, 0x00, 0x00, 0x00, 0x00, 0x00, 0x00, 0x00,
  0x00, 0x00, 0x00, 0x00, 0x00, 0x00, 0x00, 0x00, 0x00, 0x00, 0x00, 0x00,
  0x00, 0x00, 0x00, 0x00, 0x00, 0x00, 0x00, 0x00, 0x00, 0x00, 0x00, 0x00,
  0x00, 0x00, 0x00, 0x00, 0x00, 0x00, 0x00, 0x00, 0x00, 0x00, 0x00, 0x00,
  0x00, 0x00, 0x00, 0x00, 0x00, 0x00, 0x00, 0x00, 0x00, 0x00, 0x00, 0x00,
  0x00, 0x00, 0x00, 0x00, 0x00, 0x00, 0x00, 0x00, 0x00, 0x00, 0x00, 0x00,
  0x00, 0x00, 0x00, 0x00, 0x00, 0x00, 0x00, 0x00, 0x00, 0x00, 0x00, 0x00,
  0x00, 0x00, 0x00, 0x00, 0x00, 0x00, 0x00, 0x00, 0x00, 0x00, 0x00, 0x00,
  0x00, 0x00, 0x00, 0x00, 0x00, 0x00, 0x00, 0x00, 0x00, 0x00, 0x00, 0x00,
  0x00, 0x00, 0x00, 0x00, 0x00, 0x00, 0x00, 0x00, 0x00, 0x00, 0x00, 0x00,
  0x00, 0x00, 0x00, 0x00, 0x00, 0x00, 0x00, 0x00, 0x00, 0x00, 0x00, 0x00,
  0x00, 0x00, 0x00, 0x00, 0x00, 0x00, 0x00, 0x00, 0x00, 0x00, 0x00, 0x00,
  0x00, 0x00, 0x00, 0x00, 0x00, 0x00, 0x00, 0x00, 0x00, 0x00, 0x00, 0x00,
  0x00, 0x00, 0x00, 0x00, 0x00, 0x00, 0x00, 0x00, 0x00, 0x00, 0x00, 0x00,
  0x00, 0x00, 0x00, 0x00, 0x00, 0x00, 0x00, 0x00, 0x00, 0x00, 0x00, 0x00,
  0x00, 0x00, 0x00, 0x00, 0x00, 0x00, 0x00, 0x00, 0x00, 0x00, 0x00, 0x00,
  0x00, 0x00, 0x00, 0x00, 0x00, 0x00, 0x00, 0x00, 0x00, 0x00, 0x00, 0x00,
  0x00, 0x00, 0x00, 0x00, 0x00, 0x00, 0x00, 0x00, 0x00, 0x00, 0x00, 0x00,
  0x00, 0x00, 0x00, 0x00, 0x00, 0x00, 0x00, 0x00, 0x00, 0x00, 0x00, 0x00,
  0x00, 0x00, 0x00, 0x00, 0x00, 0x00, 0x00, 0x00, 0x00, 0x00, 0x00, 0x00,
  0x00, 0x00, 0x00, 0x00, 0x00, 0x00, 0x00, 0x00, 0x00, 0x00, 0x00, 0x00,
  0x00, 0x00, 0x00, 0x00, 0x00, 0x00, 0x00, 0x00, 0x40, 0x00, 0x00, 0x00,
  0x7c, 0x7c, 0x5f, 0x3c, 0xcc, 0x97, 0x82, 0x3c, 0x63, 0xe2, 0x71, 0x3c,
  0xc2, 0xb0, 0x92, 0x3c, 0x26, 0xc0, 0x47, 0x3c, 0xa3, 0x15, 0x83, 0x3c,
  0x08, 0x21, 0x18, 0x3c, 0x20, 0x7e, 0x49, 0x3c, 0x11, 0x24, 0x6c, 0x3c,
  0xdc, 0x3a, 0x2b, 0x3c, 0x56, 0x73, 0x5e, 0x3c, 0x43, 0xdd, 0x1a, 0x3c,
  0x43, 0x0c, 0x57, 0x3c, 0xba, 0x90, 0x3e, 0x3c, 0x19, 0x54, 0x28, 0x3c,
  0xd4, 0xe9, 0x21, 0x3c, 0x30, 0x1c, 0x29, 0x3c, 0x64, 0x96, 0x4f, 0x3c,
  0xd7, 0x7c, 0x47, 0x3c, 0x16, 0x80, 0x7e, 0x3c, 0xad, 0x39, 0x53, 0x3c,
  0x6a, 0x5a, 0x86, 0x3c, 0xf6, 0xe9, 0x1f, 0x3c, 0x17, 0x17, 0x30, 0x3c,
  0x6a, 0x4d, 0x80, 0x3c, 0x85, 0xa6, 0x85, 0x3c, 0x00, 0xb0, 0x8b, 0x3c,
  0x2c, 0xe5, 0x8b, 0x3c, 0x54, 0x03, 0x1c, 0x3d, 0x19, 0x19, 0x88, 0x3c,
  0x37, 0x1c, 0x23, 0x3c, 0xd2, 0xbc, 0x4c, 0x3c, 0x4c, 0xa7, 0x30, 0x3c,
  0x33, 0xd7, 0x8e, 0x3c, 0x47, 0x55, 0x4e, 0x3c, 0x47, 0x68, 0x9e, 0x3c,
  0x17, 0x14, 0x5b, 0x3c, 0xf6, 0x94, 0x39, 0x3c, 0x9f, 0xac, 0x82, 0x3c,
  0x4e, 0xd0, 0x78, 0x3c, 0x64, 0x54, 0x73, 0x3c, 0x34, 0xc5, 0x37, 0x3c,
  0x90, 0xfc, 0x8f, 0x3c, 0xd2, 0x3f, 0x1f, 0x3c, 0x9c, 0x0f, 0x6d, 0x3c,
  0xe4, 0x7f, 0x29, 0x3c, 0xa8, 0x7b, 0x8c, 0x3c, 0x60, 0x6c, 0x2e, 0x3c,
  0xba, 0xa8, 0x34, 0x3c, 0xc6, 0x70, 0x85, 0x3c, 0xde, 0x24, 0x62, 0x3c,
  0x30, 0x38, 0x82, 0x3c, 0xad, 0x8d, 0x97, 0x3c, 0xd2, 0xe6, 0x77, 0x3c,
  0x77, 0x00, 0x3f, 0x3c, 0xe8, 0x78, 0x62, 0x3c, 0x5b, 0xce, 0x26, 0x3c,
  0x30, 0x2e, 0x21, 0x3c, 0x05, 0xe7, 0x52, 0x3c, 0x59, 0xf5, 0x8c, 0x3c,
  0xda, 0x54, 0x16, 0x3c, 0xdf, 0x0c, 0xe3, 0x3b, 0x23, 0x35, 0x3b, 0x3c,
  0xce, 0xc2, 0x1d, 0x3c, 0xa0, 0x00, 0x00, 0x00, 0x6d, 0x6f, 0x64, 0x65,
  0x6c, 0x2f, 0x62, 0x61, 0x74, 0x63, 0x68, 0x5f, 0x6e, 0x6f, 0x72, 0x6d,
  0x61, 0x6c, 0x69, 0x7a, 0x61, 0x74, 0x69, 0x6f, 0x6e, 0x5f, 0x33, 0x2f,
  0x62, 0x61, 0x74, 0x63, 0x68, 0x6e, 0x6f, 0x72, 0x6d, 0x2f, 0x6d, 0x75,
  0x6c, 0x5f, 0x31, 0x3b, 0x6d, 0x6f, 0x64, 0x65, 0x6c, 0x2f, 0x73, 0x65,
  0x70, 0x61, 0x72, 0x61, 0x62, 0x6c, 0x65, 0x5f, 0x63, 0x6f, 0x6e, 0x76,
  0x31, 0x64, 0x5f, 0x32, 0x2f, 0x53, 0x71, 0x75, 0x65, 0x65, 0x7a, 0x65,
  0x3b, 0x6d, 0x6f, 0x64, 0x65, 0x6c, 0x2f, 0x62, 0x61, 0x74, 0x63, 0x68,
  0x5f, 0x6e, 0x6f, 0x72, 0x6d, 0x61, 0x6c, 0x69, 0x7a, 0x61, 0x74, 0x69,
  0x6f, 0x6e, 0x5f, 0x33, 0x2f, 0x62, 0x61, 0x74, 0x63, 0x68, 0x6e, 0x6f,
  0x72, 0x6d, 0x2f, 0x6d, 0x75, 0x6c, 0x3b, 0x6d, 0x6f, 0x64, 0x65, 0x6c,
  0x2f, 0x73, 0x65, 0x70, 0x61, 0x72, 0x61, 0x62, 0x6c, 0x65, 0x5f, 0x63,
  0x6f, 0x6e, 0x76, 0x31, 0x64, 0x5f, 0x32, 0x2f, 0x73, 0x65, 0x70, 0x61,
  0x72, 0x61, 0x62, 0x6c, 0x65, 0x5f, 0x63, 0x6f, 0x6e, 0x76, 0x32, 0x64,
  0x00, 0x00, 0x00, 0x00, 0x04, 0x00, 0x00, 0x00, 0x40, 0x00, 0x00, 0x00,
  0x01, 0x00, 0x00, 0x00, 0x01, 0x00, 0x00, 0x00, 0x30, 0x00, 0x00, 0x00,
  0xf2, 0xf7, 0xff, 0xff, 0x00, 0x00, 0x00, 0x01, 0x14, 0x00, 0x00, 0x00,
  0x28, 0x03, 0x00, 0x00, 0x0d, 0x00, 0x00, 0x00, 0x00, 0x00, 0x00, 0x02,
  0x30, 0x04, 0x00, 0x00, 0xdc, 0xf7, 0xff, 0xff, 0x08, 0x00, 0x00, 0x00,
  0x0c, 0x02, 0x00, 0x00, 0x40, 0x00, 0x00, 0x00, 0x00, 0x00, 0x00, 0x00,
  0x00, 0x00, 0x00, 0x00, 0x00, 0x00, 0x00, 0x00, 0x00, 0x00, 0x00, 0x00,
  0x00, 0x00, 0x00, 0x00, 0x00, 0x00, 0x00, 0x00, 0x00, 0x00, 0x00, 0x00,
  0x00, 0x00, 0x00, 0x00, 0x00, 0x00, 0x00, 0x00, 0x00, 0x00, 0x00, 0x00,
  0x00, 0x00, 0x00, 0x00, 0x00, 0x00, 0x00, 0x00, 0x00, 0x00, 0x00, 0x00,
  0x00, 0x00, 0x00, 0x00, 0x00, 0x00, 0x00, 0x00, 0x00, 0x00, 0x00, 0x00,
  0x00, 0x00, 0x00, 0x00, 0x00, 0x00, 0x00, 0x00, 0x00, 0x00, 0x00, 0x00,
  0x00, 0x00, 0x00, 0x00, 0x00, 0x00, 0x00, 0x00, 0x00, 0x00, 0x00, 0x00,
  0x00, 0x00, 0x00, 0x00, 0x00, 0x00, 0x00, 0x00, 0x00, 0x00, 0x00, 0x00,
  0x00, 0x00, 0x00, 0x00, 0x00, 0x00, 0x00, 0x00, 0x00, 0x00, 0x00, 0x00,
  0x00, 0x00, 0x00, 0x00, 0x00, 0x00, 0x00, 0x00, 0x00, 0x00, 0x00, 0x00,
  0x00, 0x00, 0x00, 0x00, 0x00, 0x00, 0x00, 0x00, 0x00, 0x00, 0x00, 0x00,
  0x00, 0x00, 0x00, 0x00, 0x00, 0x00, 0x00, 0x00, 0x00, 0x00, 0x00, 0x00,
  0x00, 0x00, 0x00, 0x00, 0x00, 0x00, 0x00, 0x00, 0x00, 0x00, 0x00, 0x00,
  0x00, 0x00, 0x00, 0x00, 0x00, 0x00, 0x00, 0x00, 0x00, 0x00, 0x00, 0x00,
  0x00, 0x00, 0x00, 0x00, 0x00, 0x00, 0x00, 0x00, 0x00, 0x00, 0x00, 0x00,
  0x00, 0x00, 0x00, 0x00, 0x00, 0x00, 0x00, 0x00, 0x00, 0x00, 0x00, 0x00,
  0x00, 0x00, 0x00, 0x00, 0x00, 0x00, 0x00, 0x00, 0x00, 0x00, 0x00, 0x00,
  0x00, 0x00, 0x00, 0x00, 0x00, 0x00, 0x00, 0x00, 0x00, 0x00, 0x00, 0x00,
  0x00, 0x00, 0x00, 0x00, 0x00, 0x00, 0x00, 0x00, 0x00, 0x00, 0x00, 0x00,
  0x00, 0x00, 0x00, 0x00, 0x00, 0x00, 0x00, 0x00, 0x00, 0x00, 0x00, 0x00,
  0x00, 0x00, 0x00, 0x00, 0x00, 0x00, 0x00, 0x00, 0x00, 0x00, 0x00, 0x00,
  0x00, 0x00, 0x00, 0x00, 0x00, 0x00, 0x00, 0x00, 0x00, 0x00, 0x00, 0x00,
  0x00, 0x00, 0x00, 0x00, 0x00, 0x00, 0x00, 0x00, 0x00, 0x00, 0x00, 0x00,
  0x00, 0x00, 0x00, 0x00, 0x00, 0x00, 0x00, 0x00, 0x00, 0x00, 0x00, 0x00,
  0x00, 0x00, 0x00, 0x00, 0x00, 0x00, 0x00, 0x00, 0x00, 0x00, 0x00, 0x00,
  0x00, 0x00, 0x00, 0x00, 0x00, 0x00, 0x00, 0x00, 0x00, 0x00, 0x00, 0x00,
  0x00, 0x00, 0x00, 0x00, 0x00, 0x00, 0x00, 0x00, 0x00, 0x00, 0x00, 0x00,
  0x00, 0x00, 0x00, 0x00, 0x00, 0x00, 0x00, 0x00, 0x00, 0x00, 0x00, 0x00,
  0x00, 0x00, 0x00, 0x00, 0x00, 0x00, 0x00, 0x00, 0x00, 0x00, 0x00, 0x00,
  0x00, 0x00, 0x00, 0x00, 0x00, 0x00, 0x00, 0x00, 0x00, 0x00, 0x00, 0x00,
  0x00, 0x00, 0x00, 0x00, 0x00, 0x00, 0x00, 0x00, 0x00, 0x00, 0x00, 0x00,
  0x00, 0x00, 0x00, 0x00, 0x00, 0x00, 0x00, 0x00, 0x00, 0x00, 0x00, 0x00,
  0x00, 0x00, 0x00, 0x00, 0x00, 0x00, 0x00, 0x00, 0x00, 0x00, 0x00, 0x00,
  0x00, 0x00, 0x00, 0x00, 0x00, 0x00, 0x00, 0x00, 0x00, 0x00, 0x00, 0x00,
  0x00, 0x00, 0x00, 0x00, 0x00, 0x00, 0x00, 0x00, 0x00, 0x00, 0x00, 0x00,
  0x00, 0x00, 0x00, 0x00, 0x00, 0x00, 0x00, 0x00, 0x00, 0x00, 0x00, 0x00,
  0x00, 0x00, 0x00, 0x00, 0x00, 0x00, 0x00, 0x00, 0x00, 0x00, 0x00, 0x00,
  0x00, 0x00, 0x00, 0x00, 0x00, 0x00, 0x00, 0x00, 0x00, 0x00, 0x00, 0x00,
  0x00, 0x00, 0x00, 0x00, 0x00, 0x00, 0x00, 0x00, 0x00, 0x00, 0x00, 0x00,
  0x00, 0x00, 0x00, 0x00, 0x00, 0x00, 0x00, 0x00, 0x00, 0x00, 0x00, 0x00,
  0x00, 0x00, 0x00, 0x00, 0x00, 0x00, 0x00, 0x00, 0x00, 0x00, 0x00, 0x00,
  0x00, 0x00, 0x00, 0x00, 0x00, 0x00, 0x00, 0x00, 0x00, 0x00, 0x00, 0x00,
  0x00, 0x00, 0x00, 0x00, 0x00, 0x00, 0x00, 0x00, 0x40, 0x00, 0x00, 0x00,
  0x32, 0xbb, 0x49, 0x39, 0xd4, 0xc2, 0x6b, 0x39, 0x9e, 0x56, 0x5a, 0x39,
  0x3a, 0x69, 0x84, 0x39, 0x5b, 0x4e, 0x34, 0x39, 0x02, 0xa6, 0x6c, 0x39,
  0xf8, 0x51, 0x09, 0x39, 0xeb, 0xe0, 0x35, 0x39, 0x6d, 0x27, 0x55, 0x39,
  0xcd, 0x8f, 0x1a, 0x39, 0xdc, 0xcb, 0x48, 0x39, 0x09, 0xca, 0x0b, 0x39,
  0x42, 0x1d, 0x42, 0x39, 0xd4, 0x03, 0x2c, 0x39, 0x58, 0xf1, 0x17, 0x39,
  0xf0, 0x26, 0x12, 0x39, 0xf5, 0xa5, 0x18, 0x39, 0x4d, 0x61, 0x3b, 0x39,
  0x99, 0x11, 0x34, 0x39, 0xed, 0xb9, 0x65, 0x39, 0xef, 0xa9, 0x3e, 0x39,
  0xa7, 0x8c, 0x72, 0x39, 0xe6, 0x58, 0x10, 0x39, 0xea, 0xf2, 0x1e, 0x39,
  0x3a, 0xa0, 0x67, 0x39, 0xe3, 0x47, 0x71, 0x39, 0xf6, 0x2d, 0x7c, 0x39,
  0xf4, 0x8d, 0x7c, 0x39, 0x7a, 0xd3, 0x0c, 0x3a, 0x0f, 0xb3, 0x75, 0x39,
  0x80, 0x3b, 0x13, 0x39, 0xc0, 0xce, 0x38, 0x39, 0x15, 0x75, 0x1f, 0x39,
  0x9b, 0xef, 0x80, 0x39, 0x72, 0x3f, 0x3a, 0x39, 0xc2, 0xfc, 0x8e, 0x39,
  0xa5, 0xc0, 0x45, 0x39, 0x41, 0x84, 0x27, 0x39, 0x6c, 0xe8, 0x6b, 0x39,
  0xdb, 0x97, 0x60, 0x39, 0x9b, 0xa4, 0x5b, 0x39, 0xa3, 0xe1, 0x25, 0x39,
  0x69, 0xf8, 0x81, 0x39, 0x52, 0xbf, 0x0f, 0x39, 0x0a, 0xfc, 0x55, 0x39,
  0xf4, 0xff, 0x18, 0x39, 0xa0, 0x9d, 0x7d, 0x39, 0xbd, 0x71, 0x1d, 0x39,
  0xb2, 0x12, 0x23, 0x39, 0xdc, 0xe6, 0x70, 0x39, 0x59, 0x21, 0x4c, 0x39,
  0x39, 0x16, 0x6b, 0x39, 0xf5, 0xcc, 0x88, 0x39, 0x1a, 0xc5, 0x5f, 0x39,
  0xb1, 0x68, 0x2c, 0x39, 0x35, 0x6d, 0x4c, 0x39, 0x8a, 0x91, 0x16, 0x39,
  0x90, 0x7d, 0x11, 0x39, 0x52, 0x5f, 0x3e, 0x39, 0x51, 0x79, 0x7e, 0x39,
  0x96, 0xb2, 0x07, 0x39, 0xc5, 0xf2, 0xcc, 0x38, 0xea, 0xfb, 0x28, 0x39,
  0x65, 0x67, 0x0e, 0x39, 0x0f, 0x01, 0x00, 0x00, 0x6d, 0x6f, 0x64, 0x65,
  0x6c, 0x2f, 0x61, 0x63, 0x74, 0x69, 0x76, 0x61, 0x74, 0x69, 0x6f, 0x6e,
  0x5f, 0x33, 0x2f, 0x52, 0x65, 0x6c, 0x75, 0x36, 0x3b, 0x6d, 0x6f, 0x64,
  0x65, 0x6c, 0x2f, 0x62, 0x61, 0x74, 0x63, 0x68, 0x5f, 0x6e, 0x6f, 0x72,
  0x6d, 0x61, 0x6c, 0x69, 0x7a, 0x61, 0x74, 0x69, 0x6f, 0x6e, 0x5f, 0x33,
  0x2f, 0x62, 0x61, 0x74, 0x63, 0x68, 0x6e, 0x6f, 0x72, 0x6d, 0x2f, 0x61,
  0x64, 0x64, 0x5f, 0x31, 0x3b, 0x6d, 0x6f, 0x64, 0x65, 0x6c, 0x2f, 0x73,
  0x65, 0x70, 0x61, 0x72, 0x61, 0x62, 0x6c, 0x65, 0x5f, 0x63, 0x6f, 0x6e,
  0x76, 0x31, 0x64, 0x5f, 0x32, 0x2f, 0x53, 0x71, 0x75, 0x65, 0x65, 0x7a,
  0x65, 0x3b, 0x6d, 0x6f, 0x64, 0x65, 0x6c, 0x2f, 0x62, 0x61, 0x74, 0x63,
  0x68, 0x5f, 0x6e, 0x6f, 0x72, 0x6d, 0x61, 0x6c, 0x69, 0x7a, 0x61, 0x74,
  0x69, 0x6f, 0x6e, 0x5f, 0x33, 0x2f, 0x62, 0x61, 0x74, 0x63, 0x68, 0x6e,
  0x6f, 0x72, 0x6d, 0x2f, 0x6d, 0x75, 0x6c, 0x5f, 0x31, 0x3b, 0x6d, 0x6f,
  0x64, 0x65, 0x6c, 0x2f, 0x62, 0x61, 0x74, 0x63, 0x68, 0x5f, 0x6e, 0x6f,
  0x72, 0x6d, 0x61, 0x6c, 0x69, 0x7a, 0x61, 0x74, 0x69, 0x6f, 0x6e, 0x5f,
  0x33, 0x2f, 0x62, 0x61, 0x74, 0x63, 0x68, 0x6e, 0x6f, 0x72, 0x6d, 0x2f,
  0x6d, 0x75, 0x6c, 0x3b, 0x6d, 0x6f, 0x64, 0x65, 0x6c, 0x2f, 0x62, 0x61,
  0x74, 0x63, 0x68, 0x5f, 0x6e, 0x6f, 0x72, 0x6d, 0x61, 0x6c, 0x69, 0x7a,
  0x61, 0x74, 0x69, 0x6f, 0x6e, 0x5f, 0x33, 0x2f, 0x62, 0x61, 0x74, 0x63,
  0x68, 0x6e, 0x6f, 0x72, 0x6d, 0x2f, 0x73, 0x75, 0x62, 0x3b, 0x6d, 0x6f,
  0x64, 0x65, 0x6c, 0x2f, 0x73, 0x65, 0x70, 0x61, 0x72, 0x61, 0x62, 0x6c,
  0x65, 0x5f, 0x63, 0x6f, 0x6e, 0x76, 0x31, 0x64, 0x5f, 0x32, 0x2f, 0x73,
  0x65, 0x70, 0x61, 0x72, 0x61, 0x62, 0x6c, 0x65, 0x5f, 0x63, 0x6f, 0x6e,
  0x76, 0x32, 0x64, 0x00, 0x01, 0x00, 0x00, 0x00, 0x40, 0x00, 0x00, 0x00,
  0x42, 0xfc, 0xff, 0xff, 0x00, 0x00, 0x00, 0x01, 0x14, 0x00, 0x00, 0x00,
  0x60, 0x00, 0x00, 0x00, 0x0c, 0x00, 0x00, 0x00, 0x00, 0x00, 0x00, 0x09,
  0x6c, 0x00, 0x00, 0x00, 0x2c, 0xfc, 0xff, 0xff, 0x08, 0x00, 0x00, 0x00,
  0x30, 0x00, 0x00, 0x00, 0x05, 0x00, 0x00, 0x00, 0x00, 0x00, 0x00, 0x00,
  0x00, 0x00, 0x00, 0x00, 0x00, 0x00, 0x00, 0x00, 0x00, 0x00, 0x00, 0x00,
  0x00, 0x00, 0x00, 0x00, 0x00, 0x00, 0x00, 0x00, 0x00, 0x00, 0x00, 0x00,
  0x00, 0x00, 0x00, 0x00, 0x00, 0x00, 0x00, 0x00, 0x00, 0x00, 0x00, 0x00,
  0x05, 0x00, 0x00, 0x00, 0x62, 0x5c, 0x07, 0x3c, 0x0c, 0xc1, 0x79, 0x3b,
  0xc4, 0x69, 0xcb, 0x3b, 0xc4, 0xe7, 0xf9, 0x3b, 0x5f, 0x96, 0xc8, 0x3b,
  0x12, 0x00, 0x00, 0x00, 0x6d, 0x6f, 0x64, 0x65, 0x6c, 0x2f, 0x64, 0x65,
  0x6e, 0x73, 0x65, 0x2f, 0x4d, 0x61, 0x74, 0x4d, 0x75, 0x6c, 0x00, 0x00,
  0x02, 0x00, 0x00, 0x00, 0x05, 0x00, 0x00, 0x00, 0x80, 0x00, 0x00, 0x00,
  0xd2, 0xfc, 0xff, 0xff, 0x00, 0x00, 0x00, 0x01, 0x14, 0x00, 0x00, 0x00,
  0x64, 0x00, 0x00, 0x00, 0x0b, 0x00, 0x00, 0x00, 0x00, 0x00, 0x00, 0x02,
  0x70, 0x00, 0x00, 0x00, 0xbc, 0xfc, 0xff, 0xff, 0x08, 0x00, 0x00, 0x00,
  0x34, 0x00, 0x00, 0x00, 0x05, 0x00, 0x00, 0x00, 0x00, 0x00, 0x00, 0x00,
  0x00, 0x00, 0x00, 0x00, 0x00, 0x00, 0x00, 0x00, 0x00, 0x00, 0x00, 0x00,
  0x00, 0x00, 0x00, 0x00, 0x00, 0x00, 0x00, 0x00, 0x00, 0x00, 0x00, 0x00,
  0x00, 0x00, 0x00, 0x00, 0x00, 0x00, 0x00, 0x00, 0x00, 0x00, 0x00, 0x00,
  0x00, 0x00, 0x00, 0x00, 0x05, 0x00, 0x00, 0x00, 0x6a, 0xd6, 0x4b, 0x39,
  0xd6, 0x0c, 0xbc, 0x38, 0x7c, 0x28, 0x19, 0x39, 0xfd, 0x29, 0x3c, 0x39,
  0xcf, 0x07, 0x17, 0x39, 0x13, 0x00, 0x00, 0x00, 0x6d, 0x6f, 0x64, 0x65,
  0x6c, 0x2f, 0x64, 0x65, 0x6e, 0x73, 0x65, 0x2f, 0x42, 0x69, 0x61, 0x73,
  0x41, 0x64, 0x64, 0x00, 0x01, 0x00, 0x00, 0x00, 0x05, 0x00, 0x00, 0x00,
  0x62, 0xfd, 0xff, 0xff, 0x00, 0x00, 0x00, 0x01, 0x14, 0x00, 0x00, 0x00,
  0x14, 0x00, 0x00, 0x00, 0x0a, 0x00, 0x00, 0x00, 0x00, 0x00, 0x00, 0x02,
  0x1c, 0x00, 0x00, 0x00, 0xb4, 0xfd, 0xff, 0xff, 0x0f, 0x00, 0x00, 0x00,
  0x61, 0x72, 0x69, 0x74, 0x68, 0x2e, 0x63, 0x6f, 0x6e, 0x73, 0x74, 0x61,
  0x6e, 0x74, 0x33, 0x00, 0x01, 0x00, 0x00, 0x00, 0x02, 0x00, 0x00, 0x00,
  0x9e, 0xfd, 0xff, 0xff, 0x00, 0x00, 0x00, 0x01, 0x14, 0x00, 0x00, 0x00,
  0x14, 0x00, 0x00, 0x00, 0x09, 0x00, 0x00, 0x00, 0x00, 0x00, 0x00, 0x02,
  0x1c, 0x00, 0x00, 0x00, 0xf0, 0xfd, 0xff, 0xff, 0x0f, 0x00, 0x00, 0x00,
  0x61, 0x72, 0x69, 0x74, 0x68, 0x2e, 0x63, 0x6f, 0x6e, 0x73, 0x74, 0x61,
  0x6e, 0x74, 0x34, 0x00, 0x00, 0x00, 0x00, 0x00, 0xd6, 0xfd, 0xff, 0xff,
  0x00, 0x00, 0x00, 0x01, 0x14, 0x00, 0x00, 0x00, 0x14, 0x00, 0x00, 0x00,
  0x08, 0x00, 0x00, 0x00, 0x00, 0x00, 0x00, 0x02, 0x2c, 0x00, 0x00, 0x00,
  0x28, 0xfe, 0xff, 0xff, 0x1d, 0x00, 0x00, 0x00, 0x6d, 0x6f, 0x64, 0x65,
  0x6c, 0x2f, 0x6d, 0x61, 0x78, 0x5f, 0x70, 0x6f, 0x6f, 0x6c, 0x69, 0x6e,
  0x67, 0x31, 0x64, 0x5f, 0x32, 0x2f, 0x53, 0x71, 0x75, 0x65, 0x65, 0x7a,
  0x65, 0x00, 0x00, 0x00, 0x01, 0x00, 0x00, 0x00, 0x03, 0x00, 0x00, 0x00,
  0x22, 0xfe, 0xff, 0xff, 0x00, 0x00, 0x00, 0x01, 0x14, 0x00, 0x00, 0x00,
  0x14, 0x00, 0x00, 0x00, 0x07, 0x00, 0x00, 0x00, 0x00, 0x00, 0x00, 0x02,
  0x30, 0x00, 0x00, 0x00, 0x74, 0xfe, 0xff, 0xff, 0x20, 0x00, 0x00, 0x00,
  0x6d, 0x6f, 0x64, 0x65, 0x6c, 0x2f, 0x6d, 0x61, 0x78, 0x5f, 0x70, 0x6f,
  0x6f, 0x6c, 0x69, 0x6e, 0x67, 0x31, 0x64, 0x5f, 0x32, 0x2f, 0x45, 0x78,
  0x70, 0x61, 0x6e, 0x64, 0x44, 0x69, 0x6d, 0x73, 0x00, 0x00, 0x00, 0x00,
  0x01, 0x00, 0x00, 0x00, 0x04, 0x00, 0x00, 0x00, 0x72, 0xfe, 0xff, 0xff,
  0x00, 0x00, 0x00, 0x01, 0x14, 0x00, 0x00, 0x00, 0x14, 0x00, 0x00, 0x00,
  0x06, 0x00, 0x00, 0x00, 0x00, 0x00, 0x00, 0x02, 0x30, 0x00, 0x00, 0x00,
  0xc4, 0xfe, 0xff, 0xff, 0x23, 0x00, 0x00, 0x00, 0x6d, 0x6f, 0x64, 0x65,
  0x6c, 0x2f, 0x73, 0x65, 0x70, 0x61, 0x72, 0x61, 0x62, 0x6c, 0x65, 0x5f,
  0x63, 0x6f, 0x6e, 0x76, 0x31, 0x64, 0x5f, 0x32, 0x2f, 0x45, 0x78, 0x70,
  0x61, 0x6e, 0x64, 0x44, 0x69, 0x6d, 0x73, 0x00, 0x01, 0x00, 0x00, 0x00,
  0x04, 0x00, 0x00, 0x00, 0xc2, 0xfe, 0xff, 0xff, 0x00, 0x00, 0x00, 0x01,
  0x14, 0x00, 0x00, 0x00, 0x14, 0x00, 0x00, 0x00, 0x05, 0x00, 0x00, 0x00,
  0x00, 0x00, 0x00, 0x02, 0x30, 0x00, 0x00, 0x00, 0x14, 0xff, 0xff, 0xff,
  0x20, 0x00, 0x00, 0x00, 0x6d, 0x6f, 0x64, 0x65, 0x6c, 0x2f, 0x6d, 0x61,
  0x78, 0x5f, 0x70, 0x6f, 0x6f, 0x6c, 0x69, 0x6e, 0x67, 0x31, 0x64, 0x5f,
  0x31, 0x2f, 0x45, 0x78, 0x70, 0x61, 0x6e, 0x64, 0x44, 0x69, 0x6d, 0x73,
  0x00, 0x00, 0x00, 0x00, 0x01, 0x00, 0x00, 0x00, 0x04, 0x00, 0x00, 0x00,
  0x12, 0xff, 0xff, 0xff, 0x00, 0x00, 0x00, 0x01, 0x14, 0x00, 0x00, 0x00,
  0x14, 0x00, 0x00, 0x00, 0x04, 0x00, 0x00, 0x00, 0x00, 0x00, 0x00, 0x02,
  0x30, 0x00, 0x00, 0x00, 0x64, 0xff, 0xff, 0xff, 0x23, 0x00, 0x00, 0x00,
  0x6d, 0x6f, 0x64, 0x65, 0x6c, 0x2f, 0x73, 0x65, 0x70, 0x61, 0x72, 0x61,
  0x62, 0x6c, 0x65, 0x5f, 0x63, 0x6f, 0x6e, 0x76, 0x31, 0x64, 0x5f, 0x31,
  0x2f, 0x45, 0x78, 0x70, 0x61, 0x6e, 0x64, 0x44, 0x69, 0x6d, 0x73, 0x00,
  0x01, 0x00, 0x00, 0x00, 0x04, 0x00, 0x00, 0x00, 0x62, 0xff, 0xff, 0xff,
  0x00, 0x00, 0x00, 0x01, 0x14, 0x00, 0x00, 0x00, 0x14, 0x00, 0x00, 0x00,
  0x03, 0x00, 0x00, 0x00, 0x00, 0x00, 0x00, 0x02, 0x2c, 0x00, 0x00, 0x00,
  0xb4, 0xff, 0xff, 0xff, 0x1e, 0x00, 0x00, 0x00, 0x6d, 0x6f, 0x64, 0x65,
  0x6c, 0x2f, 0x6d, 0x61, 0x78, 0x5f, 0x70, 0x6f, 0x6f, 0x6c, 0x69, 0x6e,
  0x67, 0x31, 0x64, 0x2f, 0x45, 0x78, 0x70, 0x61, 0x6e, 0x64, 0x44, 0x69,
  0x6d, 0x73, 0x00, 0x00, 0x01, 0x00, 0x00, 0x00, 0x04, 0x00, 0x00, 0x00,
  0xae, 0xff, 0xff, 0xff, 0x00, 0x00, 0x00, 0x01, 0x18, 0x00, 0x00, 0x00,
  0x18, 0x00, 0x00, 0x00, 0x02, 0x00, 0x00, 0x00, 0x00, 0x00, 0x00, 0x02,
  0x30, 0x00, 0x00, 0x00, 0x04, 0x00, 0x04, 0x00, 0x04, 0x00, 0x00, 0x00,
  0x1e, 0x00, 0x00, 0x00, 0x6d, 0x6f, 0x64, 0x65, 0x6c, 0x2f, 0x63, 0x6f,
  0x6e, 0x76, 0x31, 0x64, 0x2f, 0x43, 0x6f, 0x6e, 0x76, 0x31, 0x44, 0x2f,
  0x45, 0x78, 0x70, 0x61, 0x6e, 0x64, 0x44, 0x69, 0x6d, 0x73, 0x00, 0x00,
  0x01, 0x00, 0x00, 0x00, 0x04, 0x00, 0x00, 0x00, 0x00, 0x00, 0x16, 0x00,
  0x1c, 0x00, 0x18, 0x00, 0x17, 0x00, 0x10, 0x00, 0x0c, 0x00, 0x08, 0x00,
  0x00, 0x00, 0x00, 0x00, 0x00, 0x00, 0x07, 0x00, 0x16, 0x00, 0x00, 0x00,
  0x00, 0x00, 0x00, 0x01, 0x20, 0x00, 0x00, 0x00, 0x3c, 0x00, 0x00, 0x00,
  0x01, 0x00, 0x00, 0x00, 0x00, 0x00, 0x00, 0x09, 0x50, 0x00, 0x00, 0x00,
  0x0c, 0x00, 0x0c, 0x00, 0x00, 0x00, 0x00, 0x00, 0x08, 0x00, 0x04, 0x00,
  0x0c, 0x00, 0x00, 0x00, 0x08, 0x00, 0x00, 0x00, 0x10, 0x00, 0x00, 0x00,
  0x01, 0x00, 0x00, 0x00, 0xff, 0xff, 0xff, 0xff, 0xff, 0xff, 0xff, 0xff,
  0x01, 0x00, 0x00, 0x00, 0x81, 0x80, 0x00, 0x3c, 0x19, 0x00, 0x00, 0x00,
  0x73, 0x65, 0x72, 0x76, 0x69, 0x6e, 0x67, 0x5f, 0x64, 0x65, 0x66, 0x61,
  0x75, 0x6c, 0x74, 0x5f, 0x69, 0x6e, 0x70, 0x75, 0x74, 0x5f, 0x32, 0x3a,
  0x30, 0x00, 0x00, 0x00, 0x03, 0x00, 0x00, 0x00, 0x01, 0x00, 0x00, 0x00,
  0xc8, 0x00, 0x00, 0x00, 0x06, 0x00, 0x00, 0x00, 0x08, 0x00, 0x00, 0x00,
  0xa8, 0x00, 0x00, 0x00, 0x88, 0x00, 0x00, 0x00, 0x68, 0x00, 0x00, 0x00,
  0x54, 0x00, 0x00, 0x00, 0x40, 0x00, 0x00, 0x00, 0x2c, 0x00, 0x00, 0x00,
  0x18, 0x00, 0x00, 0x00, 0x04, 0x00, 0x00, 0x00, 0xa0, 0xff, 0xff, 0xff,
  0x19, 0x00, 0x00, 0x00, 0x02, 0x00, 0x00, 0x00, 0x00, 0x00, 0x00, 0x19,
  0xb0, 0xff, 0xff, 0xff, 0x09, 0x00, 0x00, 0x00, 0x04, 0x00, 0x00, 0x00,
  0x00, 0x00, 0x00, 0x09, 0xc0, 0xff, 0xff, 0xff, 0x02, 0x00, 0x00, 0x00,
  0x02, 0x00, 0x00, 0x00, 0x00, 0x00, 0x00, 0x02, 0xd0, 0xff, 0xff, 0xff,
  0x28, 0x00, 0x00, 0x00, 0x02, 0x00, 0x00, 0x00, 0x00, 0x00, 0x00, 0x28,
  0xe0, 0xff, 0xff, 0xff, 0x11, 0x00, 0x00, 0x00, 0x02, 0x00, 0x00, 0x00,
  0x00, 0x00, 0x00, 0x11, 0xf0, 0xff, 0xff, 0xff, 0x04, 0x00, 0x00, 0x00,
  0x03, 0x00, 0x00, 0x00, 0x00, 0x00, 0x00, 0x04, 0x0c, 0x00, 0x10, 0x00,
  0x0f, 0x00, 0x00, 0x00, 0x08, 0x00, 0x04, 0x00, 0x0c, 0x00, 0x00, 0x00,
  0x03, 0x00, 0x00, 0x00, 0x03, 0x00, 0x00, 0x00, 0x00, 0x00, 0x00, 0x03,
  0x0c, 0x00, 0x0c, 0x00, 0x0b, 0x00, 0x00, 0x00, 0x00, 0x00, 0x04, 0x00,
  0x0c, 0x00, 0x00, 0x00, 0x16, 0x00, 0x00, 0x00, 0x00, 0x00, 0x00, 0x16
};

const unsigned int g_model_data_len = 25080;
