timestamp,ax,ay,az,gx,gy,gz,label
24884,-0.237548828125,0.144775390625,0.968017578125,10,4.390243902439025,-9.573170731707318,walking
24894,-0.237060546875,0.144775390625,0.9443359375,10,4.573170731707317,-11.52439024390244,walking
24904,-0.237548828125,0.144287109375,0.921630859375,9.878048780487806,5.3048780487804885,-13.353658536585368,walking
24914,-0.236328125,0.14501953125,0.904052734375,9.573170731707318,6.52439024390244,-14.695121951219514,walking
24924,-0.233154296875,0.14599609375,0.896484375,9.085365853658537,8.048780487804878,-15.54878048780488,walking
24934,-0.2294921875,0.149658203125,0.89697265625,8.597560975609756,9.51219512195122,-15.79268292682927,walking
24944,-0.226806640625,0.150146484375,0.90185546875,8.353658536585366,10.487804878048781,-15.121951219512196,walking
24954,-0.219970703125,0.1474609375,0.90625,8.292682926829269,11.341463414634147,-14.02439024390244,walking
24964,-0.21044921875,0.140869140625,0.911376953125,8.475609756097562,12.378048780487806,-12.865853658536587,walking
24974,-0.20361328125,0.132568359375,0.91650390625,8.78048780487805,13.536585365853659,-11.890243902439025,walking
24984,-0.197998046875,0.124755859375,0.922607421875,9.02439024390244,14.451219512195124,-11.097560975609756,walking
24994,-0.1953125,0.117431640625,0.931396484375,9.207317073170733,15.060975609756099,-10.731707317073171,walking
25004,-0.1943359375,0.112548828125,0.93994140625,9.390243902439025,15.426829268292684,-10.731707317073171,walking
25014,-0.197265625,0.109130859375,0.94580078125,9.695121951219512,15.731707317073171,-11.158536585365855,walking
25024,-0.201416015625,0.106689453125,0.95166015625,10.060975609756099,16.097560975609756,-12.01219512195122,walking
25034,-0.203125,0.10302734375,0.957763671875,10.487804878048781,16.463414634146343,-13.170731707317074,walking
25044,-0.202392578125,0.099609375,0.964599609375,10.914634146341465,16.890243902439025,-14.573170731707318,walking
25054,-0.20068359375,0.09814453125,0.97119140625,11.402439024390246,17.012195121951223,-16.219512195121954,walking
25064,-0.197509765625,0.095703125,0.97705078125,11.76829268292683,16.890243902439025,-18.10975609756098,walking
25074,-0.1923828125,0.093505859375,0.98095703125,12.134146341463415,16.402439024390244,-20.182926829268293,walking
25084,-0.187744140625,0.0908203125,0.982421875,12.317073170731708,15.731707317073171,-22.439024390243905,walking
25094,-0.183349609375,0.089111328125,0.981689453125,12.134146341463415,14.939024390243905,-24.878048780487806,walking
25104,-0.1796875,0.0888671875,0.978759765625,11.646341463414634,14.085365853658537,-27.378048780487806,walking
25114,-0.180419921875,0.091796875,0.973388671875,10.914634146341465,13.353658536585368,-29.87804878048781,walking
25124,-0.18212890625,0.096923828125,0.966552734375,10.182926829268293,12.987804878048781,-32.07317073170732,walking
25134,-0.18359375,0.1044921875,0.9609375,9.573170731707318,13.170731707317074,-34.146341463414636,walking
25144,-0.183349609375,0.11279296875,0.956787109375,9.51219512195122,13.78048780487805,-36.09756097560976,walking
25154,-0.178955078125,0.119873046875,0.9521484375,10.182926829268293,14.695121951219514,-37.926829268292686,walking
25164,-0.172119140625,0.123291015625,0.94970703125,11.52439024390244,15.975609756097562,-39.87804878048781,walking
25174,-0.164794921875,0.125,0.950439453125,13.231707317073171,17.621951219512198,-42.07317073170732,walking
25184,-0.164306640625,0.12451171875,0.953857421875,15.060975609756099,19.26829268292683,-44.08536585365854,walking
25194,-0.1728515625,0.1240234375,0.953857421875,16.585365853658537,20.182926829268293,-45.426829268292686,walking
25204,-0.1875,0.12841796875,0.954345703125,17.865853658536587,20.121951219512198,-45.1829268292683,walking
25214,-0.218017578125,0.142822265625,0.961669921875,18.414634146341466,19.390243902439025,-43.963414634146346,walking
25224,-0.24658203125,0.16845703125,0.975341796875,17.804878048780488,18.475609756097562,-42.19512195121951,walking
25234,-0.264404296875,0.199951171875,0.991455078125,16.76829268292683,17.012195121951223,-40.1829268292683,walking
25244,-0.27392578125,0.232177734375,1.0048828125,15.914634146341465,15.243902439024392,-38.59756097560976,walking
25254,-0.2705078125,0.259765625,1.01123046875,15.30487804878049,13.414634146341465,-37.80487804878049,walking
25264,-0.257080078125,0.281982421875,1.00634765625,14.756097560975611,11.036585365853659,-37.86585365853659,walking
25274,-0.239501953125,0.296630859375,0.996337890625,13.963414634146343,8.109756097560977,-38.71951219512196,walking
25284,-0.223388671875,0.305419921875,0.9775390625,12.74390243902439,4.573170731707317,-40,walking
25294,-0.21044921875,0.311279296875,0.95458984375,10.792682926829269,1.3414634146341464,-41.15853658536586,walking
25304,-0.19873046875,0.314697265625,0.931396484375,8.170731707317074,-0.9146341463414634,-41.646341463414636,walking
25314,-0.1884765625,0.3154296875,0.91162109375,5.060975609756098,-2.1951219512195124,-41.21951219512196,walking
25324,-0.182373046875,0.316162109375,0.897216796875,1.5853658536585367,-2.5609756097560976,-39.57317073170732,walking
25334,-0.177978515625,0.316650390625,0.891357421875,-2.0121951219512195,-2.5,-36.768292682926834,walking
25344,-0.173828125,0.3173828125,0.8935546875,-5.548780487804878,-2.5609756097560976,-33.04878048780488,walking
25354,-0.169921875,0.31689453125,0.899658203125,-8.719512195121952,-3.231707317073171,-28.658536585365855,walking
25364,-0.163330078125,0.315673828125,0.9072265625,-11.097560975609756,-3.8414634146341466,-24.451219512195124,walking
25374,-0.15673828125,0.314697265625,0.91650390625,-12.74390243902439,-3.7195121951219514,-21.219512195121954,walking
25385,-0.1494140625,0.3154296875,0.92724609375,-13.78048780487805,-2.5,-19.26829268292683,walking
25395,-0.141357421875,0.318359375,0.943115234375,-14.26829268292683,-0.24390243902439027,-18.719512195121954,walking
25405,-0.1376953125,0.322265625,0.96484375,-14.390243902439027,2.5609756097560976,-19.573170731707318,walking
25415,-0.136962890625,0.3271484375,0.994384765625,-14.26829268292683,5.182926829268293,-21.158536585365855,walking
25425,-0.145751953125,0.333740234375,1.025390625,-14.02439024390244,6.646341463414635,-22.865853658536587,walking
25435,-0.16357421875,0.338623046875,1.052978515625,-13.841463414634148,6.646341463414635,-23.84146341463415,walking
25445,-0.19189453125,0.342529296875,1.07373046875,-13.719512195121952,5.3048780487804885,-23.658536585365855,walking
25455,-0.2353515625,0.345703125,1.086669921875,-13.29268292682927,3.658536585365854,-22.378048780487806,walking
25465,-0.293212890625,0.3525390625,1.0966796875,-12.439024390243903,3.353658536585366,-20.243902439024392,walking
25475,-0.359619140625,0.36669921875,1.108154296875,-11.036585365853659,5.426829268292684,-17.439024390243905,walking
25485,-0.442138671875,0.390380859375,1.12890625,-9.329268292682928,9.939024390243903,-14.51219512195122,walking
25495,-0.532958984375,0.423583984375,1.1494140625,-7.500000000000001,16.03658536585366,-10.853658536585368,walking
25505,-0.613525390625,0.4462890625,1.169677734375,-4.878048780487806,22.378048780487806,-5.731707317073171,walking
25515,-0.66748046875,0.448974609375,1.191162109375,-1.4634146341463417,28.475609756097562,0.30487804878048785,walking
25525,-0.696044921875,0.42529296875,1.210693359375,2.378048780487805,32.743902439024396,6.890243902439025,walking
25535,-0.708984375,0.37255859375,1.20947265625,6.036585365853659,33.41463414634146,14.26829268292683,walking
25545,-0.72998046875,0.30224609375,1.17236328125,8.475609756097562,30.000000000000004,22.195121951219512,walking
25555,-0.76171875,0.2197265625,1.110595703125,8.536585365853659,23.59756097560976,31.03658536585366,walking
25565,-0.786865234375,0.137451171875,1.037353515625,5.731707317073171,15.914634146341465,41.28048780487805,walking
25575,-0.816162109375,0.063720703125,0.958740234375,0,7.560975609756098,52.804878048780495,walking
25585,-0.815185546875,-0.01953125,0.891845703125,-8.78048780487805,-0.1829268292682927,65.1219512195122,walking
25595,-0.78466796875,-0.100341796875,0.84033203125,-19.939024390243905,-6.951219512195123,76.82926829268294,walking
25605,-0.739501953125,-0.174072265625,0.815673828125,-31.219512195121954,-12.317073170731708,85.60975609756099,walking
25615,-0.66162109375,-0.189697265625,0.812744140625,-40.487804878048784,-15.609756097560977,92.01219512195122,walking
25625,-0.596923828125,-0.17822265625,0.8203125,-47.25609756097561,-16.76829268292683,92.50000000000001,walking
25635,-0.5576171875,-0.1484375,0.829833984375,-50.73170731707317,-16.463414634146343,84.81707317073172,walking
25645,-0.54150390625,-0.1064453125,0.846435546875,-51.28048780487806,-15.000000000000002,71.21951219512195,walking
25655,-0.53369140625,-0.059326171875,0.868896484375,-48.90243902439025,-12.256097560975611,54.93902439024391,walking
25665,-0.528076171875,-0.0068359375,0.892333984375,-44.024390243902445,-7.865853658536586,38.47560975609756,walking
25675,-0.4931640625,0.057373046875,0.915771484375,-37.37804878048781,-1.7682926829268295,22.5609756097561,walking
25685,-0.46435546875,0.107421875,0.93896484375,-29.32926829268293,5.182926829268293,7.378048780487806,walking
25695,-0.436279296875,0.125,0.959716796875,-20.731707317073173,12.134146341463415,-7.195121951219513,walking
25705,-0.42724609375,0.14111328125,0.970458984375,-12.926829268292684,19.634146341463417,-21.76829268292683,walking
25715,-0.40478515625,0.133056640625,0.989990234375,-7.073170731707318,26.52439024390244,-32.19512195121951,walking
25725,-0.36328125,0.114990234375,1.01171875,-2.987804878048781,29.573170731707318,-37.07317073170732,walking
25735,-0.326904296875,0.098876953125,1.006103515625,-0.853658536585366,27.80487804878049,-37.5,walking
25745,-0.3134765625,0.09521484375,0.979736328125,-0.6097560975609757,23.353658536585368,-36.28048780487805,walking
25755,-0.3408203125,0.114013671875,0.94189453125,-2.1341463414634148,17.682926829268293,-33.41463414634146,walking
25765,-0.354248046875,0.123046875,0.90234375,-5.914634146341464,10.365853658536587,-25.30487804878049,walking
25775,-0.348388671875,0.121826171875,0.85888671875,-10.975609756097562,1.2804878048780488,-14.329268292682928,walking
25785,-0.335693359375,0.11572265625,0.814453125,-16.646341463414636,-8.536585365853659,-3.1097560975609757,walking
25795,-0.32373046875,0.112060546875,0.773681640625,-22.439024390243905,-17.865853658536587,7.134146341463415,walking
25805,-0.31396484375,0.108642578125,0.740478515625,-27.926829268292686,-25.853658536585368,15.853658536585368,walking
25815,-0.30517578125,0.105712890625,0.7119140625,-32.43902439024391,-31.52439024390244,22.865853658536587,walking
25825,-0.3037109375,0.10302734375,0.685791015625,-35.670731707317074,-34.75609756097561,27.926829268292686,walking
25835,-0.3115234375,0.10107421875,0.662109375,-37.80487804878049,-36.03658536585366,31.280487804878053,walking
25845,-0.318603515625,0.09814453125,0.64453125,-39.08536585365854,-35.85365853658537,33.78048780487805,walking
25855,-0.317626953125,0.09033203125,0.6318359375,-39.57317073170732,-34.451219512195124,35.73170731707317,walking
25865,-0.311767578125,0.07958984375,0.625732421875,-39.268292682926834,-31.58536585365854,37.19512195121951,walking
25875,-0.298828125,0.068115234375,0.630859375,-38.23170731707317,-27.378048780487806,38.29268292682927,walking
25886,-0.283447265625,0.05908203125,0.64697265625,-36.524390243902445,-22.012195121951223,39.32926829268293,walking
25896,-0.268310546875,0.052490234375,0.674072265625,-34.390243902439025,-15.79268292682927,40.36585365853659,walking
25906,-0.2568359375,0.0517578125,0.712890625,-31.951219512195124,-9.329268292682928,41.768292682926834,walking
25916,-0.24853515625,0.056396484375,0.75830078125,-29.146341463414636,-3.2926829268292686,43.78048780487805,walking
25926,-0.243408203125,0.06201171875,0.805419921875,-26.03658536585366,1.5853658536585367,46.524390243902445,walking
25936,-0.24169921875,0.06689453125,0.849365234375,-22.621951219512198,5.426829268292684,50.00000000000001,walking
25946,-0.244384765625,0.071533203125,0.8876953125,-19.02439024390244,8.414634146341465,53.90243902439025,walking
25956,-0.24951171875,0.076171875,0.919921875,-15.609756097560977,11.158536585365855,57.926829268292686,walking
25966,-0.255859375,0.081298828125,0.947509765625,-12.500000000000002,13.963414634146343,61.707317073170735,walking
25976,-0.262451171875,0.086181640625,0.972412109375,-10,16.890243902439025,64.87804878048782,walking
25986,-0.26513671875,0.087890625,0.99560546875,-8.231707317073171,19.512195121951223,67.13414634146342,walking
25996,-0.263916015625,0.087890625,1.01513671875,-7.25609756097561,21.28048780487805,68.35365853658537,walking
26006,-0.260009765625,0.083984375,1.029052734375,-7.317073170731708,21.402439024390247,68.65853658536587,walking
26016,-0.25439453125,0.07421875,1.039794921875,-8.414634146341465,19.207317073170735,68.41463414634147,walking
26026,-0.249267578125,0.05908203125,1.04345703125,-10.30487804878049,14.695121951219514,68.41463414634147,walking
26036,-0.242919921875,0.039306640625,1.037841796875,-12.865853658536587,8.475609756097562,69.14634146341464,walking
26046,-0.237548828125,0.01611328125,1.02490234375,-15.731707317073171,1.5853658536585367,70.73170731707317,walking
26056,-0.236083984375,-0.00732421875,1.00341796875,-18.53658536585366,-4.939024390243903,72.98780487804879,walking
26066,-0.243408203125,-0.03173828125,0.976318359375,-20.79268292682927,-10.426829268292684,75.60975609756098,walking
26076,-0.252197265625,-0.057373046875,0.947021484375,-22.195121951219512,-13.902439024390246,78.41463414634147,walking
26086,-0.260986328125,-0.0869140625,0.919189453125,-22.865853658536587,-15.182926829268293,81.09756097560977,walking
26096,-0.265869140625,-0.123046875,0.894775390625,-22.98780487804878,-14.26829268292683,83.10975609756099,walking
26106,-0.260986328125,-0.164306640625,0.880615234375,-22.98780487804878,-11.158536585365855,84.08536585365854,walking
26116,-0.244873046875,-0.205322265625,0.878173828125,-23.04878048780488,-6.219512195121951,83.47560975609757,walking
26126,-0.22119140625,-0.24609375,0.89306640625,-23.10975609756098,0.12195121951219513,81.09756097560977,walking
26136,-0.189208984375,-0.281982421875,0.927978515625,-22.621951219512198,7.073170731707318,76.46341463414635,walking
26146,-0.162109375,-0.31494140625,0.98388671875,-21.402439024390247,13.719512195121952,69.45121951219512,walking
26156,-0.150634765625,-0.3447265625,1.053466796875,-19.939024390243905,18.902439024390244,60.1829268292683,walking
26166,-0.169677734375,-0.363525390625,1.118408203125,-18.475609756097562,21.52439024390244,49.51219512195122,walking
26176,-0.243896484375,-0.360595703125,1.150146484375,-16.890243902439025,20.853658536585368,39.451219512195124,walking
26186,-0.3720703125,-0.341552734375,1.131591796875,-15.426829268292684,17.865853658536587,33.41463414634146,walking
26196,-0.502197265625,-0.29931640625,1.09521484375,-14.207317073170733,15.670731707317074,33.04878048780488,walking
26206,-0.56982421875,-0.22705078125,1.0859375,-12.926829268292684,18.10975609756098,33.47560975609756,walking
26216,-0.59228515625,-0.16064453125,1.130615234375,-10.792682926829269,26.03658536585366,28.04878048780488,walking
26226,-0.588134765625,-0.100341796875,1.19970703125,-7.134146341463415,36.524390243902445,15.426829268292684,walking
26236,-0.596435546875,-0.031494140625,1.257080078125,-2.987804878048781,44.69512195121952,-3.414634146341464,walking
26246,-0.67431640625,0.07080078125,1.27001953125,-0.06097560975609757,45.91463414634147,-24.573170731707318,walking
26256,-0.75830078125,0.17626953125,1.234130859375,0.24390243902439027,38.10975609756098,-40.304878048780495,walking
26266,-0.833740234375,0.270751953125,1.1640625,-1.0975609756097562,23.53658536585366,-50.36585365853659,walking
26276,-0.894287109375,0.349609375,1.08935546875,-3.048780487804878,7.378048780487806,-56.707317073170735,walking
26286,-0.931396484375,0.406494140625,1.047119140625,-3.7195121951219514,-4.939024390243903,-60.060975609756106,walking
26296,-0.923828125,0.44091796875,1.044189453125,-1.2804878048780488,-10,-61.34146341463415,walking
26306,-0.8720703125,0.457275390625,1.07275390625,5.182926829268293,-6.707317073170732,-62.560975609756106,walking
26316,-0.797119140625,0.459228515625,1.110107421875,14.573170731707318,1.9512195121951221,-63.963414634146346,walking
26326,-0.71923828125,0.457763671875,1.1376953125,24.75609756097561,11.341463414634147,-64.57317073170732,walking
26336,-0.65380859375,0.440185546875,1.14013671875,33.59756097560976,17.195121951219512,-63.59756097560976,walking
26346,-0.605712890625,0.40966796875,1.11474609375,40.0609756097561,17.012195121951223,-60.79268292682927,walking
26356,-0.57421875,0.37353515625,1.060546875,43.41463414634147,11.707317073170733,-56.585365853658544,walking
26366,-0.55419921875,0.33740234375,0.9912109375,43.84146341463415,4.2682926829268295,-51.524390243902445,walking
26376,-0.54052734375,0.3056640625,0.91943359375,41.768292682926834,-2.6219512195121952,-47.31707317073171,walking
26387,-0.526611328125,0.280029296875,0.856689453125,38.04878048780488,-6.951219512195123,-44.451219512195124,walking
26397,-0.5107421875,0.26416015625,0.804443359375,33.78048780487805,-8.048780487804878,-42.6219512195122,walking
26407,-0.495849609375,0.25927734375,0.758544921875,29.695121951219516,-6.463414634146342,-41.34146341463415,walking
26417,-0.48291015625,0.26171875,0.720458984375,25.914634146341466,-3.5975609756097566,-40.304878048780495,walking
26427,-0.473876953125,0.265380859375,0.6904296875,22.682926829268293,-0.7317073170731708,-39.51219512195122,walking
26437,-0.469970703125,0.27099609375,0.670166015625,19.81707317073171,0.7926829268292683,-38.78048780487805,walking
26447,-0.469482421875,0.27490234375,0.653076171875,17.378048780487806,0.24390243902439027,-37.31707317073171,walking
26457,-0.4658203125,0.27294921875,0.634033203125,15.060975609756099,-2.073170731707317,-34.451219512195124,walking
26467,-0.454345703125,0.266845703125,0.6123046875,12.621951219512196,-5.182926829268293,-30.30487804878049,walking
26477,-0.437255859375,0.26220703125,0.5908203125,9.939024390243903,-7.560975609756098,-25.48780487804878,walking
26487,-0.418212890625,0.26318359375,0.57470703125,7.073170731707318,-7.987804878048781,-20.731707317073173,walking
26497,-0.3984375,0.274658203125,0.569091796875,4.146341463414634,-5.7926829268292686,-16.70731707317073,walking
26507,-0.387939453125,0.299560546875,0.578125,1.0365853658536586,-1.2804878048780488,-13.963414634146343,walking
26517,-0.3837890625,0.3349609375,0.600341796875,-2.439024390243903,5.3048780487804885,-11.28048780487805,walking
26527,-0.40478515625,0.44384765625,0.60107421875,-8.841463414634147,15.609756097560977,-5.2439024390243905,walking
26537,-0.396728515625,0.43310546875,0.681396484375,-20.54878048780488,33.23170731707317,9.817073170731708,walking
26547,-0.396240234375,0.456787109375,0.760498046875,-28.84146341463415,44.87804878048781,15.487804878048783,walking
26557,-0.4140625,0.457763671875,0.810546875,-34.75609756097561,50.670731707317074,20.121951219512198,walking
26567,-0.421142578125,0.422607421875,0.85986328125,-39.57317073170732,53.78048780487806,27.5609756097561,walking
26577,-0.400634765625,0.37109375,0.88330078125,-42.25609756097561,53.41463414634147,34.87804878048781,walking
26587,-0.396484375,0.326416015625,0.893310546875,-39.87804878048781,47.743902439024396,36.34146341463415,walking
26597,-0.38037109375,0.288818359375,0.881591796875,-33.53658536585366,39.146341463414636,34.63414634146342,walking
26607,-0.361083984375,0.2578125,0.863525390625,-25.853658536585368,32.5,33.35365853658537,walking
26617,-0.341064453125,0.228515625,0.84033203125,-19.207317073170735,29.75609756097561,33.170731707317074,walking
26627,-0.328369140625,0.2041015625,0.8251953125,-14.26829268292683,30.182926829268297,33.53658536585366,walking
26637,-0.32177734375,0.1845703125,0.82666015625,-11.097560975609756,32.01219512195122,34.69512195121951,walking
26647,-0.31591796875,0.20849609375,0.828125,-9.51219512195122,33.29268292682927,38.04878048780488,walking
26657,-0.2880859375,0.19189453125,0.808837890625,-8.719512195121952,34.451219512195124,49.51219512195122,walking
26667,-0.316162109375,0.171142578125,0.801513671875,-10.609756097560977,42.01219512195122,62.13414634146342,walking
26677,-0.358154296875,0.175537109375,0.822265625,-14.817073170731708,52.43902439024391,70.0609756097561,walking
26687,-0.395751953125,0.236572265625,0.854736328125,-19.695121951219512,60.79268292682927,70,walking
26697,-0.408203125,0.303466796875,0.878662109375,-24.32926829268293,65.85365853658537,67.8658536585366,walking
26707,-0.404052734375,0.36474609375,0.8828125,-28.902439024390247,68.96341463414635,69.08536585365854,walking
26717,-0.40087890625,0.414306640625,0.880615234375,-32.5609756097561,72.07317073170732,73.10975609756098,walking
26727,-0.359375,0.432373046875,0.912109375,-34.75609756097561,75.0609756097561,79.51219512195122,walking
26737,-0.369140625,0.454833984375,0.943603515625,-35.91463414634147,73.23170731707317,85.67073170731707,walking
26747,-0.3994140625,0.426513671875,0.991455078125,-37.5609756097561,66.40243902439025,91.58536585365854,walking
26757,-0.435791015625,0.37890625,1.03857421875,-41.03658536585366,56.463414634146346,93.71951219512196,walking
26767,-0.44921875,0.34814453125,1.072021484375,-45.243902439024396,42.6829268292683,90.1829268292683,walking
26777,-0.443359375,0.332763671875,1.0947265625,-48.963414634146346,26.09756097560976,83.59756097560977,walking
26787,-0.424072265625,0.32373046875,1.103271484375,-52.37804878048781,9.085365853658537,77.6219512195122,walking
26797,-0.400634765625,0.303466796875,1.100341796875,-55.1829268292683,-6.219512195121951,73.78048780487805,walking
26807,-0.382568359375,0.295654296875,1.097900390625,-56.768292682926834,-19.32926829268293,70.73170731707317,walking
26817,-0.36669921875,0.312255859375,1.12109375,-57.804878048780495,-31.58536585365854,69.75609756097562,walking
26827,-0.32666015625,0.28271484375,1.10205078125,-58.84146341463415,-45.1219512195122,72.5,walking
26837,-0.308837890625,0.2587890625,1.018798828125,-59.024390243902445,-53.29268292682927,69.02439024390245,walking
26847,-0.33935546875,0.286865234375,0.91259765625,-57.6829268292683,-51.463414634146346,57.50000000000001,walking
26857,-0.395751953125,0.35888671875,0.79296875,-55.67073170731708,-41.28048780487805,47.37804878048781,walking
26867,-0.461181640625,0.44873046875,0.662841796875,-53.90243902439025,-25.731707317073173,44.63414634146342,walking
26877,-0.56103515625,0.550537109375,0.54638671875,-51.34146341463415,-8.353658536585366,48.90243902439025,walking
26888,-0.71826171875,0.6376953125,0.46533203125,-46.28048780487805,7.682926829268293,59.51219512195122,walking
26898,-0.857421875,0.667236328125,0.419677734375,-37.37804878048781,23.53658536585366,73.84146341463415,walking
26908,-0.961181640625,0.64208984375,0.427490234375,-24.451219512195124,42.25609756097561,86.03658536585367,walking
26918,-1.02001953125,0.59326171875,0.497802734375,-11.097560975609756,67.19512195121952,93.65853658536587,walking
26928,-0.994140625,0.47119140625,0.72998046875,1.4634146341463417,96.34146341463415,98.35365853658537,walking
26938,-1.009765625,0.357421875,1.053466796875,9.146341463414634,109.39024390243904,97.25609756097562,walking
26948,-1.117431640625,0.273193359375,1.192138671875,5.060975609756098,90.79268292682927,100.3658536585366,walking
26958,-1.251220703125,0.154296875,1.130126953125,-6.52439024390244,57.6829268292683,116.34146341463416,walking
26968,-1.354736328125,0.001953125,0.99365234375,-17.865853658536587,32.07317073170732,133.84146341463415,walking
26978,-1.36181640625,-0.125244140625,0.899658203125,-28.292682926829272,23.10975609756098,138.65853658536585,walking
26988,-1.328125,-0.16357421875,0.869140625,-39.69512195121951,25.731707317073173,122.07317073170732,walking
26998,-1.2353515625,-0.11474609375,0.891845703125,-50.91463414634147,31.158536585365855,88.10975609756099,walking
27008,-1.10595703125,0.007568359375,0.9560546875,-60.73170731707317,31.646341463414636,45.79268292682927,walking
27018,-0.968994140625,0.186767578125,1.03271484375,-69.08536585365854,22.80487804878049,6.158536585365854,walking
27028,-0.814208984375,0.38330078125,1.095703125,-77.07317073170732,5.3048780487804885,-19.146341463414636,walking
27038,-0.67724609375,0.544677734375,1.074951171875,-86.28048780487805,-15.487804878048783,-22.134146341463417,walking
27048,-0.57275390625,0.638427734375,0.9609375,-96.64634146341464,-30.000000000000004,-4.634146341463415,walking
27058,-0.50439453125,0.677978515625,0.81494140625,-105.79268292682927,-32.5609756097561,22.926829268292686,walking
27068,-0.466064453125,0.681396484375,0.677490234375,-112.25609756097562,-24.939024390243905,52.86585365853659,walking
27078,-0.431640625,0.6474609375,0.570068359375,-114.81707317073172,-11.76829268292683,81.34146341463415,walking
27088,-0.422119140625,0.589599609375,0.50341796875,-112.6219512195122,3.048780487804878,106.82926829268294,walking
27098,-0.455322265625,0.515380859375,0.46923828125,-107.56097560975611,18.231707317073173,131.64634146341464,walking
27108,-0.518310546875,0.409912109375,0.45263671875,-102.25609756097562,33.53658536585366,157.13414634146343,walking
27118,-0.5986328125,0.27880859375,0.4462890625,-98.23170731707317,48.84146341463415,180.3658536585366,walking
27128,-0.679931640625,0.13525390625,0.454833984375,-95.85365853658537,62.560975609756106,196.89024390243904,walking
27138,-0.721435546875,-0.01904296875,0.48681640625,-95.73170731707317,70.0609756097561,201.76829268292684,walking
27148,-0.756103515625,-0.12548828125,0.519775390625,-96.21951219512196,68.29268292682927,190.7926829268293,walking
27158,-0.76953125,-0.173828125,0.539794921875,-98.35365853658537,57.6829268292683,169.63414634146343,walking
27168,-0.739501953125,-0.183837890625,0.54248046875,-101.58536585365854,41.707317073170735,146.58536585365854,walking
27178,-0.677490234375,-0.171630859375,0.530517578125,-104.87804878048782,24.146341463414636,125.97560975609757,walking
27188,-0.60400390625,-0.14599609375,0.5146484375,-107.25609756097562,8.536585365853659,109.51219512195122,walking
27198,-0.54443359375,-0.112548828125,0.508544921875,-107.31707317073172,-2.5609756097560976,96.89024390243904,walking
27208,-0.515380859375,-0.0703125,0.515380859375,-104.45121951219514,-6.951219512195123,87.6829268292683,walking
27218,-0.513671875,-0.018798828125,0.532470703125,-98.23170731707317,-3.1097560975609757,82.01219512195122,walking
27228,-0.53466796875,0.032958984375,0.55810546875,-89.02439024390245,9.02439024390244,80,walking
27238,-0.5693359375,0.08642578125,0.595703125,-77.8048780487805,28.353658536585368,81.58536585365854,walking
27248,-0.5966796875,0.1279296875,0.661865234375,-65.91463414634147,51.82926829268293,86.46341463414635,walking
27258,-0.606201171875,0.124755859375,0.78662109375,-54.75609756097561,71.46341463414635,90.97560975609757,walking
27268,-0.640625,0.12548828125,0.906005859375,-47.6829268292683,76.52439024390245,89.93902439024392,walking
27278,-0.671142578125,0.1357421875,0.960205078125,-45.97560975609756,66.46341463414635,85.91463414634147,walking
27288,-0.670654296875,0.130615234375,0.9619140625,-46.707317073170735,49.51219512195122,83.17073170731707,walking
27298,-0.645751953125,0.10400390625,0.930419921875,-47.6829268292683,32.31707317073171,82.8658536585366,walking
27308,-0.611572265625,0.06103515625,0.881103515625,-48.04878048780488,18.963414634146343,84.69512195121952,walking
27318,-0.585693359375,0.00439453125,0.830810546875,-47.37804878048781,11.52439024390244,87.92682926829269,walking
27328,-0.575439453125,-0.059326171875,0.793212890625,-45.304878048780495,9.756097560975611,90.79268292682927,walking
27338,-0.574951171875,-0.12451171875,0.772216796875,-41.951219512195124,10.914634146341465,90.97560975609757,walking
27348,-0.57568359375,-0.181396484375,0.763916015625,-37.6219512195122,12.439024390243903,86.15853658536587,walking
27358,-0.5712890625,-0.2177734375,0.762939453125,-32.743902439024396,13.109756097560977,76.15853658536587,walking
27368,-0.55517578125,-0.233154296875,0.7705078125,-27.682926829268297,12.378048780487806,62.50000000000001,walking
27378,-0.53125,-0.225341796875,0.78271484375,-22.80487804878049,10.30487804878049,47.743902439024396,walking
27389,-0.5107421875,-0.195556640625,0.7958984375,-18.170731707317074,7.560975609756098,33.84146341463415,walking
27399,-0.49609375,-0.15234375,0.8125,-13.231707317073171,4.939024390243903,22.195121951219512,walking
27409,-0.481689453125,-0.101318359375,0.837646484375,-8.109756097560977,3.414634146341464,12.865853658536587,walking
27419,-0.46875,-0.037841796875,0.877197265625,-3.1707317073170733,2.804878048780488,5.3048780487804885,walking
27429,-0.46337890625,0.041748046875,0.923095703125,0.6707317073170732,1.3414634146341464,0.30487804878048785,walking
27439,-0.4462890625,0.126953125,0.9814453125,2.7439024390243905,-1.5853658536585367,-1.1585365853658538,walking
27449,-0.42138671875,0.2158203125,1.04150390625,2.5609756097560976,-5.7926829268292686,0.06097560975609757,walking
27459,-0.385498046875,0.2978515625,1.09033203125,0.5487804878048781,-9.573170731707318,3.9024390243902443,walking
27469,-0.34716796875,0.364013671875,1.122314453125,-1.8902439024390245,-10.975609756097562,10.182926829268293,walking
27479,-0.316162109375,0.396484375,1.142822265625,-4.390243902439025,-9.390243902439025,19.02439024390244,walking
27489,-0.312744140625,0.39404296875,1.14892578125,-7.195121951219513,-5.548780487804878,29.32926829268293,walking
27499,-0.351806640625,0.364990234375,1.13671875,-10.548780487804878,-0.6097560975609757,39.146341463414636,walking
27509,-0.439453125,0.32373046875,1.093994140625,-14.451219512195124,4.2682926829268295,48.10975609756098,walking
27519,-0.57080078125,0.26416015625,1.022216796875,-18.597560975609756,10,57.743902439024396,walking
27529,-0.73876953125,0.171875,0.942626953125,-22.865853658536587,17.743902439024392,70.1219512195122,walking
27539,-0.9345703125,0.057861328125,0.912841796875,-26.52439024390244,27.682926829268297,83.35365853658537,walking
27549,-1.09521484375,-0.0615234375,0.935546875,-28.353658536585368,38.23170731707317,87.6829268292683,walking
27559,-1.20556640625,-0.126220703125,0.9755859375,-27.987804878048784,47.804878048780495,74.81707317073172,walking
27569,-1.250732421875,-0.099853515625,1.006103515625,-26.219512195121954,54.39024390243903,48.963414634146346,walking
27579,-1.264404296875,-0.00146484375,1.005126953125,-25.426829268292686,54.63414634146342,22.012195121951223,walking
27589,-1.27587890625,0.13037109375,0.935791015625,-27.5609756097561,48.23170731707317,2.7439024390243905,walking
27599,-1.255859375,0.267333984375,0.836181640625,-30.30487804878049,39.390243902439025,-8.658536585365855,walking
27609,-1.209716796875,0.398681640625,0.74365234375,-31.52439024390244,31.34146341463415,-14.878048780487806,walking
27619,-1.144775390625,0.50537109375,0.685302734375,-29.08536585365854,25.853658536585368,-16.28048780487805,walking
27629,-1.048095703125,0.556396484375,0.68408203125,-21.76829268292683,22.926829268292686,-12.621951219512196,walking
27639,-0.932373046875,0.549072265625,0.748291015625,-10.853658536585368,20,-6.341463414634147,walking
27649,-0.8310546875,0.511962890625,0.841796875,0,12.926829268292684,0.9756097560975611,walking
27659,-0.76318359375,0.4482421875,0.90234375,7.8048780487804885,0.9756097560975611,10.731707317073171,walking
27669,-0.720458984375,0.35546875,0.917724609375,11.951219512195124,-11.402439024390246,22.012195121951223,walking
27679,-0.697509765625,0.246337890625,0.899658203125,13.658536585365855,-20.79268292682927,31.951219512195124,walking
27689,-0.673095703125,0.124755859375,0.865478515625,13.658536585365855,-26.402439024390247,39.024390243902445,walking
27699,-0.646728515625,0.012939453125,0.820556640625,12.317073170731708,-29.87804878048781,40.91463414634147,walking
27709,-0.618896484375,-0.06396484375,0.752197265625,11.28048780487805,-33.23170731707317,36.82926829268293,walking
27719,-0.578125,-0.102294921875,0.663330078125,12.256097560975611,-35.426829268292686,29.02439024390244,walking
27729,-0.522705078125,-0.116943359375,0.58154296875,15.30487804878049,-34.024390243902445,19.878048780487806,walking
27739,-0.474853515625,-0.099853515625,0.5185546875,19.573170731707318,-28.53658536585366,8.902439024390244,walking
27749,-0.4619140625,-0.045166015625,0.474853515625,24.451219512195124,-20.365853658536587,-4.390243902439025,walking
27759,-0.469970703125,0.0302734375,0.451904296875,29.39024390243903,-10.487804878048781,-17.31707317073171,walking
27769,-0.489990234375,0.112548828125,0.442626953125,33.41463414634146,-1.0975609756097562,-26.89024390243903,walking
27779,-0.499755859375,0.181396484375,0.4453125,36.09756097560976,4.817073170731708,-31.82926829268293,walking
27789,-0.502197265625,0.231689453125,0.45556640625,37.6219512195122,5.7926829268292686,-33.59756097560976,walking
27799,-0.499267578125,0.263427734375,0.471435546875,37.987804878048784,2.0121951219512195,-32.987804878048784,walking
27809,-0.4931640625,0.280517578125,0.493408203125,36.768292682926834,-4.085365853658537,-30.853658536585368,walking
27819,-0.484619140625,0.28759765625,0.52392578125,33.90243902439025,-10.30487804878049,-28.170731707317074,walking
27829,-0.474609375,0.28955078125,0.56396484375,30.000000000000004,-15.54878048780488,-26.219512195121954,walking
27839,-0.47021484375,0.298828125,0.609619140625,26.09756097560976,-20.365853658536587,-25.670731707317074,walking
27849,-0.45947265625,0.291015625,0.656494140625,22.926829268292686,-24.75609756097561,-25.365853658536587,walking
27859,-0.44580078125,0.2724609375,0.6953125,19.02439024390244,-28.719512195121954,-25.243902439024392,walking
27869,-0.428466796875,0.247314453125,0.72265625,14.146341463414636,-31.76829268292683,-25.853658536585368,walking
27879,-0.409423828125,0.219482421875,0.7421875,8.902439024390244,-33.109756097560975,-27.621951219512198,walking
27890,-0.379150390625,0.19384765625,0.764404296875,4.024390243902439,-32.5,-31.03658536585366,walking
27900,-0.34912109375,0.18310546875,0.7919921875,0.12195121951219513,-31.158536585365855,-36.58536585365854,walking
27910,-0.32470703125,0.1923828125,0.82568359375,-2.5609756097560976,-30.182926829268297,-43.10975609756098,walking
27920,-0.31201171875,0.21923828125,0.8623046875,-4.390243902439025,-30.0609756097561,-48.78048780487805,walking
27930,-0.31201171875,0.2607421875,0.8876953125,-5.609756097560976,-30.54878048780488,-51.40243902439025,walking
27940,-0.3173828125,0.2978515625,0.899658203125,-5.975609756097562,-30.30487804878049,-49.81707317073171,walking
27950,-0.328857421875,0.3232421875,0.906005859375,-5.182926829268293,-28.59756097560976,-45.36585365853659,walking
27960,-0.346923828125,0.334716796875,0.914306640625,-2.9268292682926833,-25.60975609756098,-39.81707317073171,walking
27970,-0.379150390625,0.33642578125,0.925048828125,0.3658536585365854,-21.585365853658537,-34.451219512195124,walking
27980,-0.41455078125,0.32470703125,0.941650390625,3.963414634146342,-16.76829268292683,-29.75609756097561,walking
27990,-0.44873046875,0.312744140625,0.96875,6.951219512195123,-11.76829268292683,-27.012195121951223,walking
28000,-0.4697265625,0.31103515625,1.01318359375,9.207317073170733,-7.865853658536586,-26.402439024390247,walking
28010,-0.47021484375,0.32421875,1.07373046875,10.426829268292684,-6.707317073170732,-27.5609756097561,walking
28020,-0.45703125,0.35009765625,1.131591796875,10.670731707317074,-10.060975609756099,-29.207317073170735,walking
28030,-0.446044921875,0.37890625,1.15283203125,10.365853658536587,-18.04878048780488,-29.573170731707318,walking
28040,-0.444091796875,0.39892578125,1.114990234375,10.609756097560977,-27.743902439024392,-26.463414634146343,walking
28050,-0.46240234375,0.410888671875,1.024658203125,13.170731707317074,-33.65853658536586,-18.597560975609756,walking
28060,-0.546630859375,0.43505859375,0.91650390625,18.902439024390244,-31.58536585365854,-6.158536585365854,walking
28070,-0.69287109375,0.429443359375,0.84521484375,25.731707317073173,-20.365853658536587,10.731707317073171,walking
28080,-0.846923828125,0.41015625,0.825439453125,32.37804878048781,-2.7439024390243905,26.28048780487805,walking
28090,-0.98095703125,0.42138671875,0.859619140625,38.170731707317074,17.012195121951223,33.35365853658537,walking
28100,-1.06298828125,0.44921875,0.928466796875,41.524390243902445,33.41463414634146,33.963414634146346,walking
28110,-1.10986328125,0.4609375,1.022216796875,42.86585365853659,40.85365853658537,35.97560975609756,walking
28120,-1.15283203125,0.427978515625,1.091552734375,43.65853658536586,35.97560975609756,43.170731707317074,walking
28130,-1.193359375,0.335205078125,1.08447265625,43.170731707317074,18.84146341463415,53.90243902439025,walking
28140,-1.23095703125,0.209716796875,0.99658203125,40.97560975609756,-4.451219512195122,62.43902439024391,walking
28150,-1.254638671875,0.064453125,0.88818359375,37.5609756097561,-24.26829268292683,64.87804878048782,walking
28160,-1.2568359375,-0.079833984375,0.814208984375,33.47560975609756,-34.390243902439025,58.65853658536586,walking
28170,-1.220947265625,-0.206298828125,0.787841796875,28.902439024390247,-33.47560975609756,41.951219512195124,walking
28180,-1.1650390625,-0.269287109375,0.80126953125,23.84146341463415,-23.475609756097562,14.146341463414636,walking
28190,-1.07373046875,-0.260498046875,0.86474609375,18.170731707317074,-11.341463414634147,-18.719512195121954,walking
28200,-0.95703125,-0.189208984375,0.93896484375,11.402439024390246,-6.7682926829268295,-47.987804878048784,walking
28210,-0.813720703125,-0.097900390625,0.966064453125,2.8658536585365857,-12.073170731707318,-66.95121951219512,walking
28220,-0.688720703125,0.0126953125,0.9365234375,-6.585365853658537,-21.28048780487805,-76.21951219512196,walking
28230,-0.585205078125,0.127685546875,0.86865234375,-15.79268292682927,-27.195121951219516,-77.5,walking
28240,-0.505859375,0.241455078125,0.78125,-23.53658536585366,-25.365853658536587,-72.8048780487805,walking
28250,-0.4443359375,0.340576171875,0.696533203125,-29.02439024390244,-13.475609756097562,-63.78048780487806,walking
28260,-0.405517578125,0.419921875,0.634765625,-30.914634146341466,6.2804878048780495,-51.646341463414636,walking
28270,-0.38720703125,0.468017578125,0.60888671875,-29.207317073170735,27.378048780487806,-36.58536585365854,walking
28280,-0.38671875,0.479248046875,0.619873046875,-25.30487804878049,43.04878048780488,-19.695121951219512,walking
28290,-0.410888671875,0.461669921875,0.64208984375,-21.52439024390244,48.84146341463415,-2.5609756097560976,walking
28300,-0.43896484375,0.413330078125,0.649169921875,-19.512195121951223,45.1829268292683,13.78048780487805,walking
28310,-0.4609375,0.34033203125,0.638916015625,-19.634146341463417,35.73170731707317,27.621951219512198,walking
28320,-0.471923828125,0.259765625,0.612548828125,-22.25609756097561,23.414634146341466,36.646341463414636,walking
28330,-0.470703125,0.18603515625,0.575439453125,-26.76829268292683,10.792682926829269,40.243902439024396,walking
28340,-0.45751953125,0.129150390625,0.532470703125,-32.25609756097561,0,39.63414634146342,walking
28350,-0.438720703125,0.09130859375,0.48583984375,-37.5,-7.987804878048781,37.19512195121951,walking
28360,-0.4228515625,0.069580078125,0.439208984375,-40.91463414634147,-13.109756097560977,35.1829268292683,walking
28370,-0.41259765625,0.048828125,0.402587890625,-41.646341463414636,-15.000000000000002,34.75609756097561,walking
28380,-0.403076171875,0.0283203125,0.37939453125,-39.32926829268293,-13.719512195121952,35.1829268292683,walking
28391,-0.403076171875,0.005615234375,0.373046875,-34.32926829268293,-9.26829268292683,33.59756097560976,walking
28401,-0.40576171875,-0.012451171875,0.38623046875,-27.865853658536587,-1.7682926829268295,28.292682926829272,walking
28411,-0.399169921875,-0.025634765625,0.42529296875,-20.48780487804878,8.597560975609756,19.146341463414636,walking
28421,-0.3984375,-0.026611328125,0.4912109375,-13.04878048780488,20.30487804878049,7.01219512195122,walking
28431,-0.40234375,-0.010986328125,0.579345703125,-6.829268292682928,30.365853658536587,-5.487804878048781,walking
28441,-0.413330078125,0.01953125,0.681396484375,-2.5609756097560976,35.670731707317074,-15.30487804878049,walking
28451,-0.4140625,0.05224609375,0.782958984375,-0.48780487804878053,34.51219512195122,-19.207317073170735,walking
28461,-0.4130859375,0.0751953125,0.86865234375,-0.24390243902439027,27.987804878048784,-15.914634146341465,walking
28471,-0.421875,0.079833984375,0.937255859375,-1.3414634146341464,19.26829268292683,-7.01219512195122,walking
28481,-0.4482421875,0.069580078125,0.9921875,-2.682926829268293,11.28048780487805,3.7195121951219514,walking
28491,-0.489013671875,0.053466796875,1.03564453125,-3.780487804878049,5.365853658536586,13.353658536585368,walking
28501,-0.536865234375,0.04150390625,1.067138671875,-4.2682926829268295,2.1341463414634148,20.243902439024392,walking
28511,-0.57958984375,0.036376953125,1.096435546875,-4.51219512195122,0.9756097560975611,24.26829268292683,walking
28521,-0.605712890625,0.040283203125,1.128173828125,-5.2439024390243905,0,25.30487804878049,walking
28531,-0.607666015625,0.05517578125,1.1630859375,-6.707317073170732,-2.439024390243903,24.26829268292683,walking
28541,-0.592041015625,0.067626953125,1.183349609375,-9.329268292682928,-6.951219512195123,23.414634146341466,walking
28551,-0.56298828125,0.068603515625,1.1826171875,-13.04878048780488,-12.073170731707318,22.98780487804878,walking
28561,-0.523193359375,0.0576171875,1.1640625,-17.195121951219512,-16.52439024390244,22.134146341463417,walking
28571,-0.487060546875,0.037841796875,1.127685546875,-21.34146341463415,-19.75609756097561,19.939024390243905,walking
28581,-0.448486328125,0.018310546875,1.07861328125,-25.670731707317074,-21.097560975609756,17.073170731707318,walking
28591,-0.428466796875,0.00927734375,1.011962890625,-30.0609756097561,-19.634146341463417,14.390243902439027,walking
28601,-0.45263671875,0.0166015625,0.91943359375,-34.146341463414636,-14.26829268292683,13.719512195121952,walking
28611,-0.526123046875,0.02294921875,0.813232421875,-37.5,-3.8414634146341466,18.414634146341466,walking
28621,-0.657470703125,0.015380859375,0.73291015625,-39.451219512195124,11.219512195121952,29.26829268292683,walking
28631,-0.81298828125,-0.018798828125,0.717529296875,-39.81707317073171,29.75609756097561,39.024390243902445,walking
28641,-0.966064453125,-0.0517578125,0.75244140625,-38.10975609756098,49.81707317073171,35.73170731707317,walking
28651,-1.089111328125,-0.02783203125,0.841064453125,-34.268292682926834,69.45121951219512,16.52439024390244,walking
28661,-1.172607421875,0.067138671875,0.95458984375,-30.000000000000004,82.37804878048782,-7.621951219512196,walking
28671,-1.22509765625,0.16943359375,1.009765625,-28.231707317073173,82.07317073170732,-22.621951219512198,walking
28681,-1.239013671875,0.246337890625,0.994873046875,-29.512195121951223,71.64634146341464,-28.04878048780488,walking
28691,-1.20458984375,0.328369140625,0.955078125,-32.80487804878049,56.768292682926834,-31.707317073170735,walking
28701,-1.145263671875,0.434326171875,0.9140625,-36.463414634146346,39.93902439024391,-35.609756097560975,walking
28711,-1.07861328125,0.5390625,0.88037109375,-38.47560975609756,22.378048780487806,-36.524390243902445,walking
28721,-1.004638671875,0.61669921875,0.85791015625,-37.01219512195122,6.341463414634147,-32.07317073170732,walking
28731,-0.938720703125,0.649658203125,0.83740234375,-30.731707317073173,-5.7926829268292686,-22.195121951219512,walking
28741,-0.87060546875,0.623291015625,0.81982421875,-20.365853658536587,-12.500000000000002,-7.560975609756098,walking
28751,-0.810546875,0.544921875,0.808837890625,-8.658536585365855,-15.000000000000002,8.658536585365855,walking
28761,-0.774658203125,0.44384765625,0.80615234375,2.439024390243903,-16.82926829268293,21.52439024390244,walking
28771,-0.755615234375,0.33935546875,0.802978515625,11.646341463414634,-20.60975609756098,29.634146341463417,walking
28781,-0.7314453125,0.235595703125,0.802490234375,18.170731707317074,-25.853658536585368,34.024390243902445,walking
28791,-0.697998046875,0.14501953125,0.79541015625,22.31707317073171,-30.975609756097565,35.1219512195122,walking
28801,-0.649658203125,0.068603515625,0.77880859375,25.000000000000004,-33.78048780487805,34.390243902439025,walking
28811,-0.5986328125,0.01220703125,0.754150390625,26.82926829268293,-33.23170731707317,32.743902439024396,walking
28821,-0.55615234375,-0.01708984375,0.720458984375,27.621951219512198,-29.146341463414636,30.243902439024392,walking
28831,-0.529541015625,-0.019287109375,0.677978515625,27.378048780487806,-21.76829268292683,26.707317073170735,walking
28841,-0.514892578125,-0.0009765625,0.636474609375,26.402439024390247,-11.646341463414634,22.439024390243905,walking
28851,-0.509765625,0.02783203125,0.607177734375,25.0609756097561,-0.7926829268292683,16.646341463414636,walking
28861,-0.51513671875,0.0712890625,0.587646484375,23.963414634146343,7.987804878048781,8.475609756097562,walking
28871,-0.51513671875,0.11767578125,0.57763671875,23.04878048780488,12.256097560975611,-1.2804878048780488,walking
28881,-0.505615234375,0.16796875,0.56640625,22.31707317073171,10.792682926829269,-11.52439024390244,walking
28892,-0.486572265625,0.21728515625,0.546630859375,21.646341463414636,3.963414634146342,-20.48780487804878,walking
28902,-0.452392578125,0.25634765625,0.5146484375,20.670731707317074,-5.609756097560976,-26.463414634146343,walking
28912,-0.406494140625,0.28271484375,0.472900390625,19.146341463414636,-15.121951219512196,-28.902439024390247,walking
28922,-0.352294921875,0.29150390625,0.43603515625,17.134146341463417,-21.82926829268293,-28.10975609756098,walking
28932,-0.302490234375,0.28759765625,0.415771484375,14.695121951219514,-24.390243902439025,-25.243902439024392,walking
28942,-0.27490234375,0.28076171875,0.4130859375,12.317073170731708,-23.04878048780488,-21.158536585365855,walking
28952,-0.2666015625,0.2666015625,0.43017578125,10.060975609756099,-18.04878048780488,-15.243902439024392,walking
28962,-0.27587890625,0.2392578125,0.4814453125,7.926829268292684,-10.487804878048781,-8.597560975609756,walking
28972,-0.30029296875,0.204345703125,0.56884765625,5.7926829268292686,-3.414634146341464,-4.085365853658537,walking
28982,-0.337646484375,0.17724609375,0.6611328125,3.536585365853659,-0.30487804878048785,-5.2439024390243905,walking
28992,-0.3662109375,0.157958984375,0.743408203125,1.2804878048780488,-1.2195121951219514,-12.74390243902439,walking
29002,-0.36865234375,0.15283203125,0.796875,-0.24390243902439027,-3.414634146341464,-25.914634146341466,walking
29012,-0.361083984375,0.169921875,0.847412109375,-0.6707317073170732,-3.5975609756097566,-42.31707317073171,walking
29022,-0.34912109375,0.201416015625,0.913818359375,0.1829268292682927,-2.804878048780488,-57.31707317073171,walking
29032,-0.33349609375,0.2412109375,0.995361328125,1.7682926829268295,-3.5975609756097566,-66.64634146341464,walking
29042,-0.33056640625,0.275634765625,1.05419921875,2.682926829268293,-6.341463414634147,-67.6829268292683,walking
29052,-0.344482421875,0.289794921875,1.080810546875,3.048780487804878,-8.719512195121952,-61.28048780487806,walking
29062,-0.37255859375,0.286865234375,1.099365234375,3.7195121951219514,-8.78048780487805,-51.585365853658544,walking
29072,-0.41015625,0.2744140625,1.123291015625,5.121951219512195,-8.048780487804878,-42.13414634146342,walking
29082,-0.452880859375,0.265380859375,1.1533203125,7.195121951219513,-8.170731707317074,-35.670731707317074,walking
29092,-0.4814453125,0.260498046875,1.184326171875,9.695121951219512,-10.487804878048781,-32.987804878048784,walking
29102,-0.47900390625,0.2685546875,1.20703125,12.256097560975611,-15.487804878048783,-32.987804878048784,walking
29112,-0.458251953125,0.293701171875,1.207275390625,14.451219512195124,-22.80487804878049,-33.90243902439025,walking
29122,-0.432373046875,0.33251953125,1.171142578125,15.853658536585368,-30.792682926829272,-33.109756097560975,walking
29132,-0.422119140625,0.383544921875,1.09375,17.5,-37.01219512195122,-28.84146341463415,walking
29142,-0.456787109375,0.445556640625,0.991455078125,20.975609756097562,-39.146341463414636,-20.182926829268293,walking
29152,-0.564697265625,0.4990234375,0.890380859375,26.158536585365855,-35.1829268292683,-6.951219512195123,walking
29162,-0.6806640625,0.4951171875,0.830078125,32.86585365853659,-24.451219512195124,9.146341463414634,walking
29172,-0.78857421875,0.487548828125,0.814453125,40.243902439024396,-8.231707317073171,21.34146341463415,walking
29182,-0.895751953125,0.50830078125,0.8505859375,46.40243902439025,10.182926829268293,26.34146341463415,walking
29192,-0.97900390625,0.5244140625,0.93896484375,50.243902439024396,25.731707317073173,29.695121951219516,walking
29202,-1.0390625,0.496826171875,1.03662109375,52.07317073170732,32.5,37.5609756097561,walking
29212,-1.101318359375,0.40234375,1.0888671875,52.5609756097561,28.170731707317074,49.39024390243903,walking
29222,-1.169677734375,0.24609375,1.094482421875,51.768292682926834,15.182926829268293,59.32926829268293,walking
29232,-1.240966796875,0.069580078125,1.070556640625,49.69512195121952,-1.5853658536585367,60.73170731707317,walking
29242,-1.2841796875,-0.0986328125,1.0390625,46.15853658536586,-16.585365853658537,51.03658536585366,walking
29252,-1.2890625,-0.23095703125,1.017822265625,40.670731707317074,-25.60975609756098,30.60975609756098,walking
29262,-1.252685546875,-0.295166015625,1.01806640625,33.35365853658537,-27.25609756097561,2.3170731707317076,walking
29272,-1.16845703125,-0.287109375,1.02197265625,24.75609756097561,-24.451219512195124,-26.219512195121954,walking
29282,-1.038330078125,-0.23291015625,1.008056640625,14.634146341463415,-20.975609756097562,-47.6829268292683,walking
29292,-0.8857421875,-0.15380859375,0.97216796875,3.2926829268292686,-18.963414634146343,-60.487804878048784,walking
29302,-0.747802734375,-0.054443359375,0.918701171875,-7.865853658536586,-19.26829268292683,-67.8048780487805,walking
29312,-0.6357421875,0.058349609375,0.8515625,-17.31707317073171,-21.097560975609756,-72.37804878048782,walking
29322,-0.5498046875,0.1796875,0.776611328125,-24.451219512195124,-21.402439024390247,-75.42682926829269,walking
29332,-0.474609375,0.2919921875,0.70654296875,-29.02439024390244,-17.134146341463417,-76.82926829268294,walking
29342,-0.412353515625,0.386962890625,0.65234375,-30.975609756097565,-8.597560975609756,-76.28048780487805,walking
29352,-0.3662109375,0.459228515625,0.612548828125,-31.58536585365854,1.8902439024390245,-72.01219512195122,walking
29362,-0.326171875,0.50048828125,0.5810546875,-31.03658536585366,10.914634146341465,-61.707317073170735,walking
29372,-0.29248046875,0.509033203125,0.5546875,-29.634146341463417,15.79268292682927,-45.1219512195122,walking
29382,-0.274658203125,0.484619140625,0.532958984375,-27.987804878048784,15.731707317073171,-24.02439024390244,walking
29393,-0.291015625,0.44091796875,0.513916015625,-27.134146341463417,11.52439024390244,-0.9756097560975611,walking
29403,-0.35546875,0.379150390625,0.4892578125,-27.5609756097561,4.878048780487806,21.707317073170735,walking
29413,-0.40966796875,0.2998046875,0.456787109375,-29.81707317073171,-1.5853658536585367,41.34146341463415,walking
29423,-0.4306640625,0.217041015625,0.424072265625,-32.5,-6.036585365853659,54.146341463414636,walking
29433,-0.4287109375,0.13623046875,0.403076171875,-34.81707317073171,-7.8048780487804885,59.207317073170735,walking
29443,-0.41650390625,0.066650390625,0.396484375,-36.28048780487805,-7.987804878048781,57.6219512195122,walking
29453,-0.405029296875,0.01513671875,0.396484375,-36.28048780487805,-6.829268292682928,51.03658536585366,walking
29463,-0.3994140625,-0.019775390625,0.40478515625,-34.63414634146342,-4.146341463414634,41.951219512195124,walking
29473,-0.39892578125,-0.048095703125,0.42822265625,-31.646341463414636,0.6707317073170732,31.76829268292683,walking
29483,-0.396728515625,-0.07470703125,0.467041015625,-26.34146341463415,8.292682926829269,21.34146341463415,walking
29493,-0.3916015625,-0.099853515625,0.51953125,-18.719512195121954,19.085365853658537,9.756097560975611,walking
29503,-0.381591796875,-0.119873046875,0.588134765625,-9.390243902439025,33.23170731707317,-3.2926829268292686,walking
29513,-0.4091796875,-0.10986328125,0.671630859375,-0.06097560975609757,49.024390243902445,-18.353658536585368,walking
29523,-0.44287109375,-0.0732421875,0.802001953125,7.500000000000001,61.34146341463415,-30.30487804878049,walking
29533,-0.441650390625,-0.0205078125,0.951416015625,12.256097560975611,62.987804878048784,-34.69512195121951,walking
29543,-0.425048828125,0.0283203125,1.045166015625,13.29268292682927,52.31707317073171,-28.84146341463415,walking
29553,-0.405517578125,0.0439453125,1.080322265625,11.585365853658537,36.646341463414636,-14.02439024390244,walking
29563,-0.402099609375,0.0361328125,1.08154296875,9.085365853658537,23.719512195121954,2.5,walking
29573,-0.416015625,0.02490234375,1.0712890625,7.073170731707318,15.79268292682927,15.121951219512196,walking
29583,-0.43896484375,0.021484375,1.06103515625,5.670731707317073,11.951219512195124,21.76829268292683,walking
29593,-0.468505859375,0.033447265625,1.0546875,4.390243902439025,9.939024390243903,23.59756097560976,walking
29603,-0.490966796875,0.053466796875,1.051025390625,2.682926829268293,8.048780487804878,23.53658536585366,walking
29613,-0.5029296875,0.0751953125,1.05029296875,0.5487804878048781,5.914634146341464,22.682926829268293,walking
29623,-0.5029296875,0.088623046875,1.054931640625,-1.5853658536585367,3.8414634146341466,21.585365853658537,walking
29633,-0.49169921875,0.094970703125,1.068115234375,-3.658536585365854,1.8902439024390245,20.54878048780488,walking
29643,-0.470703125,0.0869140625,1.089599609375,-5.853658536585367,-0.1829268292682927,20.365853658536587,walking
29653,-0.45166015625,0.06103515625,1.1064453125,-8.658536585365855,-2.682926829268293,21.463414634146343,walking
29663,-0.44677734375,0.023193359375,1.110595703125,-12.439024390243903,-5.2439024390243905,22.500000000000004,walking
29673,-0.46044921875,-0.014404296875,1.093017578125,-17.31707317073171,-6.951219512195123,22.073170731707318,walking
29683,-0.505615234375,-0.03466796875,1.045166015625,-22.926829268292686,-6.890243902439025,19.878048780487806,walking
29693,-0.582275390625,-0.041015625,0.965087890625,-28.59756097560976,-3.536585365853659,18.53658536585366,walking
29703,-0.694580078125,-0.04052734375,0.878662109375,-33.78048780487805,4.451219512195122,20.975609756097562,walking
29713,-0.83056640625,-0.038330078125,0.826416015625,-37.6829268292683,17.743902439024392,25.30487804878049,walking
29723,-0.965576171875,-0.044189453125,0.8212890625,-38.78048780487805,35.30487804878049,25.121951219512198,walking
29733,-1.09375,-0.0341796875,0.8466796875,-36.40243902439025,55.426829268292686,14.756097560975611,walking
29743,-1.20068359375,0.026611328125,0.906494140625,-31.646341463414636,74.20731707317074,-2.8658536585365857,walking
29753,-1.28955078125,0.12548828125,0.961669921875,-27.439024390243905,84.02439024390245,-18.353658536585368,walking
29763,-1.35009765625,0.21337890625,0.962646484375,-26.402439024390247,81.58536585365854,-25.121951219512198,walking
29773,-1.359375,0.29248046875,0.927734375,-28.10975609756098,70.79268292682927,-27.987804878048784,walking
29783,-1.318359375,0.391357421875,0.896240234375,-30.792682926829272,55.54878048780488,-32.86585365853659,walking
29793,-1.2490234375,0.508544921875,0.87841796875,-32.6829268292683,36.890243902439025,-37.6829268292683,walking
29803,-1.15478515625,0.6064453125,0.872314453125,-32.13414634146342,16.890243902439025,-36.951219512195124,walking
29813,-1.0498046875,0.6533203125,0.86767578125,-27.439024390243905,-1.5853658536585367,-29.146341463414636,walking
29823,-0.9462890625,0.635498046875,0.856201171875,-18.53658536585366,-15.853658536585368,-15.670731707317074,walking
29833,-0.854248046875,0.560302734375,0.837890625,-7.073170731707318,-25.121951219512198,-1.2195121951219514,walking
29843,-0.784912109375,0.450927734375,0.81201171875,4.817073170731708,-30.914634146341466,9.634146341463415,walking
29853,-0.7353515625,0.329833984375,0.787353515625,15.914634146341465,-34.32926829268293,15.609756097560977,walking
29863,-0.7001953125,0.208740234375,0.768310546875,24.939024390243905,-35.73170731707317,17.5609756097561,walking
29873,-0.668701171875,0.10009765625,0.750244140625,31.280487804878053,-34.93902439024391,17.012195121951223,walking
29883,-0.633544921875,0.0087890625,0.73193359375,35.30487804878049,-32.13414634146342,15.000000000000002,walking
29894,-0.58544921875,-0.06005859375,0.70703125,37.01219512195122,-28.292682926829272,13.04878048780488,walking
29904,-0.539306640625,-0.098388671875,0.673095703125,36.40243902439025,-23.78048780487805,11.76829268292683,walking
29914,-0.501220703125,-0.107666015625,0.6318359375,34.024390243902445,-18.78048780487805,10.975609756097562,walking
29924,-0.470947265625,-0.09228515625,0.590087890625,31.03658536585366,-13.658536585365855,9.878048780487806,walking
29934,-0.449951171875,-0.060791015625,0.553466796875,28.231707317073173,-9.207317073170733,6.585365853658537,walking
29944,-0.441650390625,-0.013427734375,0.517822265625,26.158536585365855,-6.829268292682928,-0.24390243902439027,walking
29954,-0.43994140625,0.045166015625,0.485595703125,25.30487804878049,-7.317073170731708,-10.121951219512196,walking
29964,-0.43896484375,0.112548828125,0.45556640625,25.670731707317074,-10.426829268292684,-21.52439024390244,walking
29974,-0.428466796875,0.180908203125,0.429931640625,26.82926829268293,-15.853658536585368,-32.926829268292686,walking
29984,-0.40625,0.2470703125,0.408203125,27.926829268292686,-22.378048780487806,-43.23170731707317,walking
29994,-0.377685546875,0.30859375,0.39111328125,28.475609756097562,-28.231707317073173,-51.34146341463415,walking
30004,-0.34912109375,0.361572265625,0.3798828125,28.292682926829272,-31.707317073170735,-55.85365853658537,walking
30014,-0.322998046875,0.39990234375,0.3798828125,28.04878048780488,-31.219512195121954,-55.79268292682927,walking
30024,-0.306884765625,0.417724609375,0.3955078125,27.621951219512198,-25.30487804878049,-51.28048780487806,walking
30034,-0.296630859375,0.409912109375,0.439697265625,26.646341463414636,-12.560975609756099,-43.23170731707317,walking
30044,-0.271728515625,0.36474609375,0.545166015625,24.634146341463417,6.097560975609756,-34.08536585365854,walking
30054,-0.27734375,0.311279296875,0.71240234375,21.219512195121954,22.80487804878049,-29.634146341463417,walking
30064,-0.335205078125,0.286376953125,0.870361328125,15.365853658536587,29.02439024390244,-30.792682926829272,walking
30074,-0.370361328125,0.26220703125,0.993408203125,7.987804878048781,25.000000000000004,-32.5,walking
30084,-0.392822265625,0.242919921875,1.078857421875,1.0365853658536586,14.573170731707318,-34.81707317073171,walking
30094,-0.406494140625,0.227294921875,1.13427734375,-3.536585365853659,1.5853658536585367,-38.23170731707317,walking
30104,-0.41259765625,0.21826171875,1.1669921875,-4.75609756097561,-10.731707317073171,-42.5609756097561,walking
30114,-0.4189453125,0.22216796875,1.18017578125,-2.9268292682926833,-20.426829268292686,-46.82926829268293,walking
30124,-0.419677734375,0.22998046875,1.175048828125,0.6707317073170732,-26.76829268292683,-48.65853658536586,walking
30134,-0.422119140625,0.240478515625,1.151123046875,5.121951219512195,-29.695121951219516,-46.40243902439025,walking
30144,-0.4189453125,0.2353515625,1.115234375,9.573170731707318,-29.573170731707318,-39.390243902439025,walking
30154,-0.428955078125,0.22900390625,1.0771484375,13.170731707317074,-27.621951219512198,-30.121951219512198,walking
30164,-0.431884765625,0.211181640625,1.04345703125,15.914634146341465,-25.0609756097561,-21.82926829268293,walking
30174,-0.427978515625,0.201904296875,1.02001953125,16.951219512195124,-23.353658536585368,-18.353658536585368,walking
30184,-0.409912109375,0.230224609375,1.015625,15.914634146341465,-24.02439024390244,-21.219512195121954,walking
30194,-0.373046875,0.297607421875,1.019287109375,13.231707317073171,-28.231707317073173,-26.76829268292683,walking
30204,-0.3330078125,0.37646484375,0.99951171875,10.731707317073171,-35.54878048780488,-30.731707317073173,walking
30214,-0.300537109375,0.434814453125,0.941162109375,10.609756097560977,-42.50000000000001,-31.09756097560976,walking
30224,-0.305908203125,0.482177734375,0.8515625,13.963414634146343,-44.57317073170732,-27.439024390243905,walking
30234,-0.366455078125,0.53076171875,0.744384765625,20.182926829268293,-39.146341463414636,-17.743902439024392,walking
30244,-0.51416015625,0.5634765625,0.65087890625,27.439024390243905,-26.646341463414636,-0.24390243902439027,walking
30254,-0.7080078125,0.555419921875,0.600341796875,33.47560975609756,-8.963414634146343,23.719512195121954,walking
30264,-0.90185546875,0.525390625,0.596923828125,38.53658536585366,12.01219512195122,44.024390243902445,walking
30274,-1.05859375,0.48876953125,0.65576171875,43.170731707317074,35.73170731707317,52.86585365853659,walking
30284,-1.163818359375,0.447265625,0.8076171875,48.78048780487805,58.04878048780488,50.85365853658537,walking
30294,-1.236328125,0.4140625,0.995849609375,55.67073170731708,69.08536585365854,42.6219512195122,walking
30304,-1.293212890625,0.35986328125,1.140625,61.21951219512196,62.6829268292683,37.19512195121951,walking
30314,-1.330810546875,0.23974609375,1.234619140625,61.95121951219513,44.207317073170735,40.36585365853659,walking
30324,-1.3662109375,0.065185546875,1.27294921875,57.25609756097561,22.012195121951223,47.6829268292683,walking
30334,-1.389404296875,-0.135009765625,1.26025390625,48.84146341463415,1.2804878048780488,49.268292682926834,walking
30344,-1.38818359375,-0.287841796875,1.216552734375,39.024390243902445,-14.51219512195122,36.890243902439025,walking
30354,-1.330810546875,-0.3525390625,1.154541015625,30.0609756097561,-23.353658536585368,13.109756097560977,walking
30364,-1.202880859375,-0.344482421875,1.0810546875,21.585365853658537,-26.463414634146343,-11.890243902439025,walking
30374,-1.036865234375,-0.29833984375,1.001953125,12.74390243902439,-27.743902439024392,-32.37804878048781,walking
30384,-0.86767578125,-0.22021484375,0.917724609375,2.7439024390243905,-30.0609756097561,-48.53658536585366,walking
30395,-0.723388671875,-0.109619140625,0.828857421875,-8.048780487804878,-33.84146341463415,-62.19512195121952,walking
30405,-0.613037109375,0.03369140625,0.73388671875,-19.085365853658537,-36.40243902439025,-73.35365853658537,walking
30415,-0.51123046875,0.179931640625,0.652587890625,-28.59756097560976,-34.32926829268293,-80.91463414634147,walking
30425,-0.4287109375,0.31787109375,0.59619140625,-34.32926829268293,-27.195121951219516,-86.58536585365854,walking
30435,-0.370849609375,0.439208984375,0.55908203125,-36.890243902439025,-16.402439024390244,-89.26829268292684,walking
30445,-0.33251953125,0.531005859375,0.531005859375,-37.31707317073171,-3.658536585365854,-86.34146341463415,walking
30455,-0.294189453125,0.58447265625,0.51025390625,-35.79268292682927,8.231707317073171,-76.89024390243902,walking
30465,-0.2578125,0.6005859375,0.495361328125,-32.43902439024391,16.34146341463415,-61.21951219512196,walking
30475,-0.233154296875,0.58740234375,0.484619140625,-28.59756097560976,19.390243902439025,-39.69512195121951,walking
30485,-0.2294921875,0.544921875,0.478515625,-25.975609756097562,17.682926829268293,-12.256097560975611,walking
30495,-0.242431640625,0.481201171875,0.466552734375,-25.853658536585368,13.536585365853659,19.207317073170735,walking
30505,-0.274658203125,0.392822265625,0.460205078125,-27.25609756097561,8.78048780487805,51.768292682926834,walking
30515,-0.362060546875,0.287109375,0.446533203125,-30.0609756097561,6.097560975609756,81.40243902439025,walking
30525,-0.45751953125,0.170654296875,0.427001953125,-34.75609756097561,5.2439024390243905,103.71951219512196,walking
30535,-0.48828125,0.0166015625,0.43310546875,-40.426829268292686,2.3170731707317076,112.07317073170732,walking
30545,-0.499755859375,-0.094482421875,0.443603515625,-44.146341463414636,-3.414634146341464,101.15853658536587,walking
30555,-0.495849609375,-0.146240234375,0.44873046875,-42.43902439024391,-7.926829268292684,79.02439024390245,walking
30565,-0.472412109375,-0.1630859375,0.468505859375,-36.646341463414636,-8.414634146341465,53.53658536585366,walking
30575,-0.443359375,-0.15478515625,0.5126953125,-28.719512195121954,-3.048780487804878,28.292682926829272,walking
30585,-0.3994140625,-0.139404296875,0.581298828125,-18.475609756097562,9.26829268292683,5.365853658536586,walking
30595,-0.3798828125,-0.111083984375,0.658447265625,-7.25609756097561,28.231707317073173,-16.70731707317073,walking
30605,-0.4423828125,-0.041259765625,0.77294921875,2.378048780487805,49.75609756097561,-36.28048780487805,walking
30615,-0.46435546875,0.02880859375,0.95458984375,9.26829268292683,63.71951219512196,-45.54878048780488,walking
30625,-0.465576171875,0.10107421875,1.0966796875,12.073170731707318,61.21951219512196,-41.82926829268293,walking
30635,-0.465576171875,0.120849609375,1.159912109375,10.670731707317074,48.04878048780488,-26.707317073170735,walking
30645,-0.4794921875,0.10546875,1.176025390625,7.25609756097561,34.75609756097561,-9.26829268292683,walking
30655,-0.496337890625,0.0810546875,1.17529296875,3.7195121951219514,25.243902439024392,3.658536585365854,walking
30665,-0.507568359375,0.06591796875,1.1708984375,0.48780487804878053,18.84146341463415,10.975609756097562,walking
30675,-0.525634765625,0.068359375,1.158935546875,-2.6219512195121952,13.414634146341465,14.939024390243905,walking
30685,-0.53662109375,0.07568359375,1.13623046875,-5.975609756097562,8.292682926829269,18.719512195121954,walking
30695,-0.54150390625,0.07958984375,1.10498046875,-9.634146341463415,3.963414634146342,22.5609756097561,walking
30705,-0.537841796875,0.07763671875,1.080322265625,-13.475609756097562,1.0975609756097562,25.243902439024392,walking
30715,-0.528564453125,0.065185546875,1.0615234375,-16.646341463414636,-1.4634146341463417,26.402439024390247,walking
30725,-0.51220703125,0.0380859375,1.0439453125,-19.26829268292683,-4.51219512195122,26.34146341463415,walking
30735,-0.494140625,-0.001708984375,1.027587890625,-21.28048780487805,-8.109756097560977,24.695121951219516,walking
30745,-0.47509765625,-0.052001953125,1.013427734375,-22.865853658536587,-12.073170731707318,21.402439024390247,walking
30755,-0.459228515625,-0.100830078125,1.000732421875,-24.26829268292683,-15.853658536585368,16.70731707317073,walking
30765,-0.451416015625,-0.136962890625,0.97900390625,-25.60975609756098,-18.597560975609756,11.76829268292683,walking
30775,-0.460693359375,-0.15087890625,0.93603515625,-27.012195121951223,-18.78048780487805,7.682926829268293,walking
30785,-0.498046875,-0.145751953125,0.86865234375,-28.780487804878053,-14.695121951219514,7.01219512195122,walking
30795,-0.585205078125,-0.13623046875,0.79052734375,-30.792682926829272,-5.2439024390243905,12.621951219512196,walking
30805,-0.736572265625,-0.118896484375,0.7294921875,-32.926829268292686,10,22.743902439024392,walking
30815,-0.91650390625,-0.109130859375,0.708251953125,-34.08536585365854,29.87804878048781,29.08536585365854,walking
30825,-1.07666015625,-0.0859375,0.720947265625,-32.6219512195122,52.37804878048781,21.402439024390247,walking
30835,-1.1962890625,-0.000732421875,0.7705078125,-29.08536585365854,74.87804878048782,-2.073170731707317,walking
30845,-1.26904296875,0.15234375,0.8603515625,-25.731707317073173,90.97560975609757,-29.207317073170735,walking
30855,-1.3037109375,0.328125,0.940185546875,-25.243902439024392,93.41463414634147,-45.0609756097561,walking
30865,-1.310791015625,0.482177734375,0.97705078125,-28.231707317073173,82.6829268292683,-48.10975609756098,walking
30875,-1.28662109375,0.625,0.99365234375,-32.13414634146342,64.14634146341464,-47.743902439024396,walking
30885,-1.22412109375,0.763427734375,1.011962890625,-34.75609756097561,41.21951219512196,-47.987804878048784,walking
30896,-1.13818359375,0.86962890625,1.0146484375,-35,16.52439024390244,-44.390243902439025,walking
30906,-1.02880859375,0.8935546875,0.98779296875,-31.34146341463415,-4.878048780487806,-32.43902439024391,walking
30916,-0.915283203125,0.8291015625,0.9384765625,-24.32926829268293,-18.719512195121954,-13.170731707317074,walking
30926,-0.831298828125,0.704345703125,0.876953125,-15.731707317073171,-25.000000000000004,8.170731707317074,walking
30936,-0.775634765625,0.544677734375,0.82275390625,-6.646341463414635,-26.463414634146343,27.25609756097561,walking
30946,-0.74755859375,0.3740234375,0.78662109375,2.0121951219512195,-27.31707317073171,41.58536585365854,walking
30956,-0.731689453125,0.2021484375,0.768798828125,9.390243902439025,-29.146341463414636,51.03658536585366,walking
30966,-0.713623046875,0.047119140625,0.7646484375,14.878048780487806,-31.03658536585366,54.69512195121952,walking
30976,-0.6845703125,-0.06396484375,0.754638671875,18.414634146341466,-32.6219512195122,51.40243902439025,walking
30986,-0.640380859375,-0.130615234375,0.7265625,20.914634146341466,-33.170731707317074,43.78048780487805,walking
30996,-0.58154296875,-0.145263671875,0.680908203125,22.500000000000004,-31.03658536585366,35.670731707317074,walking
31006,-0.514404296875,-0.125244140625,0.631103515625,22.865853658536587,-25.792682926829272,29.512195121951223,walking
31016,-0.46142578125,-0.078369140625,0.584228515625,21.82926829268293,-18.29268292682927,24.146341463414636,walking
31026,-0.43408203125,-0.009521484375,0.544921875,19.634146341463417,-9.756097560975611,19.085365853658537,walking
31036,-0.423828125,0.067138671875,0.51708984375,17.31707317073171,-1.5853658536585367,14.390243902439027,walking
31046,-0.422119140625,0.13623046875,0.503662109375,15.243902439024392,4.207317073170732,9.939024390243903,walking
31056,-0.41650390625,0.191650390625,0.50048828125,13.475609756097562,6.463414634146342,5.060975609756098,walking
31066,-0.40673828125,0.239013671875,0.498779296875,11.829268292682928,4.207317073170732,-0.9146341463414634,walking
31076,-0.388916015625,0.27978515625,0.489990234375,9.939024390243903,-1.3414634146341464,-7.8048780487804885,walking
31086,-0.35791015625,0.307373046875,0.4755859375,7.621951219512196,-8.292682926829269,-14.451219512195124,walking
31096,-0.321044921875,0.32568359375,0.463134765625,5.3048780487804885,-14.51219512195122,-20.243902439024392,walking
31106,-0.28759765625,0.33056640625,0.465087890625,3.353658536585366,-18.04878048780488,-24.634146341463417,walking
31116,-0.27734375,0.328125,0.483642578125,1.6463414634146343,-17.5,-26.82926829268293,walking
31126,-0.285888671875,0.314453125,0.5263671875,-0.1829268292682927,-12.195121951219512,-25.48780487804878,walking
31136,-0.289306640625,0.27587890625,0.61328125,-2.1951219512195124,-3.4756097560975614,-21.03658536585366,walking
31146,-0.31787109375,0.238037109375,0.72216796875,-4.2682926829268295,3.5975609756097566,-17.25609756097561,walking
31156,-0.35302734375,0.205810546875,0.82373046875,-6.646341463414635,5.914634146341464,-14.51219512195122,walking
31166,-0.373779296875,0.173095703125,0.9111328125,-8.963414634146343,3.658536585365854,-12.74390243902439,walking
31176,-0.38720703125,0.149169921875,0.978515625,-10.853658536585368,-2.0121951219512195,-13.719512195121952,walking
31186,-0.3935546875,0.142333984375,1.02392578125,-11.646341463414634,-9.939024390243903,-17.98780487804878,walking
31196,-0.39306640625,0.150390625,1.051025390625,-10.182926829268293,-17.621951219512198,-24.878048780487806,walking
31206,-0.39013671875,0.16845703125,1.0634765625,-6.951219512195123,-23.10975609756098,-32.86585365853659,walking
31216,-0.3857421875,0.197021484375,1.058837890625,-3.7195121951219514,-25.670731707317074,-39.57317073170732,walking
31226,-0.386474609375,0.2255859375,1.039794921875,-1.524390243902439,-25.426829268292686,-42.5609756097561,walking
31236,-0.394287109375,0.24658203125,1.01513671875,0.12195121951219513,-22.743902439024392,-41.09756097560976,walking
31246,-0.41357421875,0.251708984375,0.995849609375,1.8902439024390245,-18.170731707317074,-36.34146341463415,walking
31256,-0.44189453125,0.24609375,0.985595703125,3.231707317073171,-12.865853658536587,-30.731707317073173,walking
31266,-0.46337890625,0.238525390625,0.984130859375,4.024390243902439,-8.475609756097562,-26.82926829268293,walking
31276,-0.4619140625,0.244873046875,0.98876953125,4.329268292682928,-6.585365853658537,-26.28048780487805,walking
31286,-0.440185546875,0.279052734375,0.998291015625,4.817073170731708,-8.536585365853659,-28.780487804878053,walking
31296,-0.411376953125,0.34130859375,1.007080078125,6.036585365853659,-14.573170731707318,-32.19512195121951,walking
31306,-0.381103515625,0.411376953125,0.993896484375,8.170731707317074,-23.658536585365855,-32.31707317073171,walking
31316,-0.369384765625,0.4755859375,0.95458984375,12.073170731707318,-32.926829268292686,-26.951219512195124,walking
31326,-0.39990234375,0.5263671875,0.890380859375,18.10975609756098,-37.86585365853659,-15.121951219512196,walking
31336,-0.495361328125,0.545166015625,0.83447265625,25.792682926829272,-34.57317073170732,1.8902439024390245,walking
31346,-0.6416015625,0.536376953125,0.81689453125,34.390243902439025,-22.743902439024392,19.512195121951223,walking
31356,-0.808349609375,0.538330078125,0.84033203125,42.926829268292686,-4.51219512195122,31.158536585365855,walking
31366,-0.954833984375,0.534423828125,0.916748046875,49.87804878048781,15.365853658536587,35.1219512195122,walking
31376,-1.058837890625,0.51611328125,1.052734375,55.304878048780495,29.26829268292683,35.79268292682927,walking
31386,-1.103759765625,0.46923828125,1.173095703125,58.78048780487806,29.634146341463417,39.08536585365854,walking
31396,-1.1162109375,0.37939453125,1.193359375,58.90243902439025,17.926829268292686,47.13414634146342,walking
31406,-1.11962890625,0.24267578125,1.126220703125,56.15853658536586,4.2682926829268295,57.25609756097561,walking
31416,-1.13525390625,0.082763671875,1.046630859375,52.31707317073171,-4.146341463414634,64.02439024390245,walking
31426,-1.15673828125,-0.074462890625,0.99365234375,48.71951219512196,-7.134146341463415,62.926829268292686,walking
31436,-1.17578125,-0.205078125,0.965087890625,44.390243902439025,-7.378048780487806,51.34146341463415,walking
31446,-1.176025390625,-0.272216796875,0.93994140625,37.5609756097561,-6.951219512195123,30.54878048780488,walking
31456,-1.127685546875,-0.286865234375,0.90869140625,28.84146341463415,-6.219512195121951,6.2804878048780495,walking
31466,-1.043701171875,-0.25634765625,0.863037109375,18.84146341463415,-5.3048780487804885,-16.82926829268293,walking
31476,-0.93359375,-0.188720703125,0.806640625,7.621951219512196,-4.085365853658537,-36.21951219512196,walking
31486,-0.8056640625,-0.097412109375,0.759765625,-4.207317073170732,-3.1097560975609757,-52.19512195121952,walking
31496,-0.688232421875,0.018798828125,0.734130859375,-15.731707317073171,-4.695121951219512,-67.6219512195122,walking
31506,-0.60693359375,0.16259765625,0.708740234375,-27.621951219512198,-8.536585365853659,-81.21951219512196,walking
31516,-0.53271484375,0.31982421875,0.673095703125,-40.91463414634147,-8.597560975609756,-87.7439024390244,walking
31526,-0.462646484375,0.462890625,0.64599609375,-51.524390243902445,-1.7682926829268295,-87.13414634146342,walking
31536,-0.412353515625,0.574462890625,0.630859375,-56.585365853658544,8.536585365853659,-81.09756097560977,walking
31546,-0.363525390625,0.64697265625,0.6259765625,-57.25609756097561,18.414634146341466,-68.29268292682927,walking
31556,-0.326171875,0.679443359375,0.6201171875,-55.54878048780488,23.902439024390247,-47.01219512195122,walking
31566,-0.309326171875,0.66552734375,0.6044921875,-53.84146341463415,25.48780487804878,-17.926829268292686,walking
31576,-0.310546875,0.6142578125,0.59228515625,-53.10975609756098,24.451219512195124,16.158536585365855,walking
31586,-0.33544921875,0.531494140625,0.58642578125,-53.23170731707317,20.48780487804878,50.54878048780488,walking
31596,-0.41162109375,0.425537109375,0.582763671875,-54.146341463414636,15.000000000000002,81.52439024390245,walking
31606,-0.494873046875,0.292724609375,0.572509765625,-56.463414634146346,9.634146341463415,105.85365853658537,walking
31616,-0.5380859375,0.146240234375,0.555419921875,-58.78048780487806,5.121951219512195,116.70731707317074,walking
31626,-0.55517578125,0.02783203125,0.538818359375,-59.57317073170732,1.7682926829268295,110.79268292682927,walking
31636,-0.550537109375,-0.048583984375,0.530517578125,-58.04878048780488,0.426829268292683,92.8048780487805,walking
31646,-0.52783203125,-0.093017578125,0.538818359375,-53.963414634146346,1.6463414634146343,70.3658536585366,walking
31656,-0.498046875,-0.114501953125,0.5693359375,-48.10975609756098,5.426829268292684,49.69512195121952,walking
31666,-0.47021484375,-0.1201171875,0.62109375,-41.463414634146346,11.158536585365855,34.451219512195124,walking
31676,-0.443115234375,-0.123046875,0.6943359375,-34.63414634146342,18.04878048780488,25.914634146341466,walking
31686,-0.434326171875,-0.12158203125,0.781494140625,-27.865853658536587,24.512195121951223,22.621951219512198,walking
31696,-0.451416015625,-0.109130859375,0.859375,-21.646341463414636,27.926829268292686,22.682926829268293,walking
31706,-0.477294921875,-0.095947265625,0.912353515625,-15.975609756097562,27.012195121951223,24.939024390243905,walking
31716,-0.50048828125,-0.091064453125,0.93310546875,-11.036585365853659,22.621951219512198,26.58536585365854,walking
31726,-0.511962890625,-0.084716796875,0.939453125,-7.195121951219513,16.951219512195124,25.426829268292686,walking
31736,-0.51220703125,-0.067138671875,0.94287109375,-4.207317073170732,11.52439024390244,21.28048780487805,walking
31746,-0.498291015625,-0.042236328125,0.95068359375,-2.0121951219512195,6.341463414634147,15.975609756097562,walking
31756,-0.481201171875,-0.0107421875,0.960205078125,-0.6097560975609757,0.9756097560975611,11.52439024390244,walking
31766,-0.46435546875,0.01953125,0.96240234375,0,-4.390243902439025,9.51219512195122,walking
31776,-0.448486328125,0.045166015625,0.95166015625,-0.06097560975609757,-8.475609756097562,10.365853658536587,walking
31786,-0.43798828125,0.06640625,0.92919921875,-0.6707317073170732,-10.365853658536587,13.414634146341465,walking
31796,-0.4326171875,0.084228515625,0.8994140625,-1.829268292682927,-10,17.98780487804878,walking
31806,-0.432373046875,0.092529296875,0.872802734375,-3.4756097560975614,-7.987804878048781,23.10975609756098,walking
31816,-0.436279296875,0.092041015625,0.85791015625,-5.2439024390243905,-5.609756097560976,27.5609756097561,walking
31826,-0.439208984375,0.0849609375,0.855224609375,-6.7682926829268295,-4.024390243902439,29.87804878048781,walking
31836,-0.437744140625,0.072021484375,0.862060546875,-7.8048780487804885,-3.4756097560975614,29.451219512195124,walking
31846,-0.428955078125,0.055419921875,0.878662109375,-8.475609756097562,-3.2926829268292686,26.58536585365854,walking
31856,-0.412353515625,0.037353515625,0.9052734375,-9.329268292682928,-3.048780487804878,22.80487804878049,walking
31866,-0.397216796875,0.0146484375,0.93359375,-11.158536585365855,-2.5,20.182926829268293,walking
31876,-0.392333984375,-0.013916015625,0.9609375,-14.146341463414636,-1.0365853658536586,19.573170731707318,walking
31886,-0.400634765625,-0.04541015625,0.98876953125,-17.743902439024392,1.402439024390244,19.939024390243905,walking
31897,-0.420654296875,-0.0673828125,1.015869140625,-21.402439024390247,4.024390243902439,19.634146341463417,walking
31907,-0.45458984375,-0.071533203125,1.027587890625,-24.634146341463417,5.914634146341464,18.658536585365855,walking
31917,-0.51708984375,-0.0625,1.004150390625,-27.378048780487806,7.682926829268293,19.02439024390244,walking
31927,-0.612060546875,-0.055419921875,0.95263671875,-30.0609756097561,11.646341463414634,23.475609756097562,walking
31937,-0.75146484375,-0.0498046875,0.90478515625,-32.86585365853659,18.84146341463415,30.975609756097565,walking
31947,-0.899658203125,-0.05322265625,0.8935546875,-35.36585365853659,29.39024390243903,35.609756097560975,walking
31957,-1.0390625,-0.05419921875,0.917236328125,-36.34146341463415,42.926829268292686,29.451219512195124,walking
31967,-1.141845703125,-0.013671875,0.97265625,-36.21951219512196,57.6829268292683,11.951219512195124,walking
31977,-1.18994140625,0.080078125,1.042724609375,-36.524390243902445,67.6829268292683,-10,walking
31987,-1.1826171875,0.208740234375,1.086669921875,-38.84146341463415,67.13414634146342,-27.439024390243905,walking
31997,-1.140380859375,0.333984375,1.07373046875,-43.78048780487805,56.768292682926834,-35.609756097560975,walking
32007,-1.084228515625,0.45703125,1.019287109375,-50.0609756097561,42.804878048780495,-37.5,walking
32017,-1.020751953125,0.586181640625,0.948486328125,-54.451219512195124,29.512195121951223,-38.29268292682927,walking
32027,-0.957763671875,0.708984375,0.8798828125,-54.69512195121952,18.10975609756098,-39.08536585365854,walking
32037,-0.907470703125,0.79931640625,0.814208984375,-50.1219512195122,8.902439024390244,-37.01219512195122,walking
32047,-0.85498046875,0.832763671875,0.74658203125,-40.73170731707317,2.8658536585365857,-28.353658536585368,walking
32057,-0.790771484375,0.796875,0.689697265625,-27.25609756097561,1.524390243902439,-11.76829268292683,walking
32067,-0.71630859375,0.6962890625,0.67041015625,-11.951219512195124,3.536585365853659,10.975609756097562,walking
32077,-0.682373046875,0.56884765625,0.685791015625,2.682926829268293,3.8414634146341466,35.609756097560975,walking
32087,-0.7080078125,0.38916015625,0.7255859375,14.756097560975611,-0.30487804878048785,60.60975609756098,walking
32097,-0.76318359375,0.170166015625,0.762939453125,22.073170731707318,-8.109756097560977,79.87804878048782,walking
32107,-0.7978515625,-0.03564453125,0.7763671875,25.731707317073173,-17.073170731707318,84.08536585365854,walking
32117,-0.797607421875,-0.17822265625,0.774658203125,28.170731707317074,-23.231707317073173,71.52439024390245,walking
32127,-0.750244140625,-0.245361328125,0.770751953125,30.30487804878049,-24.695121951219516,49.87804878048781,walking
32137,-0.67822265625,-0.2421875,0.76220703125,31.03658536585366,-23.658536585365855,27.682926829268297,walking
32147,-0.603271484375,-0.187744140625,0.741943359375,30.121951219512198,-21.951219512195124,9.329268292682928,walking
32157,-0.540283203125,-0.102294921875,0.71337890625,28.04878048780488,-20.0609756097561,-4.329268292682928,walking
32167,-0.49609375,-0.00439453125,0.676513671875,25.914634146341466,-17.926829268292686,-13.963414634146343,walking
32177,-0.467041015625,0.091064453125,0.641357421875,23.84146341463415,-15.30487804878049,-20.30487804878049,walking
32187,-0.452392578125,0.181884765625,0.614013671875,22.195121951219512,-13.04878048780488,-24.878048780487806,walking
32197,-0.451416015625,0.262939453125,0.594482421875,21.585365853658537,-11.76829268292683,-28.170731707317074,walking
32207,-0.441650390625,0.32421875,0.582275390625,21.82926829268293,-11.402439024390246,-29.512195121951223,walking
32217,-0.419921875,0.364501953125,0.57958984375,22.500000000000004,-11.76829268292683,-29.634146341463417,walking
32227,-0.38916015625,0.38720703125,0.5830078125,22.682926829268293,-12.439024390243903,-28.84146341463415,walking
32237,-0.35302734375,0.392333984375,0.595947265625,22.195121951219512,-13.414634146341465,-26.58536585365854,walking
32247,-0.319091796875,0.3828125,0.617431640625,20.79268292682927,-14.02439024390244,-22.31707317073171,walking
32257,-0.29296875,0.362548828125,0.647216796875,18.170731707317074,-13.658536585365855,-16.219512195121954,walking
32267,-0.287353515625,0.333740234375,0.68408203125,14.26829268292683,-12.256097560975611,-9.085365853658537,walking
32277,-0.2978515625,0.294677734375,0.7265625,9.02439024390244,-9.51219512195122,-1.4634146341463417,walking
32287,-0.307373046875,0.244873046875,0.77734375,2.8658536585365857,-5.609756097560976,4.085365853658537,walking
32297,-0.3212890625,0.202880859375,0.831787109375,-2.987804878048781,-1.829268292682927,4.695121951219512,walking
32307,-0.335693359375,0.18310546875,0.885986328125,-8.109756097560977,0.1829268292682927,0,walking
32317,-0.34912109375,0.19140625,0.926513671875,-12.682926829268293,-0.6707317073170732,-7.621951219512196,walking
32327,-0.356689453125,0.21728515625,0.948974609375,-16.70731707317073,-4.207317073170732,-14.573170731707318,walking
32337,-0.35791015625,0.24560546875,0.9599609375,-19.81707317073171,-8.536585365853659,-18.78048780487805,walking
32347,-0.35791015625,0.271484375,0.966796875,-22.31707317073171,-11.951219512195124,-20.243902439024392,walking
32357,-0.368408203125,0.297607421875,0.97021484375,-24.573170731707318,-13.231707317073171,-19.695121951219512,walking
32367,-0.377197265625,0.31591796875,0.9716796875,-26.76829268292683,-11.76829268292683,-17.073170731707318,walking
32377,-0.38623046875,0.32177734375,0.974853515625,-28.658536585365855,-8.292682926829269,-12.865853658536587,walking
32387,-0.396240234375,0.314208984375,0.97900390625,-30.243902439024392,-4.573170731707317,-7.439024390243903,walking
32398,-0.40380859375,0.2978515625,0.97900390625,-31.463414634146343,-2.1951219512195124,-1.2195121951219514,walking
32408,-0.402587890625,0.27294921875,0.9755859375,-32.5,-2.0121951219512195,5.2439024390243905,walking
32418,-0.390625,0.244384765625,0.970947265625,-33.41463414634146,-4.695121951219512,11.28048780487805,walking
32428,-0.372802734375,0.22509765625,0.960205078125,-33.90243902439025,-10.670731707317074,16.402439024390244,walking
32438,-0.348876953125,0.21044921875,0.939453125,-32.987804878048784,-19.878048780487806,21.219512195121954,walking
32448,-0.33203125,0.19482421875,0.905517578125,-30.000000000000004,-30.54878048780488,26.158536585365855,walking
32458,-0.34326171875,0.180908203125,0.84619140625,-25.30487804878049,-39.146341463414636,31.707317073170735,walking
32468,-0.391845703125,0.1787109375,0.75439453125,-20.182926829268293,-41.524390243902445,39.024390243902445,walking
32478,-0.49365234375,0.212646484375,0.642333984375,-16.097560975609756,-35.670731707317074,47.86585365853659,walking
32488,-0.646484375,0.2783203125,0.552001953125,-13.29268292682927,-22.865853658536587,56.09756097560976,walking
32498,-0.809814453125,0.36083984375,0.529296875,-9.390243902439025,-3.5975609756097566,59.024390243902445,walking
32508,-0.97802734375,0.47265625,0.588623046875,-0.7926829268292683,24.146341463414636,51.768292682926834,walking
32518,-1.08349609375,0.569580078125,0.764892578125,12.439024390243903,58.10975609756098,38.35365853658537,walking
32528,-1.11279296875,0.644287109375,1.01318359375,26.707317073170735,82.6219512195122,25.54878048780488,walking
32538,-1.08837890625,0.681396484375,1.165771484375,35.54878048780488,83.29268292682927,22.195121951219512,walking
32548,-1.030517578125,0.6416015625,1.191162109375,37.6829268292683,65.0609756097561,35.1219512195122,walking
32558,-1.021728515625,0.532958984375,1.13916015625,35,39.390243902439025,60.1829268292683,walking
32568,-1.088134765625,0.368896484375,1.0546875,28.53658536585366,15.670731707317074,87.6219512195122,walking
32578,-1.187744140625,0.17919921875,0.967529296875,19.32926829268293,0.426829268292683,106.03658536585367,walking
32588,-1.251708984375,-0.006591796875,0.909912109375,7.439024390243903,-3.963414634146342,107.01219512195122,walking
32598,-1.256591796875,-0.116943359375,0.88916015625,-8.414634146341465,-0.6097560975609757,88.29268292682927,walking
32608,-1.205810546875,-0.1142578125,0.895263671875,-26.158536585365855,5,57.987804878048784,walking
32618,-1.09375,-0.04248046875,0.920654296875,-42.987804878048784,7.926829268292684,29.81707317073171,walking
32628,-0.941162109375,0.061279296875,0.937255859375,-58.41463414634147,5.914634146341464,11.036585365853659,walking
32638,-0.793701171875,0.1806640625,0.924072265625,-71.52439024390245,1.2195121951219514,2.073170731707317,walking
32648,-0.66845703125,0.298095703125,0.882080078125,-82.07317073170732,-0.7926829268292683,2.0121951219512195,walking
32658,-0.57177734375,0.4072265625,0.828369140625,-89.69512195121952,3.9024390243902443,8.475609756097562,walking
32668,-0.513671875,0.50439453125,0.777099609375,-94.02439024390245,14.695121951219514,19.573170731707318,walking
32678,-0.478271484375,0.57421875,0.736083984375,-96.03658536585367,28.719512195121954,36.524390243902445,walking
32688,-0.45751953125,0.6083984375,0.714111328125,-95.85365853658537,41.03658536585366,59.87804878048781,walking
32698,-0.4638671875,0.604736328125,0.706787109375,-94.39024390243904,47.804878048780495,88.65853658536587,walking
32708,-0.522705078125,0.558349609375,0.7001953125,-93.29268292682927,47.6219512195122,121.76829268292684,walking
32718,-0.629150390625,0.444091796875,0.687255859375,-93.47560975609757,41.82926829268293,154.63414634146343,walking
32728,-0.74853515625,0.3056640625,0.638427734375,-95.00000000000001,33.109756097560975,177.13414634146343,walking
32738,-0.8037109375,0.15576171875,0.56884765625,-96.70731707317074,25.60975609756098,184.26829268292684,walking
32748,-0.794189453125,0.032958984375,0.507080078125,-99.63414634146342,21.097560975609756,175.85365853658539,walking
32758,-0.748291015625,-0.035888671875,0.45849609375,-104.20731707317074,18.658536585365855,157.19512195121953,walking
32768,-0.69091796875,-0.05517578125,0.425048828125,-110.06097560975611,17.134146341463417,136.70731707317074,walking
32778,-0.632568359375,-0.042236328125,0.4072265625,-116.64634146341464,15.853658536585368,120.12195121951221,walking
32788,-0.580810546875,-0.00537109375,0.403076171875,-122.6829268292683,14.634146341463415,109.51219512195122,walking
32798,-0.539794921875,0.0478515625,0.40869140625,-126.82926829268294,14.207317073170733,104.75609756097562,walking
32808,-0.5166015625,0.109130859375,0.4248046875,-127.6829268292683,15.670731707317074,104.45121951219514,walking
32818,-0.516845703125,0.16943359375,0.449462890625,-124.69512195121952,20.30487804878049,107.6219512195122,walking
32828,-0.53759765625,0.21875,0.481201171875,-118.84146341463416,29.146341463414636,114.08536585365854,walking
32838,-0.57275390625,0.2509765625,0.5224609375,-112.07317073170732,42.37804878048781,122.98780487804879,walking
32848,-0.618408203125,0.269287109375,0.57568359375,-106.15853658536587,57.43902439024391,132.6829268292683,walking
32858,-0.66650390625,0.2666015625,0.6572265625,-101.89024390243904,69.63414634146342,141.34146341463415,walking
32868,-0.724365234375,0.265380859375,0.730224609375,-99.87804878048782,73.47560975609757,147.01219512195124,walking
32878,-0.774658203125,0.260009765625,0.767822265625,-99.51219512195122,68.65853658536587,150.7926829268293,walking
32888,-0.806884765625,0.24560546875,0.76953125,-99.93902439024392,59.32926829268293,154.08536585365854,walking
32899,-0.822998046875,0.218994140625,0.74853515625,-100.3048780487805,49.39024390243903,157.13414634146343,walking
32909,-0.8349609375,0.197509765625,0.701904296875,-100.3658536585366,40.243902439024396,159.63414634146343,walking
32919,-0.8369140625,0.16259765625,0.635009765625,-99.69512195121952,33.53658536585366,162.6829268292683,walking
32929,-0.83056640625,0.11328125,0.5732421875,-99.32926829268294,30.54878048780488,165.7317073170732,walking
32939,-0.826416015625,0.063720703125,0.5341796875,-99.39024390243904,30.60975609756098,166.64634146341464,walking
32949,-0.8271484375,0.025634765625,0.5205078125,-99.39024390243904,31.52439024390244,164.87804878048783,walking
32959,-0.825439453125,0.003662109375,0.52587890625,-99.02439024390245,31.463414634146343,161.21951219512198,walking
32969,-0.822021484375,-0.0048828125,0.54150390625,-97.8048780487805,29.26829268292683,157.43902439024393,walking
32979,-0.81787109375,-0.002685546875,0.552978515625,-95.67073170731709,25.54878048780488,154.93902439024393,walking
32989,-0.8173828125,0.010009765625,0.55224609375,-92.6829268292683,22.378048780487806,154.51219512195124,walking
32999,-0.822265625,0.033203125,0.5439453125,-89.14634146341464,21.82926829268293,156.21951219512198,walking
33009,-0.8388671875,0.0693359375,0.53759765625,-85.67073170731707,24.573170731707318,159.51219512195124,walking
33019,-0.868408203125,0.12353515625,0.546630859375,-82.37804878048782,30.182926829268297,163.96341463414635,walking
33029,-0.9033203125,0.18896484375,0.575927734375,-79.45121951219512,37.5609756097561,169.32926829268294,walking
33039,-0.92724609375,0.255126953125,0.6171875,-77.92682926829269,45.00000000000001,175.0609756097561,walking
33049,-0.93310546875,0.3173828125,0.65283203125,-78.53658536585367,50.1219512195122,180.06097560975613,walking
33059,-0.918212890625,0.36669921875,0.671875,-80.79268292682927,51.646341463414636,183.2317073170732,walking
33069,-0.888671875,0.40185546875,0.67822265625,-83.90243902439025,49.268292682926834,183.78048780487808,walking
33079,-0.85205078125,0.423095703125,0.68115234375,-86.76829268292684,43.29268292682927,181.15853658536588,walking
33089,-0.810546875,0.424072265625,0.68603515625,-88.04878048780489,35.243902439024396,175.97560975609758,walking
33099,-0.77197265625,0.401123046875,0.700927734375,-86.89024390243904,27.31707317073171,169.08536585365854,walking
33109,-0.744140625,0.35302734375,0.73974609375,-83.41463414634147,22.865853658536587,160.7926829268293,walking
33119,-0.74951171875,0.2958984375,0.821533203125,-79.02439024390245,24.207317073170735,149.81707317073173,walking
33129,-0.774658203125,0.250732421875,0.935791015625,-76.28048780487805,32.5609756097561,137.37804878048783,walking
33139,-0.80419921875,0.219482421875,1.064697265625,-76.52439024390245,45.304878048780495,125.2439024390244,walking
33149,-0.818359375,0.20703125,1.18408203125,-79.81707317073172,56.34146341463415,114.14634146341464,walking
33159,-0.8115234375,0.21875,1.257080078125,-85.1219512195122,60.67073170731708,105.42682926829269,walking
33169,-0.7861328125,0.24609375,1.265380859375,-90.60975609756099,57.07317073170732,100.85365853658537,walking
33179,-0.74755859375,0.285400390625,1.218017578125,-94.75609756097562,48.78048780487805,100.2439024390244,walking
33189,-0.70263671875,0.338134765625,1.13720703125,-96.76829268292684,39.390243902439025,101.52439024390245,walking
33199,-0.65869140625,0.4013671875,1.043212890625,-96.89024390243904,31.280487804878053,104.26829268292684,walking
33209,-0.61669921875,0.453369140625,0.9521484375,-95.79268292682927,25.48780487804878,109.51219512195122,walking
33219,-0.57861328125,0.486572265625,0.86572265625,-94.69512195121952,22.5609756097561,117.25609756097562,walking
33229,-0.545166015625,0.498046875,0.785400390625,-93.78048780487806,21.76829268292683,126.40243902439026,walking
33239,-0.522216796875,0.488037109375,0.7119140625,-92.43902439024392,21.463414634146343,135.4878048780488,walking
33249,-0.5107421875,0.45556640625,0.646728515625,-90.54878048780489,21.03658536585366,143.90243902439025,walking
33259,-0.512451171875,0.401123046875,0.595703125,-88.65853658536587,21.158536585365855,151.58536585365854,walking
33269,-0.5341796875,0.329345703125,0.5654296875,-87.13414634146342,22.621951219512198,157.5,walking
33279,-0.56494140625,0.246826171875,0.56005859375,-85.67073170731707,25.182926829268293,159.63414634146343,walking
33289,-0.59619140625,0.16748046875,0.578857421875,-83.53658536585367,27.682926829268297,155.5487804878049,walking
33299,-0.6220703125,0.10595703125,0.615234375,-80.42682926829269,28.902439024390247,145.2439024390244,walking
33309,-0.638916015625,0.065673828125,0.663818359375,-76.58536585365854,28.292682926829272,131.03658536585368,walking
33319,-0.64453125,0.0478515625,0.7197265625,-72.37804878048782,26.09756097560976,115.97560975609757,walking
33329,-0.639892578125,0.043701171875,0.77099609375,-68.10975609756098,23.170731707317074,102.8048780487805,walking
33339,-0.6298828125,0.045654296875,0.80908203125,-63.90243902439025,19.451219512195124,92.25609756097562,walking
33349,-0.619873046875,0.051025390625,0.838134765625,-59.87804878048781,15.914634146341465,83.29268292682927,walking
33359,-0.612548828125,0.067626953125,0.864013671875,-55.79268292682927,13.231707317073171,74.45121951219512,walking
33369,-0.6025390625,0.095947265625,0.88671875,-51.463414634146346,11.097560975609756,65.60975609756098,walking
33379,-0.5859375,0.1318359375,0.901123046875,-47.5609756097561,8.719512195121952,57.743902439024396,walking
33389,-0.565673828125,0.173828125,0.904052734375,-44.57317073170732,5.670731707317073,51.768292682926834,walking
33400,-0.547607421875,0.217041015625,0.895263671875,-42.50000000000001,2.0121951219512195,47.987804878048784,walking
33410,-0.53076171875,0.256591796875,0.873046875,-41.15853658536586,-1.8902439024390245,45.91463414634147,walking
33420,-0.513671875,0.2900390625,0.8427734375,-40.36585365853659,-5.3048780487804885,44.81707317073171,walking
33430,-0.49755859375,0.319091796875,0.8095703125,-39.87804878048781,-7.682926829268293,43.47560975609756,walking
33440,-0.477294921875,0.342529296875,0.782470703125,-39.207317073170735,-8.902439024390244,41.524390243902445,walking
33450,-0.453369140625,0.359619140625,0.763427734375,-38.23170731707317,-9.26829268292683,38.84146341463415,walking
33460,-0.427734375,0.3701171875,0.7548828125,-36.951219512195124,-9.207317073170733,35.73170731707317,walking
33470,-0.405029296875,0.375732421875,0.754638671875,-35.609756097560975,-8.78048780487805,32.987804878048784,walking
33480,-0.38671875,0.375,0.76171875,-34.63414634146342,-7.560975609756098,31.707317073170735,walking
33490,-0.37939453125,0.368408203125,0.775146484375,-34.146341463414636,-5.548780487804878,31.82926829268293,walking
33500,-0.38232421875,0.356689453125,0.794189453125,-34.08536585365854,-2.9268292682926833,32.86585365853659,walking
33510,-0.394287109375,0.343994140625,0.816162109375,-34.32926829268293,-0.06097560975609757,33.71951219512196,walking
33520,-0.40771484375,0.333740234375,0.83984375,-34.51219512195122,2.8658536585365857,33.78048780487805,walking
33530,-0.419677734375,0.32958984375,0.86376953125,-34.51219512195122,5.731707317073171,32.43902439024391,walking
33540,-0.422119140625,0.333984375,0.885009765625,-34.57317073170732,8.414634146341465,29.87804878048781,walking
33550,-0.415771484375,0.34716796875,0.901611328125,-34.63414634146342,10.548780487804878,26.646341463414636,walking
33560,-0.39990234375,0.364501953125,0.912353515625,-35,12.073170731707318,24.26829268292683,walking
33570,-0.38134765625,0.383056640625,0.91748046875,-35.73170731707317,12.987804878048781,23.353658536585368,walking
33580,-0.36669921875,0.402587890625,0.913330078125,-36.82926829268293,13.170731707317074,24.26829268292683,walking
33590,-0.353271484375,0.419677734375,0.9033203125,-38.29268292682927,13.04878048780488,27.012195121951223,walking
33600,-0.34326171875,0.4326171875,0.889404296875,-39.69512195121951,12.80487804878049,30.487804878048784,walking
33610,-0.3369140625,0.441162109375,0.873779296875,-40.97560975609756,12.195121951219512,33.78048780487805,walking
33620,-0.330810546875,0.447509765625,0.8564453125,-42.07317073170732,11.341463414634147,36.463414634146346,walking
33630,-0.321044921875,0.450927734375,0.83984375,-43.04878048780488,10.609756097560977,38.41463414634147,walking
33640,-0.311767578125,0.45556640625,0.826171875,-43.78048780487805,10.609756097560977,40,walking
33650,-0.303955078125,0.461181640625,0.817626953125,-44.207317073170735,11.707317073170733,41.82926829268293,walking
33660,-0.29541015625,0.46240234375,0.818115234375,-44.207317073170735,13.963414634146343,43.963414634146346,walking
33670,-0.29248046875,0.46044921875,0.82763671875,-43.84146341463415,16.82926829268293,45.97560975609756,walking
33680,-0.292236328125,0.458251953125,0.843017578125,-43.29268292682927,19.390243902439025,47.5609756097561,walking
33690,-0.295166015625,0.456298828125,0.857177734375,-42.5609756097561,21.158536585365855,48.71951219512196,walking
33700,-0.3076171875,0.458740234375,0.859130859375,-41.524390243902445,22.378048780487806,50.0609756097561,walking
33710,-0.339599609375,0.466796875,0.843017578125,-40.0609756097561,23.719512195121954,52.6219512195122,walking
33720,-0.406494140625,0.480224609375,0.8154296875,-38.41463414634147,26.09756097560976,56.40243902439025,walking
33730,-0.5048828125,0.49853515625,0.80029296875,-37.25609756097561,29.81707317073171,59.63414634146342,walking
33740,-0.599853515625,0.510498046875,0.8232421875,-36.03658536585366,34.207317073170735,59.51219512195122,walking
33750,-0.647705078125,0.523681640625,0.89404296875,-33.963414634146346,38.47560975609756,55.00000000000001,walking
33760,-0.641845703125,0.53564453125,1.019287109375,-30.182926829268297,41.890243902439025,48.10975609756098,walking
33770,-0.619384765625,0.54443359375,1.14794921875,-25.426829268292686,41.524390243902445,43.84146341463415,walking
33780,-0.611328125,0.536376953125,1.220947265625,-21.707317073170735,36.40243902439025,47.86585365853659,walking
33790,-0.648681640625,0.492431640625,1.22119140625,-19.878048780487806,28.292682926829272,61.03658536585366,walking
33800,-0.7255859375,0.4013671875,1.166259765625,-20.0609756097561,20.182926829268293,78.84146341463415,walking
33810,-0.819580078125,0.275146484375,1.079345703125,-21.463414634146343,14.451219512195124,93.10975609756099,walking
33820,-0.9130859375,0.140625,0.983642578125,-23.53658536585366,12.195121951219512,97.43902439024392,walking
33830,-0.969970703125,0.019775390625,0.89013671875,-26.402439024390247,12.073170731707318,90.60975609756099,walking
33840,-0.987060546875,-0.061279296875,0.806884765625,-30.0609756097561,12.500000000000002,75.3658536585366,walking
33850,-0.9716796875,-0.10595703125,0.73193359375,-33.963414634146346,13.04878048780488,57.07317073170732,walking
33860,-0.94091796875,-0.122314453125,0.666015625,-37.80487804878049,15.365853658536587,40.97560975609756,walking
33870,-0.910888671875,-0.122314453125,0.621826171875,-41.34146341463415,20.670731707317074,29.26829268292683,walking
33880,-0.891845703125,-0.102294921875,0.60693359375,-44.024390243902445,28.414634146341466,20.243902439024392,walking
33890,-0.88818359375,-0.05615234375,0.627197265625,-44.87804878048781,36.646341463414636,10.609756097560977,walking
33911,-0.8955078125,0.019775390625,0.681640625,-43.65853658536586,42.926829268292686,-1.2804878048780488,walking
33921,-0.89892578125,0.123779296875,0.760498046875,-41.28048780487805,45.79268292682927,-13.414634146341465,walking
33931,-0.879150390625,0.234375,0.8544921875,-38.84146341463415,45.1829268292683,-20.60975609756098,walking
33941,-0.84619140625,0.3251953125,0.944091796875,-37.31707317073171,40.60975609756098,-19.878048780487806,walking
33951,-0.80078125,0.3740234375,1.003662109375,-38.59756097560976,32.13414634146342,-10.426829268292684,walking
33961,-0.755859375,0.375,1.021728515625,-43.10975609756098,21.82926829268293,4.51219512195122,walking
33971,-0.720947265625,0.3388671875,1.00732421875,-49.75609756097561,11.951219512195124,20.182926829268293,walking
33981,-0.696044921875,0.2841796875,0.971435546875,-56.951219512195124,4.024390243902439,32.6219512195122,walking
33991,-0.675537109375,0.222412109375,0.921630859375,-63.23170731707317,-1.5853658536585367,41.15853658536586,walking
34001,-0.654296875,0.162109375,0.864990234375,-67.8658536585366,-5.670731707317073,46.82926829268293,walking
34011,-0.62646484375,0.10302734375,0.802978515625,-70.73170731707317,-8.719512195121952,50.97560975609756,walking
34021,-0.592041015625,0.045654296875,0.736572265625,-72.43902439024392,-10.792682926829269,54.024390243902445,walking
34031,-0.538818359375,-0.0146484375,0.679443359375,-73.23170731707317,-12.317073170731708,55.67073170731708,walking
34041,-0.49951171875,-0.05859375,0.62548828125,-72.6829268292683,-15.182926829268293,53.17073170731708,walking
34051,-0.45849609375,-0.083984375,0.5703125,-71.03658536585367,-19.26829268292683,47.6829268292683,walking
34061,-0.418701171875,-0.09375,0.51416015625,-68.41463414634147,-23.414634146341466,41.34146341463415,walking
34071,-0.38037109375,-0.077392578125,0.4541015625,-64.75609756097562,-26.646341463414636,36.463414634146346,walking
34081,-0.358154296875,-0.052734375,0.395263671875,-60.365853658536594,-27.80487804878049,34.268292682926834,walking
34091,-0.34326171875,-0.029541015625,0.3505859375,-55.365853658536594,-24.75609756097561,34.51219512195122,walking
34101,-0.34228515625,-0.01171875,0.324951171875,-49.268292682926834,-17.073170731707318,35.79268292682927,walking
34111,-0.3603515625,0.000732421875,0.318603515625,-42.07317073170732,-5.426829268292684,36.768292682926834,walking
34121,-0.380126953125,-0.002685546875,0.34375,-34.146341463414636,9.451219512195122,36.40243902439025,walking
34131,-0.397216796875,-0.02294921875,0.40478515625,-25.243902439024392,25.48780487804878,32.25609756097561,walking
34141,-0.42333984375,-0.03955078125,0.495849609375,-15.670731707317074,39.63414634146342,22.25609756097561,walking
34151,-0.463623046875,-0.035888671875,0.6142578125,-6.951219512195123,47.987804878048784,7.073170731707318,walking
34161,-0.493408203125,-0.013916015625,0.744873046875,-0.30487804878048785,48.53658536585366,-8.902439024390244,walking
34171,-0.498046875,0.012451171875,0.875732421875,3.780487804878049,42.19512195121951,-20,walking
34181,-0.495849609375,0.041748046875,0.975830078125,4.75609756097561,30.670731707317074,-22.5609756097561,walking
34191,-0.4873046875,0.0537109375,1.029052734375,3.353658536585366,17.743902439024392,-15.914634146341465,walking
34201,-0.4755859375,0.044677734375,1.04345703125,1.0365853658536586,7.195121951219513,-3.963414634146342,walking
34211,-0.476806640625,0.02685546875,1.037109375,-0.6097560975609757,0.9146341463414634,7.25609756097561,walking
34221,-0.488525390625,0.009033203125,1.026123046875,-0.7317073170731708,-0.7926829268292683,14.573170731707318,walking
34231,-0.5048828125,-0.00537109375,1.02001953125,0.3658536585365854,0.6097560975609757,18.04878048780488,walking
34241,-0.521728515625,-0.018310546875,1.022216796875,1.6463414634146343,2.682926829268293,19.207317073170735,walking
34251,-0.536376953125,-0.03369140625,1.028564453125,2.439024390243903,3.536585365853659,19.26829268292683,walking
34261,-0.546875,-0.053466796875,1.037109375,2.25609756097561,2.378048780487805,18.78048780487805,walking
34271,-0.550537109375,-0.072509765625,1.050537109375,0.853658536585366,-0.426829268292683,17.378048780487806,walking
34281,-0.548583984375,-0.086181640625,1.071533203125,-1.402439024390244,-4.695121951219512,14.634146341463415,walking
34291,-0.54052734375,-0.09521484375,1.1044921875,-4.085365853658537,-10,10.365853658536587,walking
34301,-0.522705078125,-0.0849609375,1.15380859375,-6.890243902439025,-16.097560975609756,5.060975609756098,walking
34311,-0.4990234375,-0.05908203125,1.20458984375,-9.878048780487806,-23.04878048780488,0.5487804878048781,walking
34321,-0.46435546875,-0.027587890625,1.24072265625,-13.04878048780488,-29.939024390243905,-1.2804878048780488,walking
34331,-0.422119140625,0.000732421875,1.25830078125,-16.402439024390244,-35.487804878048784,-0.24390243902439027,walking
34341,-0.3779296875,0.025146484375,1.254638671875,-19.81707317073171,-39.024390243902445,2.9268292682926833,walking
34351,-0.35009765625,0.04541015625,1.218994140625,-23.170731707317074,-40.54878048780488,7.682926829268293,walking
34361,-0.353515625,0.063232421875,1.14208984375,-26.09756097560976,-39.75609756097561,14.085365853658537,walking
34371,-0.40966796875,0.085205078125,1.010986328125,-28.780487804878053,-35.97560975609756,22.500000000000004,walking
34381,-0.52685546875,0.095703125,0.847900390625,-31.09756097560976,-28.10975609756098,36.463414634146346,walking
34391,-0.716552734375,0.099365234375,0.690673828125,-33.41463414634146,-16.402439024390244,57.13414634146342,walking
34401,-0.903564453125,0.076416015625,0.595458984375,-35.1829268292683,0,75.1829268292683,walking
34412,-1.01953125,0.027099609375,0.5751953125,-34.08536585365854,21.402439024390247,74.87804878048782,walking
34422,-1.089111328125,0.027099609375,0.61767578125,-29.573170731707318,47.07317073170732,51.524390243902445,walking
34432,-1.147216796875,0.134033203125,0.726318359375,-24.02439024390244,72.37804878048782,16.097560975609756,walking
34442,-1.15625,0.311767578125,0.91552734375,-20.365853658536587,86.40243902439025,-11.951219512195124,walking
34452,-1.1630859375,0.4697265625,1.042236328125,-21.52439024390244,80.73170731707317,-21.402439024390247,walking
34462,-1.16357421875,0.55859375,1.0703125,-26.09756097560976,62.07317073170732,-18.902439024390244,walking
34472,-1.126953125,0.61181640625,1.05712890625,-30.121951219512198,40.60975609756098,-17.621951219512198,walking
34482,-1.0673828125,0.654541015625,1.043701171875,-31.09756097560976,22.012195121951223,-19.390243902439025,walking
34492,-0.985107421875,0.654541015625,1.043701171875,-28.658536585365855,8.292682926829269,-16.70731707317073,walking
34502,-0.89697265625,0.595703125,1.034912109375,-24.451219512195124,-2.5,-5.548780487804878,walking
34512,-0.8154296875,0.492431640625,1.0126953125,-19.451219512195124,-12.073170731707318,11.097560975609756,walking
34522,-0.7548828125,0.372314453125,0.9736328125,-13.536585365853659,-22.073170731707318,28.53658536585366,walking
34532,-0.7158203125,0.23974609375,0.919921875,-6.341463414634147,-32.6829268292683,43.35365853658537,walking
34542,-0.6953125,0.106201171875,0.8564453125,2.0121951219512195,-43.04878048780488,51.951219512195124,walking
34552,-0.683837890625,-0.00146484375,0.77587890625,11.28048780487805,-51.707317073170735,51.707317073170735,walking
34562,-0.65185546875,-0.078125,0.680419921875,20.914634146341466,-56.524390243902445,45.00000000000001,walking
34572,-0.587646484375,-0.119140625,0.581787109375,29.573170731707318,-56.646341463414636,36.21951219512196,walking
34582,-0.506591796875,-0.11865234375,0.492919921875,35.97560975609756,-52.25609756097561,26.707317073170735,walking
34592,-0.42529296875,-0.08203125,0.4296875,39.93902439024391,-44.08536585365854,15.79268292682927,walking
34602,-0.361083984375,-0.011962890625,0.396728515625,41.890243902439025,-33.29268292682927,3.7195121951219514,walking
34612,-0.319580078125,0.080810546875,0.391357421875,42.25609756097561,-21.219512195121954,-7.25609756097561,walking
34622,-0.297119140625,0.179931640625,0.40625,41.15853658536586,-8.963414634146343,-15.30487804878049,walking
34632,-0.285400390625,0.271728515625,0.43310546875,38.53658536585366,2.1951219512195124,-19.634146341463417,walking
34642,-0.269287109375,0.335693359375,0.474853515625,34.75609756097561,10.670731707317074,-21.097560975609756,walking
34652,-0.2607421875,0.37646484375,0.523681640625,30.182926829268297,13.963414634146343,-21.82926829268293,walking
34662,-0.269775390625,0.397216796875,0.571533203125,24.390243902439025,11.829268292682928,-21.03658536585366,walking
34672,-0.296875,0.393798828125,0.61181640625,17.439024390243905,7.378048780487806,-16.402439024390244,walking
34682,-0.3359375,0.3623046875,0.645751953125,9.878048780487806,4.390243902439025,-6.52439024390244,walking
34692,-0.38671875,0.306640625,0.679931640625,2.987804878048781,4.390243902439025,5.670731707317073,walking
34702,-0.446533203125,0.234375,0.71533203125,-2.3170731707317076,5.487804878048781,15.30487804878049,walking
34712,-0.49169921875,0.164794921875,0.74609375,-5.487804878048781,5.182926829268293,17.012195121951223,walking
34722,-0.515625,0.126220703125,0.7646484375,-6.829268292682928,2.0121951219512195,8.597560975609756,walking
34732,-0.51513671875,0.13037109375,0.76611328125,-6.951219512195123,-3.536585365853659,-4.817073170731708,walking
34742,-0.4853515625,0.155517578125,0.74951171875,-6.52439024390244,-10.060975609756099,-16.158536585365855,walking
34752,-0.437255859375,0.180908203125,0.72314453125,-5.670731707317073,-16.03658536585366,-22.926829268292686,walking
34762,-0.3876953125,0.201904296875,0.691650390625,-4.390243902439025,-19.512195121951223,-25.60975609756098,walking
34772,-0.3408203125,0.212158203125,0.662109375,-2.439024390243903,-19.02439024390244,-25.60975609756098,walking
34782,-0.303466796875,0.205322265625,0.6494140625,0.12195121951219513,-14.085365853658537,-25.000000000000004,walking
34792,-0.28271484375,0.186279296875,0.672119140625,2.378048780487805,-5.548780487804878,-25.914634146341466,walking
34802,-0.290283203125,0.172607421875,0.736572265625,3.353658536585366,4.085365853658537,-30.0609756097561,walking
34812,-0.328857421875,0.183349609375,0.826171875,2.6219512195121952,12.317073170731708,-36.463414634146346,walking
34822,-0.375732421875,0.212890625,0.9375,1.0975609756097562,18.231707317073173,-42.25609756097561,walking
34832,-0.429931640625,0.250732421875,1.056396484375,0,20.30487804878049,-46.15853658536586,walking
34842,-0.48583984375,0.282958984375,1.164306640625,0,17.134146341463417,-47.50000000000001,walking
34852,-0.529296875,0.301513671875,1.24951171875,1.2804878048780488,9.573170731707318,-46.524390243902445,walking
34862,-0.550537109375,0.30810546875,1.306396484375,3.963414634146342,-1.0365853658536586,-44.08536585365854,walking
34872,-0.54541015625,0.30419921875,1.333984375,7.378048780487806,-12.926829268292684,-41.15853658536586,walking
34882,-0.521484375,0.296875,1.330810546875,10.853658536585368,-25.426829268292686,-38.90243902439025,walking
34892,-0.47412109375,0.320556640625,1.309814453125,14.573170731707318,-38.170731707317074,-37.743902439024396,walking
34902,-0.378173828125,0.30224609375,1.25048828125,18.10975609756098,-49.207317073170735,-32.5609756097561,walking
34913,-0.319580078125,0.262939453125,1.14501953125,22.073170731707318,-52.743902439024396,-27.31707317073171,walking
34923,-0.35009765625,0.259521484375,1.01953125,26.158536585365855,-46.21951219512196,-25.121951219512198,walking
34933,-0.4228515625,0.2841796875,0.898193359375,29.02439024390244,-33.29268292682927,-22.5609756097561,walking
34943,-0.555419921875,0.33154296875,0.799072265625,30.30487804878049,-18.84146341463415,-20.365853658536587,walking
34953,-0.6943359375,0.386474609375,0.740234375,31.09756097560976,-2.8658536585365857,-17.5609756097561,walking
34963,-0.826904296875,0.47216796875,0.747802734375,32.6829268292683,17.073170731707318,-16.890243902439025,walking
34973,-0.93359375,0.55712890625,0.857421875,36.58536585365854,38.65853658536586,-17.682926829268293,walking
34983,-0.997314453125,0.6015625,1.033447265625,43.23170731707317,51.21951219512196,-17.073170731707318,walking
34993,-1.0224609375,0.58837890625,1.155029296875,48.170731707317074,46.15853658536586,-11.341463414634147,walking
35003,-1.03173828125,0.5029296875,1.165771484375,48.29268292682927,27.5609756097561,4.024390243902439,walking
35013,-1.06396484375,0.366455078125,1.08984375,44.81707317073171,4.2682926829268295,25.0609756097561,walking
35023,-1.115966796875,0.204833984375,0.97216796875,40.243902439024396,-17.012195121951223,43.35365853658537,walking
35033,-1.14794921875,0.031494140625,0.865478515625,36.03658536585366,-30.426829268292686,52.86585365853659,walking
35043,-1.13916015625,-0.1142578125,0.805908203125,30.60975609756098,-32.743902439024396,49.75609756097561,walking
35053,-1.0810546875,-0.215576171875,0.79736328125,23.53658536585366,-26.402439024390247,33.35365853658537,walking
35063,-0.98828125,-0.24462890625,0.822998046875,15.182926829268293,-18.414634146341466,5.853658536585367,walking
35073,-0.869873046875,-0.2080078125,0.85302734375,6.341463414634147,-14.390243902439027,-25.731707317073173,walking
35083,-0.743408203125,-0.123779296875,0.869873046875,-2.1341463414634148,-14.817073170731708,-54.451219512195124,walking
35093,-0.63232421875,0.00390625,0.8603515625,-10.548780487804878,-17.439024390243905,-76.15853658536587,walking
35103,-0.530517578125,0.147705078125,0.82666015625,-18.231707317073173,-18.719512195121954,-87.7439024390244,walking
35113,-0.43798828125,0.277099609375,0.79296875,-24.634146341463417,-16.70731707317073,-89.51219512195122,walking
35123,-0.380126953125,0.3935546875,0.757568359375,-30.30487804878049,-11.707317073170733,-83.96341463414635,walking
35133,-0.349365234375,0.49267578125,0.705322265625,-36.58536585365854,-3.353658536585366,-71.70731707317074,walking
35143,-0.32373046875,0.5595703125,0.651123046875,-41.34146341463415,8.536585365853659,-54.085365853658544,walking
35153,-0.302001953125,0.587158203125,0.6123046875,-41.951219512195124,21.28048780487805,-33.65853658536586,walking
35163,-0.290771484375,0.5830078125,0.5908203125,-39.207317073170735,31.158536585365855,-11.402439024390246,walking
35173,-0.2998046875,0.550537109375,0.58642578125,-35.1219512195122,35.79268292682927,12.80487804878049,walking
35183,-0.340087890625,0.486328125,0.5908203125,-32.31707317073171,35.426829268292686,39.268292682926834,walking
35193,-0.425537109375,0.374267578125,0.588623046875,-32.5609756097561,31.58536585365854,65.48780487804879,walking
35203,-0.49365234375,0.230224609375,0.57373046875,-35.85365853658537,24.81707317073171,84.26829268292684,walking
35213,-0.5234375,0.0888671875,0.54833984375,-39.75609756097561,16.219512195121954,87.98780487804879,walking
35223,-0.5322265625,-0.010498046875,0.51806640625,-42.987804878048784,8.292682926829269,76.95121951219512,walking
35233,-0.514404296875,-0.0673828125,0.49609375,-44.207317073170735,2.804878048780488,58.71951219512196,walking
35243,-0.48291015625,-0.09228515625,0.490478515625,-42.86585365853659,0.1829268292682927,39.51219512195122,walking
35253,-0.447509765625,-0.09765625,0.50048828125,-39.390243902439025,0.30487804878048785,23.170731707317074,walking
35263,-0.420166015625,-0.09130859375,0.52685546875,-34.146341463414636,2.7439024390243905,10.853658536585368,walking
35273,-0.402099609375,-0.08203125,0.56982421875,-27.25609756097561,7.25609756097561,1.8902439024390245,walking
35283,-0.39501953125,-0.06982421875,0.62548828125,-19.451219512195124,13.414634146341465,-4.573170731707317,walking
35293,-0.396240234375,-0.055908203125,0.688720703125,-11.890243902439025,20.426829268292686,-8.78048780487805,walking
35303,-0.402099609375,-0.0458984375,0.761474609375,-5.3048780487804885,26.58536585365854,-10.914634146341465,walking
35313,-0.418212890625,-0.036376953125,0.826904296875,0,29.207317073170735,-12.01219512195122,walking
35323,-0.43115234375,-0.029541015625,0.880859375,2.987804878048781,27.439024390243905,-12.01219512195122,walking
35333,-0.43896484375,-0.020751953125,0.928466796875,3.414634146341464,22.378048780487806,-11.036585365853659,walking
35343,-0.44921875,-0.00927734375,0.970458984375,1.707317073170732,15.731707317073171,-8.292682926829269,walking
35353,-0.458740234375,0.008544921875,1.009033203125,-1.524390243902439,9.26829268292683,-3.9024390243902443,walking
35363,-0.472900390625,0.03564453125,1.0400390625,-5.365853658536586,3.7195121951219514,1.2804878048780488,walking
35373,-0.48486328125,0.06982421875,1.0625,-8.902439024390244,-0.24390243902439027,6.951219512195123,walking
35383,-0.50146484375,0.114501953125,1.0732421875,-11.585365853658537,-3.231707317073171,12.621951219512196,walking
35393,-0.50634765625,0.1474609375,1.07666015625,-13.414634146341465,-5.3048780487804885,18.658536585365855,walking
35403,-0.50048828125,0.1611328125,1.082763671875,-14.695121951219514,-6.52439024390244,23.59756097560976,walking
35414,-0.482421875,0.152099609375,1.09033203125,-15.975609756097562,-8.292682926829269,27.134146341463417,walking
35424,-0.457275390625,0.114990234375,1.09765625,-17.804878048780488,-11.52439024390244,30.0609756097561,walking
35434,-0.431884765625,0.055908203125,1.099365234375,-20.914634146341466,-16.03658536585366,32.5609756097561,walking
35444,-0.4091796875,-0.012939453125,1.08984375,-25.365853658536587,-20.670731707317074,33.65853658536586,walking
35454,-0.395751953125,-0.07177734375,1.064697265625,-30.487804878048784,-24.32926829268293,32.25609756097561,walking
35464,-0.40234375,-0.097412109375,1.00830078125,-36.15853658536586,-25.914634146341466,29.512195121951223,walking
35474,-0.4404296875,-0.0810546875,0.905517578125,-41.890243902439025,-23.231707317073173,29.146341463414636,walking
35484,-0.521240234375,-0.0556640625,0.773681640625,-46.89024390243903,-14.939024390243905,36.768292682926834,walking
35494,-0.6953125,-0.030029296875,0.651123046875,-50.304878048780495,-2.073170731707317,53.47560975609757,walking
35504,-0.921630859375,-0.03564453125,0.584716796875,-50.79268292682927,15.365853658536587,69.75609756097562,walking
35514,-1.08740234375,-0.06787109375,0.586181640625,-46.82926829268293,39.207317073170735,68.23170731707317,walking
35524,-1.168212890625,-0.05859375,0.646240234375,-38.65853658536586,69.02439024390245,42.987804878048784,walking
35534,-1.217041015625,0.0458984375,0.7919921875,-29.87804878048781,98.53658536585367,5.975609756097562,walking
35544,-1.212158203125,0.23095703125,1.01220703125,-25.000000000000004,113.59756097560977,-22.195121951219512,walking
35554,-1.19873046875,0.39111328125,1.135986328125,-26.52439024390244,104.75609756097562,-28.902439024390247,walking
35564,-1.1708984375,0.48974609375,1.1708984375,-31.76829268292683,81.15853658536587,-23.414634146341466,walking
35574,-1.112548828125,0.5791015625,1.189697265625,-36.82926829268293,52.37804878048781,-20.243902439024392,walking
35584,-1.03125,0.663330078125,1.19970703125,-39.57317073170732,22.5609756097561,-20.670731707317074,walking
35594,-0.956298828125,0.70849609375,1.170654296875,-38.963414634146346,-3.5975609756097566,-17.682926829268293,walking
35604,-0.89306640625,0.69384765625,1.105712890625,-34.024390243902445,-21.402439024390247,-7.8048780487804885,walking
35614,-0.837158203125,0.625732421875,1.029541015625,-25.182926829268293,-30.000000000000004,5.914634146341464,walking
35624,-0.783203125,0.523681640625,0.95751953125,-14.207317073170733,-32.43902439024391,18.658536585365855,walking
35634,-0.73193359375,0.40966796875,0.897705078125,-3.1097560975609757,-32.19512195121951,28.963414634146343,walking
35644,-0.6826171875,0.287353515625,0.84619140625,6.341463414634147,-30.853658536585368,37.6219512195122,walking
35654,-0.62890625,0.165771484375,0.80078125,13.109756097560977,-28.59756097560976,44.024390243902445,walking
35664,-0.579345703125,0.069580078125,0.7490234375,16.890243902439025,-26.28048780487805,46.89024390243903,walking
35674,-0.525390625,0.003173828125,0.6875,18.353658536585368,-23.963414634146343,47.31707317073171,walking
35684,-0.4638671875,-0.033935546875,0.62158203125,17.926829268292686,-20.731707317073173,46.524390243902445,walking
35694,-0.406005859375,-0.039794921875,0.557373046875,15.243902439024392,-16.402439024390244,43.963414634146346,walking
35704,-0.354736328125,-0.022705078125,0.499755859375,10.853658536585368,-11.402439024390246,38.963414634146346,walking
35714,-0.31689453125,0.0166015625,0.451416015625,5.914634146341464,-6.646341463414635,31.82926829268293,walking
35724,-0.290771484375,0.06787109375,0.4130859375,1.4634146341463417,-2.439024390243903,23.29268292682927,walking
35734,-0.27783203125,0.123779296875,0.385498046875,-1.4634146341463417,0.06097560975609757,14.634146341463415,walking
35744,-0.271728515625,0.17578125,0.371826171875,-2.7439024390243905,0.6707317073170732,8.048780487804878,walking
35754,-0.2685546875,0.21484375,0.367919921875,-2.5,0.12195121951219513,5.121951219512195,walking
35764,-0.265625,0.233642578125,0.37548828125,-1.2804878048780488,-0.6097560975609757,6.219512195121951,walking
35774,-0.273681640625,0.234619140625,0.396728515625,0.24390243902439027,-0.3658536585365854,10.30487804878049,walking
35784,-0.302978515625,0.218505859375,0.429931640625,2.0121951219512195,1.6463414634146343,15.914634146341465,walking
35794,-0.34619140625,0.18212890625,0.474609375,4.085365853658537,6.219512195121951,20.731707317073173,walking
35804,-0.380859375,0.125732421875,0.54052734375,7.073170731707318,12.621951219512196,20.48780487804878,walking
35814,-0.416259765625,0.07275390625,0.627197265625,10.731707317073171,19.75609756097561,11.402439024390246,walking
35824,-0.444091796875,0.0439453125,0.7578125,14.085365853658537,25.914634146341466,-5.182926829268293,walking
35834,-0.46875,0.05712890625,0.900634765625,15.853658536585368,27.439024390243905,-24.207317073170735,walking
35844,-0.470458984375,0.097900390625,1.024169921875,14.695121951219514,22.682926829268293,-37.80487804878049,walking
35854,-0.447021484375,0.136474609375,1.09521484375,11.158536585365855,14.085365853658537,-42.31707317073171,walking
35864,-0.42138671875,0.16162109375,1.1220703125,6.829268292682928,5.2439024390243905,-41.15853658536586,walking
35874,-0.407958984375,0.191162109375,1.132080078125,4.085365853658537,-0.3658536585365854,-40.36585365853659,walking
35884,-0.39990234375,0.234130859375,1.146484375,3.414634146341464,-2.439024390243903,-41.463414634146346,walking
35894,-0.39990234375,0.28759765625,1.158203125,3.963414634146342,-2.7439024390243905,-42.43902439024391,walking
35904,-0.40380859375,0.3369140625,1.164794921875,5.2439024390243905,-2.378048780487805,-41.21951219512196,walking
35915,-0.4140625,0.369140625,1.166748046875,6.890243902439025,-2.1341463414634148,-37.5609756097561,walking
35925,-0.425537109375,0.37841796875,1.164306640625,8.963414634146343,-2.3170731707317076,-32.13414634146342,walking
35935,-0.437255859375,0.368896484375,1.1591796875,11.219512195121952,-3.353658536585366,-26.09756097560976,walking
35945,-0.43896484375,0.34228515625,1.1533203125,13.231707317073171,-5.731707317073171,-19.878048780487806,walking
35955,-0.43017578125,0.30615234375,1.14404296875,14.573170731707318,-9.695121951219512,-14.390243902439027,walking
35965,-0.419189453125,0.279052734375,1.126953125,15.060975609756099,-16.28048780487805,-10.853658536585368,walking
35975,-0.387939453125,0.279541015625,1.0888671875,15.060975609756099,-25.670731707317074,-8.719512195121952,walking
35985,-0.334228515625,0.28173828125,1.026611328125,15.853658536585368,-34.75609756097561,-3.8414634146341466,walking
35995,-0.327880859375,0.263427734375,0.931396484375,18.719512195121954,-38.90243902439025,5,walking
36005,-0.420654296875,0.265625,0.8125,23.170731707317074,-34.207317073170735,14.207317073170733,walking
36015,-0.55517578125,0.27783203125,0.723876953125,28.414634146341466,-20.914634146341466,20.365853658536587,walking
36025,-0.67431640625,0.293701171875,0.7138671875,35.1829268292683,-1.707317073170732,19.75609756097561,walking
36035,-0.800048828125,0.380859375,0.786376953125,41.951219512195124,20,10.670731707317074,walking
36045,-0.89892578125,0.515380859375,0.9150390625,45.91463414634147,39.57317073170732,2.5,walking
36055,-0.966796875,0.61181640625,1.043212890625,46.89024390243903,49.87804878048781,6.341463414634147,walking
36065,-1.033447265625,0.60498046875,1.114013671875,47.19512195121952,46.951219512195124,23.10975609756098,walking
36075,-1.10791015625,0.48388671875,1.102783203125,47.50000000000001,32.37804878048781,43.90243902439025,walking
36085,-1.183349609375,0.302001953125,1.037841796875,48.04878048780488,12.500000000000002,57.31707317073171,walking
36095,-1.253662109375,0.0986328125,0.95703125,49.39024390243903,-5.914634146341464,57.743902439024396,walking
36105,-1.287353515625,-0.108154296875,0.904541015625,49.146341463414636,-17.682926829268293,46.463414634146346,walking
36115,-1.28466796875,-0.267822265625,0.893798828125,44.451219512195124,-21.76829268292683,24.634146341463417,walking
36125,-1.245361328125,-0.341552734375,0.903564453125,35.85365853658537,-20.243902439024392,-3.8414634146341466,walking
36135,-1.14892578125,-0.338623046875,0.921875,25.182926829268293,-15.609756097560977,-31.219512195121954,walking
36145,-1.01806640625,-0.281494140625,0.928955078125,13.231707317073171,-11.219512195121952,-51.28048780487806,walking
36155,-0.873779296875,-0.19140625,0.91650390625,1.8902439024390245,-8.719512195121952,-63.71951219512196,walking
36165,-0.7509765625,-0.072265625,0.8876953125,-6.341463414634147,-7.987804878048781,-72.8658536585366,walking
36175,-0.655517578125,0.064208984375,0.86181640625,-11.341463414634147,-7.926829268292684,-80.73170731707317,walking
36185,-0.592041015625,0.21826171875,0.83740234375,-14.329268292682928,-6.890243902439025,-86.89024390243904,walking
36195,-0.54052734375,0.3662109375,0.79833984375,-16.52439024390244,-2.9268292682926833,-88.35365853658537,walking
36205,-0.492431640625,0.490478515625,0.748046875,-17.621951219512198,5.060975609756098,-83.59756097560977,walking
36215,-0.4404296875,0.566650390625,0.69677734375,-16.646341463414636,15.609756097560977,-72.01219512195122,walking
36225,-0.388916015625,0.59130859375,0.650146484375,-13.963414634146343,23.963414634146343,-54.75609756097561,walking
36235,-0.338623046875,0.573974609375,0.600830078125,-11.707317073170733,26.82926829268293,-34.024390243902445,walking
36245,-0.2958984375,0.5234375,0.55419921875,-10.975609756097562,22.500000000000004,-11.219512195121952,walking
36255,-0.288818359375,0.453369140625,0.511962890625,-12.621951219512196,12.621951219512196,12.682926829268293,walking
36265,-0.341796875,0.363037109375,0.472900390625,-17.378048780487806,0.3658536585365854,36.707317073170735,walking
36275,-0.417236328125,0.258544921875,0.4228515625,-25.243902439024392,-11.402439024390246,58.78048780487806,walking
36285,-0.433837890625,0.11328125,0.38720703125,-34.146341463414636,-22.682926829268293,72.7439024390244,walking
36295,-0.437744140625,-0.002685546875,0.352294921875,-40.54878048780488,-33.109756097560975,70.79268292682927,walking
36305,-0.4501953125,-0.0673828125,0.326904296875,-43.963414634146346,-42.43902439024391,57.743902439024396,walking
36315,-0.4453125,-0.10888671875,0.316650390625,-43.78048780487805,-50.73170731707317,44.146341463414636,walking
36325,-0.426513671875,-0.154296875,0.312744140625,-38.53658536585366,-56.21951219512196,34.207317073170735,walking
36335,-0.396240234375,-0.199462890625,0.312255859375,-29.207317073170735,-55.1219512195122,25.182926829268293,walking
36345,-0.385498046875,-0.21142578125,0.325439453125,-16.158536585365855,-42.37804878048781,13.29268292682927,walking
36355,-0.39990234375,-0.18408203125,0.385009765625,-0.7926829268292683,-17.621951219512198,0.06097560975609757,walking
36365,-0.384765625,-0.158935546875,0.5166015625,15.121951219512196,14.756097560975611,-10.731707317073171,walking
36375,-0.336181640625,-0.15576171875,0.68994140625,31.34146341463415,47.01219512195122,-22.500000000000004,walking
36385,-0.362548828125,-0.11767578125,0.81298828125,45.304878048780495,75.1829268292683,-43.90243902439025,walking
36395,-0.5810546875,0.046142578125,1.002197265625,52.6219512195122,94.51219512195122,-69.87804878048782,walking
36405,-0.623046875,0.16650390625,1.215576171875,53.04878048780488,89.08536585365854,-77.6829268292683,walking
36426,-0.6015625,0.2255859375,1.317626953125,47.19512195121952,61.768292682926834,-68.78048780487805,walking
36436,-0.587158203125,0.22900390625,1.327392578125,36.09756097560976,31.158536585365855,-50.36585365853659,walking
36446,-0.570068359375,0.189453125,1.28564453125,23.719512195121954,7.560975609756098,-31.82926829268293,walking
36456,-0.55419921875,0.1455078125,1.222900390625,12.74390243902439,-6.219512195121951,-19.878048780487806,walking
36466,-0.5458984375,0.1279296875,1.156005859375,4.2682926829268295,-12.01219512195122,-14.085365853658537,walking
36476,-0.522705078125,0.131103515625,1.119384765625,-2.0121951219512195,-13.475609756097562,-10.182926829268293,walking
36486,-0.4931640625,0.142333984375,1.102783203125,-7.439024390243903,-14.207317073170733,-5.060975609756098,walking
36496,-0.4580078125,0.146484375,1.092041015625,-12.317073170731708,-14.817073170731708,1.7682926829268295,walking
36506,-0.423095703125,0.14013671875,1.08544921875,-16.03658536585366,-15.121951219512196,8.475609756097562,walking
36516,-0.388671875,0.117919921875,1.077392578125,-18.597560975609756,-15.000000000000002,13.963414634146343,walking
36526,-0.361572265625,0.07958984375,1.06591796875,-20.54878048780488,-14.695121951219514,17.743902439024392,walking
36536,-0.349609375,0.0390625,1.048583984375,-22.439024390243905,-14.02439024390244,19.32926829268293,walking
36546,-0.359375,0.00830078125,1.016357421875,-24.634146341463417,-12.317073170731708,19.634146341463417,walking
36556,-0.4091796875,0.005859375,0.94580078125,-27.25609756097561,-8.231707317073171,20,walking
36566,-0.492919921875,0.028076171875,0.8330078125,-30.426829268292686,0.6097560975609757,23.963414634146343,walking
36576,-0.6220703125,0.04345703125,0.70556640625,-33.47560975609756,14.085365853658537,36.09756097560976,walking
36586,-0.81591796875,0.04443359375,0.597412109375,-35.30487804878049,28.658536585365855,55.60975609756098,walking
36596,-1.039794921875,0.004638671875,0.534423828125,-34.63414634146342,42.86585365853659,70.2439024390244,walking
36606,-1.197265625,-0.0498046875,0.52001953125,-30.670731707317074,59.93902439024391,65.54878048780489,walking
36616,-1.292236328125,-0.0478515625,0.552490234375,-24.26829268292683,81.89024390243902,40.91463414634147,walking
36626,-1.33642578125,0.03466796875,0.651123046875,-18.78048780487805,103.41463414634147,7.560975609756098,walking
36636,-1.34716796875,0.179931640625,0.806640625,-16.402439024390244,114.45121951219514,-23.53658536585366,walking
36646,-1.33642578125,0.369140625,0.9892578125,-18.231707317073173,107.6219512195122,-45.1219512195122,walking
36656,-1.328857421875,0.536865234375,1.11767578125,-24.512195121951223,82.92682926829269,-53.53658536585366,walking
36666,-1.2880859375,0.648681640625,1.201904296875,-31.76829268292683,48.78048780487805,-53.84146341463415,walking
36676,-1.203125,0.708984375,1.233154296875,-36.15853658536586,12.560975609756099,-50.91463414634147,walking
36686,-1.096923828125,0.717529296875,1.202392578125,-35.487804878048784,-18.10975609756098,-44.75609756097561,walking
36696,-0.98828125,0.680908203125,1.12939453125,-30.182926829268297,-37.43902439024391,-34.81707317073171,walking
36706,-0.88671875,0.610595703125,1.035400390625,-21.82926829268293,-45.79268292682927,-21.82926829268293,walking
36716,-0.798095703125,0.521728515625,0.933837890625,-11.402439024390246,-46.768292682926834,-7.621951219512196,walking
36726,-0.715087890625,0.41943359375,0.845703125,0.24390243902439027,-44.207317073170735,6.646341463414635,walking
36736,-0.640869140625,0.3046875,0.778076171875,11.463414634146343,-41.524390243902445,20.30487804878049,walking
36746,-0.584228515625,0.189697265625,0.721923828125,20.79268292682927,-39.87804878048781,32.43902439024391,walking
36756,-0.533935546875,0.074462890625,0.6728515625,27.439024390243905,-38.23170731707317,42.6829268292683,walking
36766,-0.505615234375,-0.00634765625,0.61474609375,31.280487804878053,-36.34146341463415,49.51219512195122,walking
36776,-0.4736328125,-0.0673828125,0.54931640625,32.86585365853659,-32.926829268292686,53.90243902439025,walking
36786,-0.437255859375,-0.106689453125,0.489501953125,31.951219512195124,-28.53658536585366,53.78048780487806,walking
36796,-0.41357421875,-0.118408203125,0.43994140625,29.146341463414636,-24.146341463414636,45.73170731707317,walking
36806,-0.40966796875,-0.078857421875,0.396484375,25.48780487804878,-19.81707317073171,29.26829268292683,walking
36816,-0.396484375,-0.0126953125,0.36767578125,21.34146341463415,-15.426829268292684,10,walking
36826,-0.37060546875,0.058837890625,0.353759765625,17.012195121951223,-11.707317073170733,-7.682926829268293,walking
36836,-0.343505859375,0.12548828125,0.352783203125,12.621951219512196,-9.26829268292683,-21.463414634146343,walking
36846,-0.317626953125,0.186767578125,0.355712890625,8.475609756097562,-8.78048780487805,-30.487804878048784,walking
36856,-0.291015625,0.23583984375,0.36181640625,5.3048780487804885,-10.426829268292684,-34.63414634146342,walking
36866,-0.268310546875,0.268310546875,0.373291015625,3.7195121951219514,-13.353658536585368,-34.69512195121951,walking
36876,-0.263427734375,0.285400390625,0.39111328125,4.024390243902439,-15.426829268292684,-31.82926829268293,walking
36886,-0.287109375,0.28125,0.427734375,6.158536585365854,-14.146341463414636,-27.073170731707318,walking
36896,-0.33056640625,0.252685546875,0.483154296875,9.329268292682928,-9.390243902439025,-22.25609756097561,walking
36906,-0.37109375,0.202880859375,0.564453125,12.74390243902439,-2.7439024390243905,-21.402439024390247,walking
36916,-0.404052734375,0.1494140625,0.677001953125,15.731707317073171,3.658536585365854,-28.10975609756098,walking
36926,-0.443603515625,0.130126953125,0.800048828125,17.25609756097561,7.25609756097561,-42.19512195121951,walking
36936,-0.46630859375,0.1474609375,0.91015625,16.463414634146343,6.890243902439025,-57.50000000000001,walking
36946,-0.46337890625,0.194580078125,0.992431640625,13.353658536585368,3.414634146341464,-67.07317073170732,walking
36956,-0.442626953125,0.243408203125,1.037109375,8.963414634146343,-1.2195121951219514,-67.25609756097562,walking
36966,-0.420166015625,0.275634765625,1.052490234375,4.817073170731708,-4.146341463414634,-60.1219512195122,walking
36976,-0.41064453125,0.2978515625,1.053466796875,1.402439024390244,-3.658536585365854,-51.03658536585366,walking
36986,-0.41259765625,0.314697265625,1.053955078125,-0.9756097560975611,-0.7317073170731708,-44.024390243902445,walking
36996,-0.4228515625,0.326416015625,1.063232421875,-1.9512195121951221,2.6219512195121952,-40.243902439024396,walking
37006,-0.434326171875,0.328369140625,1.082275390625,-1.1585365853658538,4.878048780487806,-37.987804878048784,walking
37016,-0.447021484375,0.316162109375,1.1123046875,1.3414634146341464,5,-35.30487804878049,walking
37026,-0.463134765625,0.296142578125,1.14990234375,4.634146341463415,2.1951219512195124,-31.34146341463415,walking
37036,-0.4716796875,0.277099609375,1.1796875,7.682926829268293,-3.4756097560975614,-26.402439024390247,walking
37046,-0.4736328125,0.269287109375,1.18701171875,10.426829268292684,-11.036585365853659,-21.463414634146343,walking
37056,-0.463134765625,0.277587890625,1.17138671875,13.04878048780488,-18.53658536585366,-17.012195121951223,walking
37066,-0.442626953125,0.297119140625,1.138427734375,16.219512195121954,-25.243902439024392,-14.085365853658537,walking
37076,-0.426513671875,0.317138671875,1.093505859375,20.670731707317074,-30.426829268292686,-13.353658536585368,walking
37086,-0.419189453125,0.32666015625,1.0341796875,26.34146341463415,-31.58536585365854,-12.682926829268293,walking
37096,-0.43603515625,0.333740234375,0.96435546875,32.01219512195122,-27.012195121951223,-9.756097560975611,walking
37106,-0.497314453125,0.345703125,0.904296875,36.768292682926834,-17.621951219512198,-4.451219512195122,walking
37116,-0.57421875,0.3525390625,0.875244140625,40.243902439024396,-4.75609756097561,2.9268292682926833,walking
37126,-0.68212890625,0.4072265625,0.86328125,41.40243902439025,10.24390243902439,8.963414634146343,walking
37136,-0.8037109375,0.5,0.862548828125,39.51219512195122,25.426829268292686,12.987804878048781,walking
37146,-0.906005859375,0.573974609375,0.88720703125,36.40243902439025,36.768292682926834,17.865853658536587,walking
37156,-0.978271484375,0.583740234375,0.91357421875,36.28048780487805,40.243902439024396,24.695121951219516,walking
37166,-1.0224609375,0.511962890625,0.923095703125,39.69512195121951,35.1219512195122,31.82926829268293,walking
37176,-1.060791015625,0.38134765625,0.92529296875,43.78048780487805,23.658536585365855,36.646341463414636,walking
37186,-1.09814453125,0.2255859375,0.928955078125,46.03658536585366,9.146341463414634,38.04878048780488,walking
37196,-1.157958984375,0.0771484375,0.915771484375,44.63414634146342,-7.073170731707318,35.609756097560975,walking
37206,-1.1953125,-0.075439453125,0.892578125,38.47560975609756,-20,31.646341463414636,walking
37216,-1.189208984375,-0.216064453125,0.898193359375,28.292682926829272,-23.902439024390247,23.414634146341466,walking
37226,-1.15673828125,-0.27880859375,0.927490234375,17.195121951219512,-19.75609756097561,5.670731707317073,walking
37236,-1.07568359375,-0.260009765625,0.975830078125,7.25609756097561,-13.536585365853659,-16.70731707317073,walking
37246,-0.9599609375,-0.1845703125,1.01416015625,-0.7926829268292683,-11.219512195121952,-36.890243902439025,walking
37256,-0.826171875,-0.0830078125,1.0244140625,-6.951219512195123,-13.902439024390246,-51.768292682926834,walking
37266,-0.7109375,0.034423828125,0.993408203125,-12.01219512195122,-19.512195121951223,-61.40243902439025,walking
37276,-0.611328125,0.161376953125,0.92529296875,-16.82926829268293,-23.78048780487805,-65.54878048780489,walking
37286,-0.525146484375,0.27294921875,0.847900390625,-20.79268292682927,-22.5609756097561,-64.26829268292684,walking
37296,-0.45263671875,0.358642578125,0.78076171875,-24.573170731707318,-15.365853658536587,-58.41463414634147,walking
37306,-0.409912109375,0.435302734375,0.716552734375,-28.475609756097562,-5,-49.207317073170735,walking
37316,-0.37939453125,0.486572265625,0.654541015625,-30.914634146341466,6.219512195121951,-35.609756097560975,walking
37326,-0.352294921875,0.50439453125,0.600830078125,-30.853658536585368,15.914634146341465,-17.926829268292686,walking
37336,-0.33349609375,0.485595703125,0.559814453125,-29.146341463414636,21.463414634146343,1.7682926829268295,walking
37346,-0.333251953125,0.434814453125,0.53466796875,-27.865853658536587,21.158536585365855,22.012195121951223,walking
37356,-0.3662109375,0.357177734375,0.515380859375,-28.780487804878053,15.182926829268293,40.1829268292683,walking
37366,-0.404052734375,0.27099609375,0.489990234375,-32.5609756097561,5.670731707317073,53.84146341463415,walking
37376,-0.423095703125,0.186279296875,0.461669921875,-37.926829268292686,-4.75609756097561,61.585365853658544,walking
37386,-0.42578125,0.1123046875,0.43115234375,-43.10975609756098,-14.756097560975611,63.84146341463415,walking
37396,-0.420654296875,0.0546875,0.397705078125,-46.646341463414636,-23.475609756097562,62.31707317073171,walking
37406,-0.4140625,0.01513671875,0.3701171875,-47.5609756097561,-30.365853658536587,59.207317073170735,walking
37416,-0.409423828125,-0.0146484375,0.34716796875,-45.304878048780495,-35,56.09756097560976,walking
37437,-0.409912109375,-0.0244140625,0.335205078125,-41.21951219512196,-36.890243902439025,52.01219512195122,walking
37447,-0.402587890625,-0.047119140625,0.36083984375,-37.37804878048781,-34.87804878048781,46.34146341463415,walking
37457,-0.37353515625,-0.08642578125,0.420654296875,-29.695121951219516,-28.84146341463415,40.487804878048784,walking
37467,-0.341552734375,-0.125732421875,0.50048828125,-19.02439024390244,-17.682926829268293,30.182926829268297,walking
37477,-0.3212890625,-0.14599609375,0.591796875,-7.25609756097561,-1.2195121951219514,14.085365853658537,walking
37487,-0.302978515625,-0.146728515625,0.687255859375,3.963414634146342,20.182926829268293,-5.975609756097562,walking
37497,-0.3203125,-0.128662109375,0.778564453125,13.29268292682927,45.00000000000001,-29.512195121951223,walking
37507,-0.440185546875,-0.020263671875,0.96240234375,18.414634146341466,67.8048780487805,-52.43902439024391,walking
37517,-0.4560546875,0.109375,1.21533203125,17.439024390243905,70.73170731707317,-57.865853658536594,walking
37527,-0.44677734375,0.158447265625,1.322021484375,9.51219512195122,51.951219512195124,-41.58536585365854,walking
37537,-0.4619140625,0.143310546875,1.3173828125,-2.0121951219512195,31.03658536585366,-17.25609756097561,walking
37547,-0.481201171875,0.1103515625,1.26953125,-12.01219512195122,17.5609756097561,1.2804878048780488,walking
37557,-0.49267578125,0.090087890625,1.22314453125,-17.98780487804878,11.646341463414634,10.426829268292684,walking
37567,-0.49853515625,0.088134765625,1.197265625,-20.426829268292686,8.963414634146343,13.597560975609758,walking
37577,-0.4853515625,0.080810546875,1.17919921875,-20.853658536585368,5.182926829268293,16.52439024390244,walking
37587,-0.464599609375,0.048828125,1.15380859375,-20.853658536585368,0,21.52439024390244,walking
37597,-0.45068359375,-0.00341796875,1.120361328125,-21.158536585365855,-5.2439024390243905,26.89024390243903,walking
37607,-0.446044921875,-0.068603515625,1.08203125,-22.073170731707318,-10,30.54878048780488,walking
37617,-0.45849609375,-0.127197265625,1.030517578125,-24.146341463414636,-13.902439024390246,30.975609756097565,walking
37627,-0.498779296875,-0.15576171875,0.94580078125,-27.621951219512198,-15.975609756097562,28.475609756097562,walking
37637,-0.565673828125,-0.158935546875,0.827880859375,-32.31707317073171,-13.841463414634148,26.463414634146343,walking
37647,-0.66796875,-0.154052734375,0.709228515625,-37.31707317073171,-5.548780487804878,29.207317073170735,walking
37657,-0.804443359375,-0.147705078125,0.640380859375,-41.34146341463415,9.26829268292683,33.59756097560976,walking
37667,-0.948486328125,-0.142333984375,0.635498046875,-42.50000000000001,29.939024390243905,28.658536585365855,walking
37677,-1.072998046875,-0.107421875,0.68359375,-39.81707317073171,55.60975609756098,9.26829268292683,walking
37687,-1.179931640625,-0.000732421875,0.804443359375,-34.146341463414636,82.31707317073172,-18.475609756097562,walking
37697,-1.25,0.18212890625,1.002197265625,-28.902439024390247,99.14634146341464,-40.73170731707317,walking
37707,-1.2861328125,0.35595703125,1.122802734375,-28.59756097560976,96.15853658536587,-47.01219512195122,walking
37717,-1.282470703125,0.474853515625,1.1298828125,-32.86585365853659,79.02439024390245,-42.86585365853659,walking
37727,-1.23388671875,0.585693359375,1.102783203125,-37.987804878048784,57.37804878048781,-39.87804878048781,walking
37737,-1.155517578125,0.699951171875,1.0927734375,-41.463414634146346,34.87804878048781,-39.390243902439025,walking
37747,-1.064453125,0.79150390625,1.097412109375,-41.951219512195124,13.536585365853659,-35.609756097560975,walking
37757,-0.963134765625,0.821533203125,1.09326171875,-38.47560975609756,-4.085365853658537,-23.902439024390247,walking
37767,-0.876708984375,0.7705078125,1.053466796875,-31.646341463414636,-16.646341463414636,-5.3048780487804885,walking
37777,-0.818115234375,0.660888671875,0.981689453125,-22.31707317073171,-24.085365853658537,13.29268292682927,walking
37787,-0.780517578125,0.524658203125,0.89501953125,-11.829268292682928,-27.80487804878049,27.073170731707318,walking
37797,-0.740478515625,0.3837890625,0.81884765625,-1.3414634146341464,-28.963414634146343,35.1829268292683,walking
37807,-0.69775390625,0.254638671875,0.755615234375,8.170731707317074,-28.719512195121954,38.90243902439025,walking
37817,-0.64599609375,0.140625,0.697998046875,16.219512195121954,-27.195121951219516,40.304878048780495,walking
37827,-0.58544921875,0.041015625,0.6455078125,22.621951219512198,-24.32926829268293,41.15853658536586,walking
37837,-0.52783203125,-0.039794921875,0.598388671875,27.439024390243905,-20.365853658536587,41.646341463414636,walking
37847,-0.487548828125,-0.086181640625,0.5517578125,30.30487804878049,-15.243902439024392,41.34146341463415,walking
37857,-0.4619140625,-0.106201171875,0.50537109375,31.219512195121954,-9.207317073170733,40.1219512195122,walking
37867,-0.44970703125,-0.103759765625,0.466796875,30.60975609756098,-2.6219512195121952,36.82926829268293,walking
37877,-0.4521484375,-0.08544921875,0.43896484375,29.26829268292683,2.804878048780488,29.451219512195124,walking
37887,-0.460693359375,-0.0478515625,0.415283203125,27.682926829268297,6.097560975609756,17.743902439024392,walking
37897,-0.464599609375,0.000732421875,0.396240234375,26.52439024390244,6.646341463414635,3.1097560975609757,walking
37907,-0.46533203125,0.062255859375,0.3798828125,26.158536585365855,4.390243902439025,-12.682926829268293,walking
37917,-0.459228515625,0.131103515625,0.369873046875,25.975609756097562,0.48780487804878053,-27.31707317073171,walking
37927,-0.437744140625,0.1953125,0.37353515625,25.426829268292686,-3.4756097560975614,-38.963414634146346,walking
37938,-0.403564453125,0.25439453125,0.38916015625,24.085365853658537,-6.402439024390245,-47.43902439024391,walking
37948,-0.36181640625,0.30615234375,0.41455078125,22.621951219512198,-8.048780487804878,-53.41463414634147,walking
37958,-0.3251953125,0.34765625,0.45166015625,21.890243902439025,-7.926829268292684,-57.43902439024391,walking
37968,-0.29150390625,0.373779296875,0.520751953125,21.82926829268293,-5.853658536585367,-58.963414634146346,walking
37978,-0.274658203125,0.381591796875,0.63720703125,22.073170731707318,-3.1097560975609757,-58.10975609756098,walking
37988,-0.297119140625,0.3818359375,0.760009765625,19.939024390243905,-2.682926829268293,-53.963414634146346,walking
37998,-0.325927734375,0.355224609375,0.86376953125,14.756097560975611,-4.329268292682928,-45.85365853658537,walking
38008,-0.361083984375,0.314453125,0.946044921875,8.170731707317074,-6.036585365853659,-37.926829268292686,walking
38018,-0.390869140625,0.27197265625,1.015380859375,1.9512195121951221,-7.439024390243903,-33.47560975609756,walking
38028,-0.41650390625,0.249755859375,1.066162109375,-2.987804878048781,-10.182926829268293,-33.84146341463415,walking
38038,-0.42138671875,0.24755859375,1.09521484375,-6.036585365853659,-14.817073170731708,-37.6219512195122,walking
38048,-0.40478515625,0.26416015625,1.110595703125,-6.646341463414635,-19.451219512195124,-42.6829268292683,walking
38058,-0.376953125,0.294677734375,1.116455078125,-5,-22.134146341463417,-46.03658536585366,walking
38068,-0.34130859375,0.313232421875,1.114013671875,-2.0121951219512195,-22.134146341463417,-45.54878048780488,walking
38078,-0.325927734375,0.32763671875,1.097412109375,1.2195121951219514,-20.30487804878049,-41.646341463414636,walking
38088,-0.314208984375,0.30810546875,1.07470703125,5.731707317073171,-16.951219512195124,-34.08536585365854,walking
38098,-0.31982421875,0.26513671875,1.055419921875,10.853658536585368,-12.621951219512196,-24.634146341463417,walking
38108,-0.3359375,0.20458984375,1.044189453125,15.060975609756099,-8.597560975609756,-15.609756097560977,walking
38118,-0.365478515625,0.14990234375,1.034912109375,17.31707317073171,-6.158536585365854,-10.24390243902439,walking
38128,-0.387451171875,0.129638671875,1.030029296875,17.98780487804878,-6.341463414634147,-9.817073170731708,walking
38138,-0.388671875,0.137451171875,1.01318359375,17.378048780487806,-10.060975609756099,-13.109756097560977,walking
38148,-0.3876953125,0.17724609375,0.982666015625,16.646341463414636,-15.914634146341465,-19.085365853658537,walking
38158,-0.38525390625,0.23583984375,0.934814453125,17.073170731707318,-21.951219512195124,-24.634146341463417,walking
38168,-0.401123046875,0.3046875,0.86572265625,19.02439024390244,-25.60975609756098,-26.76829268292683,walking
38178,-0.4599609375,0.39697265625,0.78173828125,22.134146341463417,-23.78048780487805,-23.475609756097562,walking
38188,-0.574462890625,0.4873046875,0.714111328125,26.219512195121954,-15.426829268292684,-13.78048780487805,walking
38198,-0.704833984375,0.531982421875,0.6904296875,32.5609756097561,-0.24390243902439027,2.7439024390243905,walking
38208,-0.85791015625,0.574951171875,0.70947265625,40.0609756097561,20.426829268292686,18.53658536585366,walking
38218,-1.00537109375,0.612548828125,0.775634765625,45.79268292682927,40.36585365853659,28.10975609756098,walking
38228,-1.111083984375,0.6083984375,0.878662109375,50.00000000000001,51.707317073170735,35.1829268292683,walking
38238,-1.189208984375,0.55224609375,0.973876953125,54.451219512195124,51.03658536585366,43.29268292682927,walking
38248,-1.240234375,0.433837890625,1.0380859375,58.10975609756098,42.01219512195122,53.53658536585366,walking
38258,-1.2890625,0.270263671875,1.075927734375,57.987804878048784,28.59756097560976,63.65853658536586,walking
38268,-1.338623046875,0.0947265625,1.10107421875,53.90243902439025,13.414634146341465,70.2439024390244,walking
38278,-1.369873046875,-0.08642578125,1.1181640625,47.19512195121952,-0.9146341463414634,69.63414634146342,walking
38288,-1.364013671875,-0.233642578125,1.104248046875,37.07317073170732,-12.560975609756099,56.524390243902445,walking
38298,-1.315673828125,-0.29931640625,1.0625,25.48780487804878,-18.902439024390244,30.487804878048784,walking
38308,-1.2177734375,-0.2890625,1.0146484375,15.060975609756099,-18.353658536585368,-0.3658536585365854,walking
38318,-1.0947265625,-0.2216796875,0.9853515625,5.731707317073171,-13.29268292682927,-27.500000000000004,walking
38328,-0.96044921875,-0.13671875,0.967041015625,-3.2926829268292686,-8.658536585365855,-46.21951219512196,walking
38338,-0.83740234375,-0.04345703125,0.94482421875,-12.500000000000002,-8.170731707317074,-58.59756097560976,walking
38348,-0.734130859375,0.06298828125,0.905029296875,-21.585365853658537,-12.439024390243903,-67.92682926829269,walking
38358,-0.642578125,0.18212890625,0.85107421875,-30.121951219512198,-17.926829268292686,-75.1219512195122,walking
38368,-0.55859375,0.307861328125,0.788818359375,-37.43902439024391,-19.390243902439025,-78.71951219512196,walking
38378,-0.4775390625,0.416748046875,0.73095703125,-42.31707317073171,-13.719512195121952,-76.76829268292684,walking
38388,-0.4091796875,0.499755859375,0.690673828125,-44.390243902439025,-2.682926829268293,-68.41463414634147,walking
38398,-0.349365234375,0.545654296875,0.65869140625,-44.268292682926834,9.51219512195122,-52.86585365853659,walking
38408,-0.302978515625,0.556396484375,0.6279296875,-42.6829268292683,20.54878048780488,-31.646341463414636,walking
38418,-0.268798828125,0.54248046875,0.597412109375,-39.69512195121951,28.170731707317074,-5.7926829268292686,walking
38428,-0.245361328125,0.49755859375,0.583740234375,-35.54878048780488,29.939024390243905,23.53658536585366,walking
38439,-0.259521484375,0.4365234375,0.58837890625,-32.6829268292683,25.30487804878049,53.53658536585366,walking
38449,-0.3349609375,0.355224609375,0.588134765625,-32.43902439024391,15.731707317073171,81.52439024390245,walking
38459,-0.408447265625,0.260009765625,0.571044921875,-34.207317073170735,3.4756097560975614,104.39024390243904,walking
38469,-0.4580078125,0.161865234375,0.53662109375,-35.91463414634147,-10.182926829268293,117.19512195121952,walking
38479,-0.4833984375,0.07666015625,0.497314453125,-36.40243902439025,-23.658536585365855,119.39024390243904,walking
38489,-0.473876953125,-0.009033203125,0.450439453125,-35.426829268292686,-34.87804878048781,114.45121951219514,walking
38499,-0.46337890625,-0.06982421875,0.407958984375,-34.87804878048781,-42.86585365853659,103.17073170731709,walking
38509,-0.450927734375,-0.1201171875,0.386474609375,-36.463414634146346,-46.40243902439025,87.5609756097561,walking
38519,-0.432861328125,-0.15283203125,0.3818359375,-36.28048780487805,-45.85365853658537,72.98780487804879,walking
38529,-0.419921875,-0.162109375,0.392578125,-34.146341463414636,-40.1219512195122,58.23170731707317,walking
38539,-0.40283203125,-0.15478515625,0.424560546875,-29.207317073170735,-28.658536585365855,44.146341463414636,walking
38549,-0.38671875,-0.138916015625,0.483642578125,-21.28048780487805,-11.890243902439025,30.487804878048784,walking
38559,-0.360107421875,-0.1328125,0.565673828125,-10.609756097560977,8.048780487804878,17.378048780487806,walking
38569,-0.339111328125,-0.138916015625,0.6533203125,2.25609756097561,29.75609756097561,3.1707317073170733,walking
38579,-0.364501953125,-0.14208984375,0.72802734375,16.097560975609756,52.37804878048781,-13.475609756097562,walking
38589,-0.500732421875,-0.086181640625,0.814208984375,28.84146341463415,72.98780487804879,-31.58536585365854,walking
38599,-0.57421875,-0.053466796875,0.992431640625,37.01219512195122,83.41463414634147,-43.78048780487805,walking
38609,-0.589111328125,0,1.18701171875,40.85365853658537,75.79268292682927,-48.35365853658537,walking
38619,-0.582763671875,0.053466796875,1.301513671875,38.963414634146346,52.6829268292683,-41.768292682926834,walking
38629,-0.574462890625,0.0654296875,1.326904296875,33.23170731707317,26.219512195121954,-26.158536585365855,walking
38639,-0.57421875,0.052001953125,1.29345703125,25.792682926829272,5.609756097560976,-10.548780487804878,walking
38649,-0.576416015625,0.045166015625,1.225341796875,18.353658536585368,-6.585365853658537,-1.3414634146341464,walking
38659,-0.569091796875,0.0419921875,1.155029296875,11.76829268292683,-12.01219512195122,0.853658536585366,walking
38669,-0.55712890625,0.051513671875,1.091064453125,5.670731707317073,-14.02439024390244,-2.0121951219512195,walking
38679,-0.526123046875,0.06005859375,1.03955078125,0.06097560975609757,-14.817073170731708,-6.585365853658537,walking
38689,-0.48095703125,0.065185546875,0.998779296875,-4.939024390243903,-15.670731707317074,-10.487804878048781,walking
38699,-0.43359375,0.06396484375,0.96826171875,-8.963414634146343,-17.31707317073171,-12.865853658536587,walking
38709,-0.38818359375,0.05859375,0.947509765625,-11.76829268292683,-19.81707317073171,-13.963414634146343,walking
38719,-0.3515625,0.053466796875,0.931884765625,-13.231707317073171,-22.80487804878049,-13.597560975609758,walking
38729,-0.33935546875,0.05517578125,0.9052734375,-13.719512195121952,-25.426829268292686,-11.646341463414634,walking
38739,-0.3662109375,0.074951171875,0.84326171875,-13.841463414634148,-25.853658536585368,-7.01219512195122,walking
38749,-0.432861328125,0.111572265625,0.7373046875,-13.78048780487805,-20.975609756097562,2.073170731707317,walking
38759,-0.556396484375,0.131591796875,0.610107421875,-13.353658536585368,-9.329268292682928,18.04878048780488,walking
38769,-0.77392578125,0.105712890625,0.505615234375,-11.707317073170733,7.865853658536586,41.15853658536586,walking
38779,-1.028564453125,-0.00439453125,0.4921875,-8.414634146341465,30.30487804878049,62.25609756097562,walking
38789,-1.2041015625,-0.14208984375,0.56884765625,-4.146341463414634,57.743902439024396,59.268292682926834,walking
38799,-1.320068359375,-0.149658203125,0.70458984375,-0.1829268292682927,87.43902439024392,24.634146341463417,walking
38809,-1.369140625,0.00341796875,0.911865234375,0.6097560975609757,107.98780487804879,-21.707317073170735,walking
38819,-1.340576171875,0.235595703125,1.102783203125,-4.085365853658537,106.70731707317074,-53.41463414634147,walking
38829,-1.292724609375,0.4111328125,1.16748046875,-14.02439024390244,84.57317073170732,-60.426829268292686,walking
38839,-1.259033203125,0.5439453125,1.17578125,-24.75609756097561,55.1219512195122,-55.91463414634147,walking
38849,-1.2138671875,0.65478515625,1.1767578125,-30.792682926829272,25.182926829268293,-53.23170731707317,walking
38859,-1.138916015625,0.7265625,1.15087890625,-30.121951219512198,-2.5609756097560976,-52.13414634146342,walking
38869,-1.054931640625,0.716796875,1.085693359375,-23.353658536585368,-22.98780487804878,-47.43902439024391,walking
38879,-0.988037109375,0.639404296875,1.0029296875,-11.463414634146343,-33.29268292682927,-40.54878048780488,walking
38889,-0.925048828125,0.5234375,0.93310546875,3.1707317073170733,-35.609756097560975,-33.71951219512196,walking
38899,-0.857666015625,0.38525390625,0.891357421875,17.5609756097561,-34.81707317073171,-27.073170731707318,walking
38909,-0.7900390625,0.23681640625,0.864013671875,29.75609756097561,-35.0609756097561,-19.26829268292683,walking
38919,-0.7333984375,0.074951171875,0.84423828125,39.390243902439025,-38.29268292682927,-9.939024390243903,walking
38929,-0.703369140625,-0.06982421875,0.8115234375,47.13414634146342,-44.51219512195122,-2.5,walking
38940,-0.65869140625,-0.19921875,0.768310546875,53.35365853658537,-51.34146341463415,1.0975609756097562,walking
38950,-0.608642578125,-0.274169921875,0.711669921875,57.43902439024391,-56.82926829268293,-1.524390243902439,walking
38960,-0.560546875,-0.2861328125,0.642822265625,59.451219512195124,-59.51219512195122,-10.426829268292684,walking
38970,-0.523681640625,-0.23876953125,0.56884765625,60.365853658536594,-58.90243902439025,-24.878048780487806,walking
38980,-0.495361328125,-0.155029296875,0.50048828125,60.91463414634147,-54.87804878048781,-43.23170731707317,walking
38990,-0.479736328125,-0.042236328125,0.443603515625,61.34146341463415,-48.65853658536586,-63.90243902439025,walking
39000,-0.46484375,0.0751953125,0.410400390625,61.463414634146346,-40.97560975609756,-84.63414634146342,walking
39010,-0.458740234375,0.1982421875,0.39599609375,61.15853658536586,-32.86585365853659,-103.35365853658537,walking
39020,-0.4482421875,0.306396484375,0.397216796875,61.15853658536586,-25.54878048780488,-116.46341463414635,walking
39030,-0.419677734375,0.381103515625,0.40576171875,61.707317073170735,-19.634146341463417,-122.13414634146342,walking
39040,-0.3779296875,0.419677734375,0.41943359375,62.804878048780495,-15.54878048780488,-120.85365853658537,walking
39050,-0.334228515625,0.425048828125,0.436279296875,64.51219512195122,-13.29268292682927,-113.96341463414635,walking
39060,-0.304931640625,0.404541015625,0.459228515625,66.58536585365854,-11.52439024390244,-102.8658536585366,walking
39070,-0.3017578125,0.361328125,0.4931640625,68.47560975609757,-8.719512195121952,-88.96341463414635,walking
39080,-0.330322265625,0.29296875,0.541015625,69.51219512195122,-3.7195121951219514,-74.75609756097562,walking
39090,-0.36474609375,0.206298828125,0.6103515625,68.78048780487805,4.085365853658537,-63.47560975609757,walking
39100,-0.392822265625,0.11376953125,0.71728515625,66.70731707317074,11.402439024390246,-60.304878048780495,walking
39110,-0.4443359375,0.07373046875,0.819091796875,63.10975609756098,13.231707317073171,-67.6829268292683,walking
39120,-0.475341796875,0.08447265625,0.881591796875,58.04878048780488,8.414634146341465,-79.32926829268294,walking
39130,-0.480224609375,0.114990234375,0.90869140625,53.04878048780488,-0.7317073170731708,-89.69512195121952,walking
39140,-0.46435546875,0.15087890625,0.919677734375,48.71951219512196,-10.731707317073171,-97.98780487804879,walking
39150,-0.434326171875,0.185546875,0.924560546875,45.0609756097561,-19.085365853658537,-104.32926829268294,walking
39160,-0.388916015625,0.20654296875,0.929931640625,42.43902439024391,-24.085365853658537,-109.08536585365854,walking
39170,-0.34130859375,0.21337890625,0.940185546875,41.21951219512196,-24.939024390243905,-113.04878048780489,walking
39180,-0.300048828125,0.202392578125,0.95556640625,41.09756097560976,-22.195121951219512,-115.54878048780489,walking
39190,-0.287109375,0.19677734375,0.96728515625,40.73170731707317,-16.82926829268293,-115.3048780487805,walking
39200,-0.301513671875,0.197509765625,0.981689453125,38.53658536585366,-9.817073170731708,-110.73170731707319,walking
39210,-0.3447265625,0.21240234375,1.00048828125,33.59756097560976,-3.2926829268292686,-102.98780487804879,walking
39220,-0.39306640625,0.234619140625,1.011962890625,27.80487804878049,0.30487804878048785,-93.47560975609757,walking
39230,-0.430419921875,0.265625,1.01123046875,23.719512195121954,-0.48780487804878053,-84.75609756097562,walking
39240,-0.451904296875,0.307861328125,1.006591796875,22.5609756097561,-5.548780487804878,-79.69512195121952,walking
39250,-0.45947265625,0.362548828125,1.001708984375,25.121951219512198,-13.597560975609758,-79.14634146341464,walking
39260,-0.460693359375,0.4248046875,0.9775390625,31.463414634146343,-23.29268292682927,-80.73170731707317,walking
39270,-0.47314453125,0.48046875,0.923583984375,40.91463414634147,-32.5609756097561,-79.81707317073172,walking
39280,-0.5263671875,0.532958984375,0.825927734375,51.34146341463415,-38.59756097560976,-71.82926829268294,walking
39290,-0.64306640625,0.583251953125,0.699462890625,59.51219512195122,-39.81707317073171,-54.69512195121952,walking
39300,-0.76171875,0.577392578125,0.5966796875,64.75609756097562,-35.243902439024396,-30.54878048780488,walking
39310,-0.876220703125,0.576416015625,0.534423828125,69.93902439024392,-22.5609756097561,-9.207317073170733,walking
39320,-0.989013671875,0.591064453125,0.55810546875,75.2439024390244,-1.707317073170732,0.853658536585366,walking
39330,-1.044921875,0.5751953125,0.74072265625,81.03658536585367,21.402439024390247,3.414634146341464,walking
39340,-1.097412109375,0.53564453125,1.0078125,89.57317073170732,33.963414634146346,3.1707317073170733,walking
39350,-1.138916015625,0.43115234375,1.200439453125,94.02439024390245,28.53658536585366,9.573170731707318,walking
39360,-1.180419921875,0.2666015625,1.2763671875,88.90243902439025,12.378048780487806,25.426829268292686,walking
39370,-1.233642578125,0.0703125,1.2724609375,77.8048780487805,-5.060975609756098,38.10975609756098,walking
39380,-1.27978515625,-0.118896484375,1.24267578125,65.48780487804879,-17.682926829268293,35.609756097560975,walking
39390,-1.3076171875,-0.240966796875,1.206787109375,53.53658536585366,-24.75609756097561,16.646341463414636,walking
39400,-1.294677734375,-0.2958984375,1.150634765625,42.743902439024396,-29.08536585365854,-9.02439024390244,walking
39410,-1.233642578125,-0.320556640625,1.065673828125,33.53658536585366,-31.219512195121954,-30.30487804878049,walking
39420,-1.1357421875,-0.337158203125,0.9619140625,25.0609756097561,-30.792682926829272,-43.963414634146346,walking
39430,-1.029052734375,-0.32958984375,0.85595703125,16.34146341463415,-28.475609756097562,-54.146341463414636,walking
39451,-0.91552734375,-0.29052734375,0.760498046875,8.048780487804878,-24.695121951219516,-65.73170731707317,walking
39461,-0.8017578125,-0.214111328125,0.693359375,0.6707317073170732,-19.390243902439025,-81.82926829268294,walking
39471,-0.720458984375,-0.07666015625,0.6591796875,-4.817073170731708,-13.902439024390246,-103.17073170731709,walking
39481,-0.677001953125,0.112060546875,0.654296875,-7.743902439024391,-8.475609756097562,-123.47560975609757,walking
39491,-0.634033203125,0.306640625,0.671630859375,-7.743902439024391,-1.402439024390244,-134.32926829268294,walking
39501,-0.579345703125,0.4638671875,0.712890625,-4.878048780487806,6.829268292682928,-132.6219512195122,walking
39511,-0.535400390625,0.587158203125,0.760009765625,-0.426829268292683,11.890243902439025,-119.02439024390245,walking
39521,-0.49072265625,0.651611328125,0.783935546875,2.682926829268293,11.402439024390246,-93.78048780487806,walking
39531,-0.442138671875,0.65185546875,0.784423828125,2.987804878048781,7.621951219512196,-62.743902439024396,walking
39541,-0.419189453125,0.60595703125,0.773193359375,1.0975609756097562,1.0365853658536586,-32.25609756097561,walking
39551,-0.4296875,0.52001953125,0.74951171875,-1.8902439024390245,-7.987804878048781,-4.573170731707317,walking
39561,-0.45556640625,0.39501953125,0.708984375,-5.2439024390243905,-17.25609756097561,17.378048780487806,walking
39571,-0.461669921875,0.2490234375,0.654541015625,-8.353658536585366,-25.182926829268293,29.39024390243903,walking
39581,-0.453125,0.1181640625,0.593994140625,-10.487804878048781,-31.09756097560976,30.243902439024392,walking
39591,-0.43994140625,0.013916015625,0.5322265625,-11.829268292682928,-35.0609756097561,23.658536585365855,walking
39601,-0.427001953125,-0.06884765625,0.476318359375,-12.439024390243903,-36.646341463414636,14.329268292682928,walking
39611,-0.414794921875,-0.12890625,0.428466796875,-12.073170731707318,-35.487804878048784,6.097560975609756,walking
39621,-0.417236328125,-0.173583984375,0.39697265625,-10.365853658536587,-31.52439024390244,-0.9756097560975611,walking
39631,-0.424072265625,-0.20556640625,0.38671875,-6.402439024390245,-24.634146341463417,-7.926829268292684,walking
39641,-0.442138671875,-0.22412109375,0.40185546875,0.06097560975609757,-14.695121951219514,-17.5609756097561,walking
39651,-0.46044921875,-0.225341796875,0.438232421875,10.365853658536587,-1.7682926829268295,-31.52439024390244,walking
39661,-0.490234375,-0.204833984375,0.484375,24.634146341463417,14.146341463414636,-50.487804878048784,walking
39671,-0.548828125,-0.1376953125,0.556640625,39.451219512195124,31.76829268292683,-71.82926829268294,walking
39681,-0.57373046875,-0.070556640625,0.673095703125,52.804878048780495,46.58536585365854,-87.5609756097561,walking
39691,-0.576904296875,-0.0107421875,0.81591796875,63.41463414634147,54.085365853658544,-95.73170731707317,walking
39701,-0.58251953125,0.048828125,0.943359375,69.81707317073172,51.524390243902445,-96.40243902439025,walking
39711,-0.58544921875,0.086669921875,1.01123046875,71.95121951219512,40.91463414634147,-89.20731707317074,walking
39721,-0.587646484375,0.087158203125,1.032470703125,70.91463414634147,28.231707317073173,-78.17073170731707,walking
39731,-0.59912109375,0.076416015625,1.03271484375,68.17073170731707,18.658536585365855,-68.78048780487805,walking
39741,-0.611572265625,0.0693359375,1.034423828125,65,13.29268292682927,-63.71951219512196,walking
39751,-0.617431640625,0.075439453125,1.04248046875,61.463414634146346,10.426829268292684,-62.50000000000001,walking
39761,-0.6103515625,0.092529296875,1.053955078125,57.31707317073171,7.926829268292684,-62.6829268292683,walking
39771,-0.589111328125,0.106689453125,1.064208984375,52.25609756097561,4.2682926829268295,-62.25609756097562,walking
39781,-0.56640625,0.119140625,1.062744140625,46.21951219512196,-0.5487804878048781,-60.67073170731708,walking
39791,-0.539306640625,0.123779296875,1.049560546875,39.69512195121951,-5.731707317073171,-57.6219512195122,walking
39801,-0.51318359375,0.115966796875,1.026123046875,33.23170731707317,-10.548780487804878,-54.024390243902445,walking
39811,-0.495849609375,0.099609375,0.99267578125,27.439024390243905,-14.817073170731708,-50.79268292682927,walking
39821,-0.483154296875,0.0791015625,0.953857421875,22.865853658536587,-18.29268292682927,-48.78048780487805,walking
39831,-0.46826171875,0.0556640625,0.91748046875,19.878048780487806,-20.731707317073173,-48.35365853658537,walking
39841,-0.45361328125,0.03369140625,0.891845703125,18.597560975609756,-22.25609756097561,-49.87804878048781,walking
39851,-0.437744140625,0.016357421875,0.8798828125,18.719512195121954,-23.475609756097562,-52.6829268292683,walking
39861,-0.42578125,0.004638671875,0.878173828125,19.512195121951223,-24.81707317073171,-55.54878048780488,walking
39871,-0.419677734375,-0.00146484375,0.882568359375,20.365853658536587,-26.158536585365855,-57.6829268292683,walking
39881,-0.422119140625,0.004638671875,0.88671875,20.54878048780488,-27.25609756097561,-58.65853658536586,walking
39891,-0.438720703125,0.025634765625,0.86474609375,19.32926829268293,-26.76829268292683,-57.865853658536594,walking
39901,-0.476806640625,0.052978515625,0.796630859375,16.890243902439025,-21.951219512195124,-55.73170731707317,walking
39911,-0.537109375,0.06787109375,0.703125,14.817073170731708,-11.28048780487805,-49.87804878048781,walking
39921,-0.625244140625,0.05908203125,0.621826171875,13.04878048780488,4.51219512195122,-37.86585365853659,walking
39931,-0.755126953125,0.03564453125,0.571044921875,10.731707317073171,24.26829268292683,-21.707317073170735,walking
39941,-0.908203125,0.009521484375,0.557861328125,7.987804878048781,45.36585365853659,-8.414634146341465,walking
39952,-1.052734375,0.01220703125,0.579345703125,6.097560975609756,64.20731707317074,-6.158536585365854,walking
39962,-1.1552734375,0.076904296875,0.652587890625,5.487804878048781,77.98780487804879,-16.76829268292683,walking
39972,-1.21630859375,0.21044921875,0.763916015625,5.548780487804878,82.6219512195122,-33.109756097560975,walking
39982,-1.253662109375,0.36083984375,0.84033203125,5.060975609756098,75.2439024390244,-44.75609756097561,walking
39992,-1.26513671875,0.47509765625,0.8671875,5.2439024390243905,61.40243902439025,-49.57317073170732,walking
40002,-1.253662109375,0.5361328125,0.86865234375,7.439024390243903,47.13414634146342,-51.585365853658544,walking
40012,-1.23095703125,0.538330078125,0.854736328125,11.341463414634147,33.65853658536586,-52.926829268292686,walking
40022,-1.197998046875,0.487060546875,0.841552734375,16.646341463414636,21.28048780487805,-54.57317073170732,walking
40032,-1.145263671875,0.403076171875,0.857177734375,22.926829268292686,10.914634146341465,-56.463414634146346,walking
40042,-1.088623046875,0.308837890625,0.897705078125,28.719512195121954,2.073170731707317,-57.19512195121952,walking
40052,-1.029296875,0.216064453125,0.943115234375,33.35365853658537,-5.182926829268293,-55.304878048780495,walking
40062,-0.967041015625,0.12158203125,0.97900390625,36.34146341463415,-11.951219512195124,-50.487804878048784,walking
40072,-0.901123046875,0.0302734375,0.992431640625,38.170731707317074,-19.695121951219512,-45.36585365853659,walking
40082,-0.831787109375,-0.03369140625,0.978759765625,40.79268292682927,-28.963414634146343,-43.35365853658537,walking
40092,-0.763427734375,-0.0537109375,0.939453125,45.54878048780488,-38.23170731707317,-44.63414634146342,walking
40102,-0.705322265625,-0.0302734375,0.877197265625,52.43902439024391,-45.54878048780488,-47.37804878048781,walking
40112,-0.657958984375,0.02197265625,0.800537109375,60.060975609756106,-49.451219512195124,-50.00000000000001,walking
40122,-0.6259765625,0.089599609375,0.718505859375,66.89024390243902,-49.81707317073171,-52.13414634146342,walking
40132,-0.599365234375,0.156494140625,0.643310546875,71.52439024390245,-46.768292682926834,-54.268292682926834,walking
40142,-0.571533203125,0.216064453125,0.582275390625,73.78048780487805,-41.40243902439025,-57.13414634146342,walking
40152,-0.543212890625,0.266357421875,0.537353515625,74.08536585365854,-36.09756097560976,-60.85365853658537,walking
40162,-0.51904296875,0.30810546875,0.507568359375,73.10975609756098,-32.86585365853659,-64.32926829268293,walking
40172,-0.494384765625,0.336181640625,0.490478515625,71.21951219512195,-32.5609756097561,-66.64634146341464,walking
40182,-0.468505859375,0.349609375,0.484130859375,69.02439024390245,-34.69512195121951,-66.82926829268293,walking
40192,-0.443359375,0.344970703125,0.491455078125,66.70731707317074,-37.926829268292686,-64.87804878048782,walking
40202,-0.4267578125,0.33056640625,0.518798828125,64.32926829268293,-40.487804878048784,-61.646341463414636,walking
40212,-0.427490234375,0.31005859375,0.5693359375,62.07317073170732,-41.34146341463415,-58.23170731707317,walking
40222,-0.439208984375,0.282958984375,0.63623046875,60.00000000000001,-40.426829268292686,-55.426829268292686,walking
40232,-0.46435546875,0.253662109375,0.71875,58.29268292682927,-38.53658536585366,-54.63414634146342,walking
40242,-0.491455078125,0.222412109375,0.80712890625,56.646341463414636,-36.768292682926834,-55.426829268292686,walking
40252,-0.52197265625,0.19189453125,0.885986328125,53.90243902439025,-38.04878048780488,-56.951219512195124,walking
40262,-0.546630859375,0.15380859375,0.9375,49.32926829268293,-43.90243902439025,-57.6219512195122,walking
40272,-0.564453125,0.112060546875,0.95263671875,44.024390243902445,-53.84146341463415,-58.65853658536586,walking
40282,-0.5634765625,0.099853515625,0.962890625,38.41463414634147,-66.15853658536587,-60.304878048780495,walking
40292,-0.5185546875,0.063232421875,0.913330078125,32.31707317073171,-79.75609756097562,-60.1219512195122,walking
40302,-0.468505859375,0.025390625,0.822998046875,27.5609756097561,-85.42682926829269,-63.963414634146346,walking
40312,-0.435302734375,0.022705078125,0.747314453125,25.182926829268293,-77.7439024390244,-73.90243902439025,walking
40322,-0.41259765625,0.057861328125,0.711669921875,23.963414634146343,-59.87804878048781,-85.48780487804879,walking
40332,-0.382080078125,0.10302734375,0.71484375,22.134146341463417,-39.268292682926834,-93.04878048780489,walking
40342,-0.354248046875,0.146728515625,0.74560546875,19.146341463414636,-22.378048780487806,-94.93902439024392,walking
40352,-0.35009765625,0.180419921875,0.78173828125,15.243902439024392,-13.353658536585368,-92.19512195121952,walking
40362,-0.357421875,0.1953125,0.8017578125,10.975609756097562,-11.402439024390246,-86.21951219512196,walking
40372,-0.365966796875,0.191650390625,0.797607421875,7.25609756097561,-12.80487804878049,-79.57317073170732,walking
40382,-0.373779296875,0.1845703125,0.775634765625,4.939024390243903,-15.060975609756099,-75.1829268292683,walking
40392,-0.370361328125,0.181640625,0.745849609375,4.695121951219512,-16.463414634146343,-73.96341463414635,walking
40402,-0.35546875,0.183837890625,0.719970703125,6.219512195121951,-15.975609756097562,-74.81707317073172,walking
40412,-0.339111328125,0.18994140625,0.7099609375,8.841463414634147,-13.231707317073171,-76.28048780487805,walking
40422,-0.331298828125,0.1962890625,0.722412109375,11.76829268292683,-8.597560975609756,-77.13414634146342,walking
40432,-0.33544921875,0.1982421875,0.74951171875,14.634146341463415,-3.4756097560975614,-76.64634146341464,walking
40442,-0.344970703125,0.198486328125,0.785400390625,16.951219512195124,0.7317073170731708,-74.20731707317074,walking
40453,-0.3681640625,0.176513671875,0.822509765625,18.597560975609756,3.9024390243902443,-70.85365853658537,walking
40463,-0.40966796875,0.1552734375,0.860107421875,20.0609756097561,6.158536585365854,-71.09756097560977,walking
40473,-0.447509765625,0.150634765625,0.903564453125,21.402439024390247,7.073170731707318,-76.21951219512196,walking
40483,-0.46875,0.169189453125,0.95556640625,22.621951219512198,6.097560975609756,-83.71951219512196,walking
40493,-0.4716796875,0.20703125,1.006591796875,23.170731707317074,3.1707317073170733,-90.1219512195122,walking
40503,-0.4619140625,0.257568359375,1.046142578125,22.98780487804878,-0.9146341463414634,-92.92682926829269,walking
40513,-0.443115234375,0.302490234375,1.069091796875,22.621951219512198,-5.3048780487804885,-91.28048780487806,walking
40523,-0.42578125,0.335693359375,1.07373046875,22.012195121951223,-8.719512195121952,-86.82926829268294,walking
40533,-0.4130859375,0.36474609375,1.064453125,21.52439024390244,-10.914634146341465,-82.07317073170732,walking
40543,-0.39111328125,0.38916015625,1.044189453125,21.03658536585366,-12.74390243902439,-78.17073170731707,walking
40553,-0.364501953125,0.40869140625,1.01220703125,20.48780487804878,-14.51219512195122,-75,walking
40563,-0.334228515625,0.427001953125,0.97119140625,19.75609756097561,-15.975609756097562,-72.37804878048782,walking
40573,-0.2978515625,0.438232421875,0.928466796875,18.597560975609756,-16.890243902439025,-69.39024390243902,walking
40583,-0.27001953125,0.44677734375,0.880859375,17.134146341463417,-17.621951219512198,-66.03658536585367,walking
40593,-0.27197265625,0.43603515625,0.79736328125,15.853658536585368,-17.31707317073171,-58.71951219512196,walking
40603,-0.322509765625,0.41015625,0.669189453125,15.426829268292684,-14.329268292682928,-41.21951219512196,walking
40613,-0.5947265625,0.455322265625,0.50146484375,11.158536585365855,-8.292682926829269,-16.402439024390244,walking
40623,-0.8056640625,0.437744140625,0.3798828125,-1.524390243902439,-5.182926829268293,9.695121951219512,walking
40633,-0.9091796875,0.4365234375,0.341552734375,-13.231707317073171,1.2195121951219514,24.32926829268293,walking
40643,-1.005126953125,0.47412109375,0.391845703125,-15.426829268292684,22.621951219512198,17.865853658536587,walking
40653,-1.089599609375,0.5185546875,0.49609375,-2.439024390243903,65.85365853658537,3.7195121951219514,walking
40663,-1.214599609375,0.54638671875,0.655517578125,20.426829268292686,122.7439024390244,-0.12195121951219513,walking
40673,-1.254638671875,0.460205078125,0.994140625,42.6219512195122,167.37804878048783,17.865853658536587,walking
40683,-1.381103515625,0.37060546875,1.25537109375,53.59756097560976,166.58536585365854,49.451219512195124,walking
40693,-1.556640625,0.20263671875,1.3095703125,49.75609756097561,127.62195121951221,90.2439024390244,walking
40703,-1.741943359375,-0.075439453125,1.266845703125,39.32926829268293,80,121.76829268292684,walking
40713,-1.836181640625,-0.361572265625,1.17724609375,29.81707317073171,43.53658536585366,123.04878048780489,walking
40723,-1.8095703125,-0.520263671875,1.09765625,23.29268292682927,23.902439024390247,88.71951219512196,walking
40733,-1.670654296875,-0.546142578125,1.04638671875,19.939024390243905,16.402439024390244,38.23170731707317,walking
40743,-1.463623046875,-0.4970703125,0.998779296875,17.134146341463417,11.951219512195124,-6.341463414634147,walking
40753,-1.2412109375,-0.408203125,0.927490234375,11.951219512195124,6.585365853658537,-35.0609756097561,walking
40763,-1.03662109375,-0.3076171875,0.83740234375,3.1707317073170733,1.5853658536585367,-47.926829268292686,walking
40773,-0.865478515625,-0.20849609375,0.75146484375,-7.743902439024391,-1.707317073170732,-51.524390243902445,walking
40783,-0.74609375,-0.103515625,0.68603515625,-18.597560975609756,-4.329268292682928,-53.23170731707317,walking
40793,-0.688232421875,0.025390625,0.631103515625,-25.853658536585368,-6.7682926829268295,-56.40243902439025,walking
40803,-0.646484375,0.14404296875,0.59130859375,-26.402439024390247,-5.975609756097562,-58.47560975609757,walking
40813,-0.613525390625,0.243408203125,0.5673828125,-20.243902439024392,0.6097560975609757,-57.6219512195122,walking
40823,-0.603515625,0.33251953125,0.55419921875,-11.219512195121952,12.439024390243903,-51.03658536585366,walking
40833,-0.614501953125,0.3955078125,0.55517578125,-3.1707317073170733,26.09756097560976,-35.85365853658537,walking
40843,-0.64892578125,0.413818359375,0.57080078125,2.073170731707317,37.25609756097561,-12.500000000000002,walking
40853,-0.701171875,0.377197265625,0.591796875,4.390243902439025,42.743902439024396,14.573170731707318,walking
40863,-0.747314453125,0.291259765625,0.609375,4.695121951219512,41.58536585365854,37.743902439024396,walking
40873,-0.765625,0.18017578125,0.621826171875,4.2682926829268295,34.57317073170732,49.146341463414636,walking
40883,-0.75341796875,0.082275390625,0.623779296875,3.780487804878049,23.78048780487805,45.1829268292683,walking
40893,-0.722412109375,0.0166015625,0.615478515625,3.353658536585366,12.378048780487806,29.573170731707318,walking
40903,-0.6806640625,-0.017578125,0.60498046875,2.804878048780488,2.8658536585365857,9.817073170731708,walking
40913,-0.635498046875,-0.03125,0.5966796875,2.073170731707317,-3.9024390243902443,-7.073170731707318,walking
40923,-0.597900390625,-0.0361328125,0.58935546875,0.6707317073170732,-7.8048780487804885,-17.31707317073171,walking
40933,-0.576171875,-0.039306640625,0.580322265625,-1.402439024390244,-8.536585365853659,-19.634146341463417,walking
40943,-0.575439453125,-0.046875,0.57470703125,-4.146341463414634,-6.036585365853659,-15.670731707317074,walking