// ============================================================
// AUTO-GENERATED model data  --  v27
// TFLite INT8 size : 24128 bytes
// ------------------------------------------------------------
// Input  : shape=[np.int32(1), np.int32(200), np.int32(6)] dtype=int8 quant(scale=0.0078431377, zero_point=-1)
// Output : shape=[np.int32(1), np.int32(5)] dtype=int8 quant(scale=0.00390625, zero_point=-128)
// INT8<->real:  q = round(real/scale)+zero_point ; real = (q-zero_point)*scale
// ------------------------------------------------------------
// OPS cua mang (7) -- dang ky DUNG nhung op nay:
//   - CONV_2D
//   - DEPTHWISE_CONV_2D
//   - FULLY_CONNECTED
//   - MAX_POOL_2D
//   - MEAN
//   - RESHAPE
//   - SOFTMAX
// (Bo qua pseudo-op: DELEGATE)
//
// GOI Y MicroMutableOpResolver (so op = 7):
//   static tflite::MicroMutableOpResolver<7> resolver;
//   resolver.AddConv2D();
//   resolver.AddDepthwiseConv2D();
//   resolver.AddFullyConnected();
//   resolver.AddMaxPool2D();
//   resolver.AddMean();
//   resolver.AddReshape();
//   resolver.AddSoftmax();
// ============================================================
#include "model_data.h"

const unsigned char g_model_data[] alignas(16) = {
  0x20, 0x00, 0x00, 0x00, 0x54, 0x46, 0x4c, 0x33, 0x00, 0x00, 0x00, 0x00,
  0x14, 0x00, 0x20, 0x00, 0x1c, 0x00, 0x18, 0x00, 0x14, 0x00, 0x10, 0x00,
  0x0c, 0x00, 0x00, 0x00, 0x08, 0x00, 0x04, 0x00, 0x14, 0x00, 0x00, 0x00,
  0x1c, 0x00, 0x00, 0x00, 0x8c, 0x00, 0x00, 0x00, 0xe4, 0x00, 0x00, 0x00,
  0x90, 0x21, 0x00, 0x00, 0xa0, 0x21, 0x00, 0x00, 0x64, 0x5d, 0x00, 0x00,
  0x03, 0x00, 0x00, 0x00, 0x01, 0x00, 0x00, 0x00, 0x10, 0x00, 0x00, 0x00,
  0x00, 0x00, 0x0a, 0x00, 0x10, 0x00, 0x0c, 0x00, 0x08, 0x00, 0x04, 0x00,
  0x0a, 0x00, 0x00, 0x00, 0x0c, 0x00, 0x00, 0x00, 0x1c, 0x00, 0x00, 0x00,
  0x38, 0x00, 0x00, 0x00, 0x0f, 0x00, 0x00, 0x00, 0x73, 0x65, 0x72, 0x76,
  0x69, 0x6e, 0x67, 0x5f, 0x64, 0x65, 0x66, 0x61, 0x75, 0x6c, 0x74, 0x00,
  0x01, 0x00, 0x00, 0x00, 0x04, 0x00, 0x00, 0x00, 0x9c, 0xff, 0xff, 0xff,
  0x2c, 0x00, 0x00, 0x00, 0x04, 0x00, 0x00, 0x00, 0x05, 0x00, 0x00, 0x00,
  0x64, 0x65, 0x6e, 0x73, 0x65, 0x00, 0x00, 0x00, 0x01, 0x00, 0x00, 0x00,
  0x04, 0x00, 0x00, 0x00, 0x22, 0xde, 0xff, 0xff, 0x04, 0x00, 0x00, 0x00,
  0x07, 0x00, 0x00, 0x00, 0x69, 0x6e, 0x70, 0x75, 0x74, 0x5f, 0x32, 0x00,
  0x02, 0x00, 0x00, 0x00, 0x34, 0x00, 0x00, 0x00, 0x04, 0x00, 0x00, 0x00,
  0xdc, 0xff, 0xff, 0xff, 0x2f, 0x00, 0x00, 0x00, 0x04, 0x00, 0x00, 0x00,
  0x13, 0x00, 0x00, 0x00, 0x43, 0x4f, 0x4e, 0x56, 0x45, 0x52, 0x53, 0x49,
  0x4f, 0x4e, 0x5f, 0x4d, 0x45, 0x54, 0x41, 0x44, 0x41, 0x54, 0x41, 0x00,
  0x08, 0x00, 0x0c, 0x00, 0x08, 0x00, 0x04, 0x00, 0x08, 0x00, 0x00, 0x00,
  0x2e, 0x00, 0x00, 0x00, 0x04, 0x00, 0x00, 0x00, 0x13, 0x00, 0x00, 0x00,
  0x6d, 0x69, 0x6e, 0x5f, 0x72, 0x75, 0x6e, 0x74, 0x69, 0x6d, 0x65, 0x5f,
  0x76, 0x65, 0x72, 0x73, 0x69, 0x6f, 0x6e, 0x00, 0x30, 0x00, 0x00, 0x00,
  0xa8, 0x20, 0x00, 0x00, 0xa0, 0x20, 0x00, 0x00, 0x80, 0x20, 0x00, 0x00,
  0x60, 0x20, 0x00, 0x00, 0x40, 0x20, 0x00, 0x00, 0x20, 0x20, 0x00, 0x00,
  0x00, 0x20, 0x00, 0x00, 0xe0, 0x1f, 0x00, 0x00, 0xc4, 0x1f, 0x00, 0x00,
  0xb0, 0x1f, 0x00, 0x00, 0x8c, 0x1f, 0x00, 0x00, 0x3c, 0x1e, 0x00, 0x00,
  0x2c, 0x1d, 0x00, 0x00, 0x1c, 0x11, 0x00, 0x00, 0x4c, 0x10, 0x00, 0x00,
  0xac, 0x0f, 0x00, 0x00, 0xdc, 0x0e, 0x00, 0x00, 0xcc, 0x08, 0x00, 0x00,
  0x3c, 0x08, 0x00, 0x00, 0xcc, 0x07, 0x00, 0x00, 0x3c, 0x07, 0x00, 0x00,
  0x2c, 0x04, 0x00, 0x00, 0xbc, 0x03, 0x00, 0x00, 0x64, 0x03, 0x00, 0x00,
  0xf4, 0x02, 0x00, 0x00, 0x34, 0x01, 0x00, 0x00, 0x2c, 0x01, 0x00, 0x00,
  0x24, 0x01, 0x00, 0x00, 0x1c, 0x01, 0x00, 0x00, 0x14, 0x01, 0x00, 0x00,
  0x0c, 0x01, 0x00, 0x00, 0x04, 0x01, 0x00, 0x00, 0xfc, 0x00, 0x00, 0x00,
  0xf4, 0x00, 0x00, 0x00, 0xec, 0x00, 0x00, 0x00, 0xe4, 0x00, 0x00, 0x00,
  0xdc, 0x00, 0x00, 0x00, 0xd4, 0x00, 0x00, 0x00, 0xcc, 0x00, 0x00, 0x00,
  0xc4, 0x00, 0x00, 0x00, 0xbc, 0x00, 0x00, 0x00, 0xb4, 0x00, 0x00, 0x00,
  0xac, 0x00, 0x00, 0x00, 0xa4, 0x00, 0x00, 0x00, 0x9c, 0x00, 0x00, 0x00,
  0x94, 0x00, 0x00, 0x00, 0x74, 0x00, 0x00, 0x00, 0x04, 0x00, 0x00, 0x00,
  0x56, 0xdf, 0xff, 0xff, 0x04, 0x00, 0x00, 0x00, 0x60, 0x00, 0x00, 0x00,
  0x0c, 0x00, 0x00, 0x00, 0x08, 0x00, 0x0e, 0x00, 0x08, 0x00, 0x04, 0x00,
  0x08, 0x00, 0x00, 0x00, 0x10, 0x00, 0x00, 0x00, 0x28, 0x00, 0x00, 0x00,
  0x00, 0x00, 0x06, 0x00, 0x08, 0x00, 0x04, 0x00, 0x06, 0x00, 0x00, 0x00,
  0x04, 0x00, 0x00, 0x00, 0x01, 0x00, 0x00, 0x00, 0xeb, 0x03, 0x00, 0x00,
  0x0c, 0x00, 0x18, 0x00, 0x14, 0x00, 0x10, 0x00, 0x0c, 0x00, 0x04, 0x00,
  0x0c, 0x00, 0x00, 0x00, 0x42, 0xc8, 0x62, 0x43, 0x12, 0x73, 0x17, 0xfe,
  0x02, 0x00, 0x00, 0x00, 0x02, 0x00, 0x00, 0x00, 0x04, 0x00, 0x00, 0x00,
  0x06, 0x00, 0x00, 0x00, 0x32, 0x2e, 0x32, 0x31, 0x2e, 0x30, 0x00, 0x00,
  0xc2, 0xdf, 0xff, 0xff, 0x04, 0x00, 0x00, 0x00, 0x10, 0x00, 0x00, 0x00,
  0x31, 0x2e, 0x31, 0x34, 0x2e, 0x30, 0x00, 0x00, 0x00, 0x00, 0x00, 0x00,
  0x00, 0x00, 0x00, 0x00, 0x88, 0xa5, 0xff, 0xff, 0x8c, 0xa5, 0xff, 0xff,
  0x90, 0xa5, 0xff, 0xff, 0x94, 0xa5, 0xff, 0xff, 0x98, 0xa5, 0xff, 0xff,
  0x9c, 0xa5, 0xff, 0xff, 0xa0, 0xa5, 0xff, 0xff, 0xa4, 0xa5, 0xff, 0xff,
  0xa8, 0xa5, 0xff, 0xff, 0xac, 0xa5, 0xff, 0xff, 0xb0, 0xa5, 0xff, 0xff,
  0xb4, 0xa5, 0xff, 0xff, 0xb8, 0xa5, 0xff, 0xff, 0xbc, 0xa5, 0xff, 0xff,
  0xc0, 0xa5, 0xff, 0xff, 0xc4, 0xa5, 0xff, 0xff, 0xc8, 0xa5, 0xff, 0xff,
  0xcc, 0xa5, 0xff, 0xff, 0xd0, 0xa5, 0xff, 0xff, 0xd4, 0xa5, 0xff, 0xff,
  0x2e, 0xe0, 0xff, 0xff, 0x04, 0x00, 0x00, 0x00, 0xb0, 0x01, 0x00, 0x00,
  0x03, 0xf9, 0x01, 0x7f, 0x12, 0x1a, 0x03, 0xfc, 0xfe, 0x7d, 0x17, 0x0f,
  0xff, 0xf7, 0xf4, 0x7b, 0x12, 0x17, 0xfe, 0x14, 0x1e, 0x7d, 0xe8, 0x24,
  0x10, 0x01, 0xee, 0x7f, 0xeb, 0x05, 0xfb, 0x09, 0xff, 0x6f, 0xdf, 0x0e,
  0x14, 0xfa, 0x0a, 0x73, 0x08, 0xaa, 0xe6, 0x1e, 0xfb, 0x60, 0xfd, 0x84,
  0xf9, 0x2e, 0x21, 0x7f, 0xf4, 0xcc, 0xf9, 0xfc, 0x01, 0x8a, 0x16, 0xdd,
  0x01, 0x07, 0xfa, 0x8d, 0x0d, 0xe8, 0x01, 0xfd, 0x05, 0x81, 0x05, 0xe7,
  0xf6, 0x30, 0x1b, 0x81, 0x22, 0xee, 0x0b, 0xf6, 0x15, 0xd5, 0x3f, 0x09,
  0xe1, 0xf0, 0x0e, 0xdf, 0x2a, 0x0d, 0xf9, 0xde, 0xeb, 0x7f, 0x29, 0x20,
  0xfb, 0xfc, 0x0f, 0x78, 0x05, 0x2f, 0x01, 0xff, 0xf7, 0x55, 0x2e, 0x0a,
  0xed, 0xf8, 0xf5, 0x7f, 0xf2, 0x0d, 0xf3, 0xf3, 0xf7, 0x48, 0xe2, 0x0d,
  0xe5, 0xe9, 0x0c, 0x1a, 0xe5, 0x22, 0x13, 0x12, 0x01, 0x22, 0x85, 0x1f,
  0xf0, 0x04, 0x19, 0x3b, 0xbc, 0x46, 0xf5, 0x67, 0xf0, 0x7f, 0x92, 0x1b,
  0x71, 0x08, 0x15, 0xeb, 0xb9, 0x81, 0xd3, 0xf4, 0x15, 0xcc, 0x1b, 0xd1,
  0x08, 0xf8, 0xd6, 0xc1, 0xbb, 0x2c, 0xe4, 0xd9, 0x7c, 0xbd, 0x30, 0xf0,
  0x44, 0xd6, 0xe9, 0xd0, 0x4e, 0x24, 0x27, 0xd8, 0xa3, 0x81, 0x04, 0x66,
  0x06, 0xf7, 0xfc, 0x8e, 0x02, 0x20, 0xf8, 0xf8, 0xfc, 0x81, 0x07, 0x0b,
  0x01, 0xf8, 0x0e, 0x8f, 0x02, 0x1a, 0x10, 0x4f, 0xd6, 0xb2, 0x8e, 0xb3,
  0x02, 0x1b, 0xe5, 0xd8, 0x22, 0x89, 0xce, 0xde, 0xbe, 0xf3, 0x9e, 0x81,
  0xfb, 0x21, 0x0b, 0x7e, 0xba, 0xf3, 0x13, 0x1e, 0x04, 0x5a, 0xac, 0x23,
  0x09, 0xf3, 0x0a, 0x7f, 0xa5, 0x1a, 0xf2, 0xf8, 0x19, 0x7f, 0xe9, 0xb3,
  0x09, 0x0c, 0x0f, 0x48, 0xdd, 0xc3, 0xfd, 0xf9, 0x08, 0x77, 0xe4, 0xba,
  0x0d, 0xf4, 0xe9, 0x68, 0xee, 0x07, 0x18, 0x0d, 0x06, 0x5a, 0xd1, 0x0a,
  0x08, 0x02, 0xf8, 0x7f, 0xe8, 0x20, 0x08, 0xfc, 0x02, 0x20, 0x7f, 0x2f,
  0x0b, 0xf7, 0xfb, 0x27, 0x78, 0x35, 0x0e, 0x0b, 0x04, 0x2b, 0x77, 0x31,
  0xf6, 0xf8, 0x05, 0x7f, 0x1d, 0x23, 0x03, 0x01, 0x04, 0x7a, 0x23, 0x17,
  0x04, 0xfc, 0x02, 0x75, 0x3b, 0x14, 0x13, 0xf3, 0xdd, 0xd4, 0x85, 0xd5,
  0x2e, 0xf1, 0x18, 0xce, 0x8d, 0xf7, 0x0f, 0xe0, 0x03, 0xd2, 0x81, 0xfd,
  0x10, 0xfa, 0xff, 0x7f, 0x0f, 0xde, 0xf8, 0xf9, 0x05, 0x56, 0xf6, 0xcb,
  0x0a, 0x0f, 0x0c, 0x4d, 0xf7, 0xe5, 0xff, 0x01, 0x10, 0xb1, 0xfc, 0x29,
  0xed, 0xe4, 0xf9, 0x81, 0xef, 0x38, 0x10, 0x1b, 0x07, 0x89, 0xeb, 0x1f,
  0xd8, 0xec, 0xe7, 0xf3, 0x7f, 0x72, 0xd4, 0x2e, 0xff, 0x42, 0x47, 0x3b,
  0xf8, 0x11, 0x17, 0x76, 0x71, 0x63, 0x07, 0x09, 0xf8, 0x23, 0xf7, 0x48,
  0x04, 0x11, 0x19, 0x47, 0x01, 0x4b, 0xf7, 0x37, 0xe5, 0x7f, 0x06, 0x47,
  0xfa, 0x08, 0xfd, 0x9b, 0x23, 0x22, 0x0a, 0x01, 0xf4, 0x85, 0x12, 0x1f,
  0x01, 0xf9, 0xfb, 0x81, 0x0f, 0x16, 0xfb, 0x00, 0x00, 0x7f, 0xee, 0xfa,
  0xfe, 0x02, 0xfe, 0x79, 0x00, 0xf3, 0x00, 0xfb, 0x00, 0x6e, 0x03, 0xf5,
  0xea, 0xe1, 0xff, 0xff, 0x04, 0x00, 0x00, 0x00, 0x60, 0x00, 0x00, 0x00,
  0xe6, 0xfe, 0xff, 0xff, 0xb6, 0x01, 0x00, 0x00, 0xe7, 0x02, 0x00, 0x00,
  0xfc, 0xff, 0xff, 0xff, 0x0c, 0x03, 0x00, 0x00, 0xc4, 0xfd, 0xff, 0xff,
  0x37, 0xfe, 0xff, 0xff, 0x6d, 0x03, 0x00, 0x00, 0x73, 0x00, 0x00, 0x00,
  0xa4, 0xfa, 0xff, 0xff, 0xc1, 0xfe, 0xff, 0xff, 0x4b, 0x02, 0x00, 0x00,
  0x0b, 0x03, 0x00, 0x00, 0x75, 0x00, 0x00, 0x00, 0xf1, 0xff, 0xff, 0xff,
  0xe9, 0xff, 0xff, 0xff, 0xee, 0xff, 0xff, 0xff, 0xce, 0xfd, 0xff, 0xff,
  0xfc, 0xff, 0xff, 0xff, 0xca, 0x00, 0x00, 0x00, 0x46, 0x01, 0x00, 0x00,
  0xe4, 0x04, 0x00, 0x00, 0x16, 0x00, 0x00, 0x00, 0xf0, 0xff, 0xff, 0xff,
  0x56, 0xe2, 0xff, 0xff, 0x04, 0x00, 0x00, 0x00, 0x48, 0x00, 0x00, 0x00,
  0x12, 0x7f, 0x81, 0x9b, 0x7f, 0x81, 0x53, 0x10, 0x67, 0xd1, 0xe1, 0x81,
  0xaf, 0xc6, 0x88, 0x81, 0x81, 0x94, 0xe5, 0xb3, 0x08, 0x2a, 0xcd, 0x7f,
  0x6e, 0xc5, 0x9e, 0x81, 0xc6, 0x26, 0x10, 0x0e, 0x5d, 0xcb, 0xfe, 0xe1,
  0x81, 0x47, 0x15, 0xd9, 0xb4, 0x2e, 0xf9, 0xc0, 0x81, 0x59, 0x1b, 0x22,
  0x7f, 0xc9, 0x16, 0x00, 0xc5, 0x46, 0x81, 0x7f, 0x81, 0x7f, 0x81, 0x0b,
  0x13, 0x7f, 0x81, 0x47, 0xcf, 0x7f, 0x7f, 0x7f, 0xc3, 0x81, 0x7f, 0x2e,
  0xaa, 0xe2, 0xff, 0xff, 0x04, 0x00, 0x00, 0x00, 0x60, 0x00, 0x00, 0x00,
  0x00, 0x00, 0x00, 0x00, 0x00, 0x00, 0x00, 0x00, 0x00, 0x00, 0x00, 0x00,
  0x00, 0x00, 0x00, 0x00, 0x00, 0x00, 0x00, 0x00, 0x00, 0x00, 0x00, 0x00,
  0x00, 0x00, 0x00, 0x00, 0x00, 0x00, 0x00, 0x00, 0x00, 0x00, 0x00, 0x00,
  0x00, 0x00, 0x00, 0x00, 0x00, 0x00, 0x00, 0x00, 0x00, 0x00, 0x00, 0x00,
  0x00, 0x00, 0x00, 0x00, 0x00, 0x00, 0x00, 0x00, 0x00, 0x00, 0x00, 0x00,
  0x00, 0x00, 0x00, 0x00, 0x00, 0x00, 0x00, 0x00, 0x00, 0x00, 0x00, 0x00,
  0x00, 0x00, 0x00, 0x00, 0x00, 0x00, 0x00, 0x00, 0x00, 0x00, 0x00, 0x00,
  0x00, 0x00, 0x00, 0x00, 0x00, 0x00, 0x00, 0x00, 0x00, 0x00, 0x00, 0x00,
  0x16, 0xe3, 0xff, 0xff, 0x04, 0x00, 0x00, 0x00, 0x00, 0x03, 0x00, 0x00,
  0x0b, 0x02, 0x06, 0x31, 0xf2, 0x7f, 0xb5, 0x00, 0xf8, 0x20, 0xf5, 0xe4,
  0x17, 0xf4, 0xfd, 0xe6, 0x02, 0xeb, 0x1c, 0xf8, 0x03, 0xea, 0xf0, 0xe8,
  0xe0, 0x93, 0x42, 0x2d, 0x9f, 0x00, 0xe6, 0xfe, 0x7f, 0xfc, 0x4c, 0x55,
  0xf4, 0x01, 0xaa, 0xd3, 0xd8, 0x48, 0x09, 0xb9, 0x81, 0x9d, 0xad, 0x6c,
  0xce, 0xef, 0xc8, 0xe3, 0x7d, 0xca, 0xed, 0x34, 0xe2, 0xfd, 0x12, 0xa0,
  0xdb, 0xd4, 0xbf, 0xf1, 0x7f, 0x04, 0xf8, 0x48, 0xec, 0xba, 0x11, 0x24,
  0xdb, 0xcf, 0x18, 0xfb, 0xf8, 0xe1, 0xea, 0xbf, 0x42, 0xfc, 0x2b, 0x36,
  0x26, 0xe5, 0x41, 0xfc, 0x38, 0x21, 0xe6, 0x4c, 0x4a, 0x0a, 0x81, 0xfb,
  0x37, 0xd1, 0x7f, 0x2f, 0xe8, 0xf5, 0xfe, 0xcd, 0x0e, 0xda, 0x49, 0xee,
  0x49, 0x27, 0x8b, 0xba, 0xd4, 0x26, 0xe5, 0x3d, 0xf7, 0x37, 0x00, 0x7c,
  0x4d, 0xf2, 0xc0, 0x32, 0xef, 0xcb, 0xf6, 0xe0, 0x14, 0xe2, 0xd0, 0x81,
  0xd3, 0x31, 0x04, 0x06, 0xc8, 0x35, 0xf1, 0xee, 0xf7, 0xf7, 0xf7, 0x10,
  0x5e, 0x3a, 0xaa, 0xd1, 0x5e, 0xab, 0x8c, 0xcf, 0xbd, 0x3c, 0xf1, 0xc8,
  0xcb, 0x1c, 0xdf, 0x43, 0x3b, 0x3d, 0x3f, 0xfc, 0xb1, 0xff, 0x7f, 0x02,
  0xa1, 0x0d, 0x28, 0xff, 0x1b, 0xff, 0xf9, 0x32, 0x00, 0xad, 0x5f, 0x38,
  0x1e, 0xcf, 0x36, 0x4e, 0xf5, 0x0c, 0x05, 0x16, 0x3a, 0x49, 0x2a, 0x81,
  0x15, 0x1a, 0x02, 0x4d, 0x1c, 0xd0, 0x77, 0x81, 0xff, 0xca, 0x30, 0x28,
  0x2a, 0xf0, 0xde, 0xeb, 0xe4, 0x91, 0xe4, 0xc8, 0x14, 0x2e, 0xd2, 0xd1,
  0x61, 0xb4, 0x61, 0x30, 0x7b, 0xf3, 0x08, 0xfa, 0xeb, 0x1f, 0x0c, 0x15,
  0x00, 0xda, 0x03, 0x24, 0xd5, 0xb8, 0x4c, 0x35, 0x14, 0x1e, 0x7f, 0x3f,
  0xc5, 0xb6, 0x35, 0x14, 0x81, 0xce, 0xfb, 0xcf, 0xbf, 0xe8, 0xd4, 0xf9,
  0xfc, 0xf4, 0xd7, 0x49, 0x50, 0x0c, 0xf2, 0x7c, 0xdf, 0xd8, 0xd6, 0xea,
  0xfb, 0xef, 0x98, 0xfc, 0x11, 0xdb, 0x44, 0x67, 0x14, 0xec, 0xba, 0x81,
  0xb0, 0x31, 0x18, 0xa1, 0x06, 0x08, 0xf9, 0x09, 0x53, 0x41, 0xba, 0x64,
  0xfa, 0x39, 0xeb, 0x94, 0x19, 0x08, 0xe0, 0xcb, 0xab, 0x29, 0x81, 0x3d,
  0xfb, 0x18, 0x4a, 0xf0, 0xd2, 0xd9, 0x71, 0x3b, 0xd9, 0x5b, 0x7f, 0x96,
  0xd4, 0xab, 0xd7, 0x6b, 0x38, 0x64, 0xa0, 0x4b, 0xc3, 0x81, 0x3a, 0xb3,
  0x96, 0xe0, 0x07, 0x31, 0xe4, 0xe9, 0xeb, 0xb4, 0xa9, 0x8a, 0x0c, 0xe3,
  0x40, 0x17, 0xf8, 0x30, 0x81, 0xad, 0xf9, 0x24, 0x0d, 0x09, 0xb7, 0xd0,
  0x2c, 0xf9, 0xe5, 0xc7, 0xbb, 0x57, 0xf8, 0x47, 0x23, 0xfe, 0xe6, 0x40,
  0xe8, 0xe1, 0xdf, 0x46, 0x28, 0x19, 0x5f, 0x55, 0x90, 0x45, 0x21, 0xf7,
  0x16, 0x01, 0x0a, 0xc6, 0xf2, 0x7f, 0xc4, 0x27, 0x49, 0x0c, 0xf9, 0x1f,
  0x12, 0x20, 0x15, 0xea, 0x40, 0x25, 0x81, 0xb1, 0x22, 0xe4, 0x35, 0x19,
  0x0c, 0x2d, 0x1e, 0x9b, 0x0c, 0xe8, 0xf6, 0x3e, 0xe8, 0xe6, 0xf2, 0xfa,
  0xbd, 0x43, 0x29, 0x15, 0xf3, 0xf7, 0x11, 0x43, 0xf5, 0xd6, 0xe7, 0x07,
  0x41, 0x8b, 0x0d, 0x7f, 0x43, 0xc6, 0xd2, 0xa8, 0xd1, 0x6d, 0x19, 0xf3,
  0xb5, 0x4b, 0x81, 0xf7, 0xbd, 0xcd, 0x49, 0xdc, 0x46, 0x0d, 0x6c, 0x6d,
  0x50, 0xc2, 0xe2, 0xe8, 0x95, 0xb6, 0xab, 0xba, 0x28, 0x1f, 0x98, 0xd6,
  0xdd, 0xf8, 0xf8, 0xbb, 0x4d, 0x6a, 0xff, 0xd1, 0x22, 0x8a, 0x51, 0xd2,
  0xed, 0xc8, 0xf1, 0x53, 0x0f, 0xaf, 0x83, 0xb4, 0xf9, 0x0a, 0xf6, 0x81,
  0x39, 0xf6, 0xcd, 0x81, 0x36, 0xa3, 0x2e, 0xc8, 0x51, 0x2f, 0x09, 0x05,
  0xe8, 0x4b, 0xc2, 0xe0, 0xc2, 0xb1, 0xea, 0xfa, 0x2a, 0x27, 0xde, 0x2f,
  0xea, 0x0d, 0xce, 0x43, 0x43, 0x0e, 0xe7, 0x14, 0x13, 0xf6, 0x11, 0x6f,
  0x10, 0x7f, 0x18, 0xf7, 0xac, 0x0e, 0x15, 0xd8, 0x34, 0x76, 0x89, 0x1f,
  0xf9, 0x61, 0x1e, 0x55, 0x1f, 0xc2, 0xfa, 0xfc, 0xf6, 0x4d, 0x19, 0x00,
  0xdc, 0xdb, 0x4f, 0x81, 0xf6, 0xa5, 0xc0, 0x00, 0xf4, 0x4c, 0xde, 0x1e,
  0x53, 0x22, 0xcc, 0x2f, 0xd0, 0x17, 0x1b, 0x09, 0x7f, 0xd9, 0xce, 0x00,
  0xdd, 0x3c, 0x14, 0x71, 0x04, 0xef, 0x97, 0x15, 0x25, 0x6b, 0xa3, 0xee,
  0x01, 0xdc, 0xe9, 0x62, 0x5d, 0x22, 0x07, 0x1b, 0xde, 0x37, 0xad, 0x22,
  0x34, 0xdc, 0x23, 0xe6, 0xeb, 0xf9, 0xd1, 0xf5, 0x2e, 0x7f, 0x64, 0xde,
  0x0e, 0x7f, 0x33, 0x21, 0xb7, 0x06, 0x00, 0xba, 0x22, 0x41, 0x2f, 0xce,
  0xeb, 0x4c, 0xfb, 0x38, 0x12, 0xef, 0xcd, 0x33, 0xf9, 0x10, 0xfa, 0x07,
  0x81, 0xc4, 0x09, 0x58, 0xcd, 0xd9, 0x51, 0xc6, 0xd6, 0xba, 0x63, 0xe8,
  0x41, 0x11, 0x52, 0x11, 0x23, 0xe9, 0x34, 0xe7, 0x1d, 0x41, 0xc3, 0x08,
  0xfb, 0x28, 0xef, 0xd7, 0xfc, 0xfb, 0x05, 0xda, 0xb7, 0x96, 0xda, 0x05,
  0x20, 0xa9, 0x13, 0x54, 0x57, 0xff, 0xd7, 0xec, 0xf5, 0xa1, 0x17, 0x81,
  0x9f, 0x00, 0x09, 0xfe, 0x98, 0xb7, 0x5f, 0xeb, 0x0f, 0xb9, 0x61, 0xd3,
  0xea, 0x37, 0x7f, 0x1a, 0x68, 0xa9, 0xc0, 0x18, 0x7b, 0xe8, 0x4b, 0xc0,
  0x2f, 0xf0, 0x3b, 0x23, 0x20, 0xcd, 0xd5, 0xf8, 0x42, 0xaf, 0x25, 0xde,
  0x2c, 0x81, 0x56, 0x35, 0x1f, 0xf4, 0xeb, 0xd5, 0xf0, 0x0f, 0xcd, 0xec,
  0xdd, 0xa9, 0xe1, 0xea, 0xf1, 0xdb, 0xdd, 0x66, 0x05, 0xf6, 0x25, 0xb5,
  0xde, 0x2e, 0xc6, 0x0e, 0xc2, 0xf2, 0x6c, 0x7f, 0xde, 0xef, 0x32, 0x33,
  0xb3, 0xb4, 0xf5, 0x0d, 0x5c, 0x0f, 0x41, 0xc0, 0xf4, 0x4a, 0xd8, 0x6c,
  0x74, 0x44, 0xf3, 0x81, 0xb4, 0x1e, 0x4c, 0xfa, 0xcc, 0x0f, 0xfa, 0x0f,
  0x22, 0xe6, 0xff, 0xff, 0x04, 0x00, 0x00, 0x00, 0x80, 0x00, 0x00, 0x00,
  0x3d, 0x00, 0x00, 0x00, 0xc7, 0xfb, 0xff, 0xff, 0x67, 0x07, 0x00, 0x00,
  0xf4, 0x06, 0x00, 0x00, 0x22, 0xfc, 0xff, 0xff, 0x7e, 0xf6, 0xff, 0xff,
  0x65, 0xfa, 0xff, 0xff, 0x7f, 0x09, 0x00, 0x00, 0xc4, 0x03, 0x00, 0x00,
  0xdc, 0xfc, 0xff, 0xff, 0xa1, 0x05, 0x00, 0x00, 0xfc, 0xf7, 0xff, 0xff,
  0x6a, 0xfe, 0xff, 0xff, 0x00, 0x00, 0x00, 0x00, 0xaa, 0xfa, 0xff, 0xff,
  0x54, 0xff, 0xff, 0xff, 0x08, 0x01, 0x00, 0x00, 0x0a, 0x06, 0x00, 0x00,
  0x24, 0x03, 0x00, 0x00, 0xff, 0x06, 0x00, 0x00, 0x45, 0xfb, 0xff, 0xff,
  0x35, 0x00, 0x00, 0x00, 0xf2, 0x00, 0x00, 0x00, 0xd8, 0xfd, 0xff, 0xff,
  0xb7, 0x00, 0x00, 0x00, 0xe8, 0xff, 0xff, 0xff, 0x5b, 0x0e, 0x00, 0x00,
  0xee, 0x07, 0x00, 0x00, 0x7f, 0x0f, 0x00, 0x00, 0x2c, 0x05, 0x00, 0x00,
  0x46, 0xf8, 0xff, 0xff, 0xea, 0xfe, 0xff, 0xff, 0xae, 0xe6, 0xff, 0xff,
  0x04, 0x00, 0x00, 0x00, 0x60, 0x00, 0x00, 0x00, 0x68, 0xa7, 0x7f, 0x4f,
  0x89, 0xc1, 0xf3, 0xa2, 0x81, 0xf3, 0x81, 0x7f, 0x67, 0x44, 0xf4, 0x7f,
  0xf8, 0xec, 0x81, 0x81, 0x81, 0x34, 0x13, 0x7f, 0x3d, 0x77, 0x81, 0x1e,
  0xf0, 0xc5, 0xd0, 0xa4, 0xf1, 0xa7, 0xf3, 0x0a, 0x81, 0x63, 0x33, 0x42,
  0x96, 0x16, 0xc0, 0x5e, 0x77, 0xd7, 0x87, 0x76, 0x7f, 0x81, 0xd9, 0xdb,
  0xed, 0x4a, 0x7f, 0x73, 0x1a, 0x3e, 0x7d, 0xc4, 0x00, 0x7f, 0x04, 0x81,
  0x7f, 0x81, 0x9a, 0x7f, 0x3b, 0x7f, 0x7f, 0x7f, 0xa5, 0x81, 0x15, 0x17,
  0x7f, 0x7f, 0x81, 0x4c, 0x58, 0xf8, 0x89, 0x37, 0x47, 0x81, 0x10, 0x2b,
  0x7f, 0x7f, 0xdd, 0x81, 0x7f, 0xd4, 0x81, 0x1d, 0x1a, 0xe7, 0xff, 0xff,
  0x04, 0x00, 0x00, 0x00, 0x80, 0x00, 0x00, 0x00, 0x00, 0x00, 0x00, 0x00,
  0x00, 0x00, 0x00, 0x00, 0x00, 0x00, 0x00, 0x00, 0x00, 0x00, 0x00, 0x00,
  0x00, 0x00, 0x00, 0x00, 0x00, 0x00, 0x00, 0x00, 0x00, 0x00, 0x00, 0x00,
  0x00, 0x00, 0x00, 0x00, 0x00, 0x00, 0x00, 0x00, 0x00, 0x00, 0x00, 0x00,
  0x00, 0x00, 0x00, 0x00, 0x00, 0x00, 0x00, 0x00, 0x00, 0x00, 0x00, 0x00,
  0x00, 0x00, 0x00, 0x00, 0x00, 0x00, 0x00, 0x00, 0x00, 0x00, 0x00, 0x00,
  0x00, 0x00, 0x00, 0x00, 0x00, 0x00, 0x00, 0x00, 0x00, 0x00, 0x00, 0x00,
  0x00, 0x00, 0x00, 0x00, 0x00, 0x00, 0x00, 0x00, 0x00, 0x00, 0x00, 0x00,
  0x00, 0x00, 0x00, 0x00, 0x00, 0x00, 0x00, 0x00, 0x00, 0x00, 0x00, 0x00,
  0x00, 0x00, 0x00, 0x00, 0x00, 0x00, 0x00, 0x00, 0x00, 0x00, 0x00, 0x00,
  0x00, 0x00, 0x00, 0x00, 0x00, 0x00, 0x00, 0x00, 0x00, 0x00, 0x00, 0x00,
  0x00, 0x00, 0x00, 0x00, 0xa6, 0xe7, 0xff, 0xff, 0x04, 0x00, 0x00, 0x00,
  0x00, 0x06, 0x00, 0x00, 0xf3, 0xef, 0x30, 0x13, 0x45, 0xe2, 0x3a, 0x43,
  0xda, 0x46, 0x41, 0xe5, 0xcc, 0x28, 0x4e, 0x2d, 0xc3, 0xef, 0xfd, 0xa3,
  0xde, 0x00, 0x17, 0x22, 0xdf, 0xcd, 0xbc, 0x0d, 0xd3, 0x73, 0x81, 0xcd,
  0x42, 0x37, 0x3e, 0xfd, 0xcd, 0xa4, 0x0d, 0x43, 0x51, 0xde, 0x71, 0xc0,
  0x3b, 0xb4, 0xaf, 0x4c, 0x24, 0xcc, 0x2f, 0x2e, 0x51, 0x4f, 0xd5, 0xe6,
  0xe8, 0x0c, 0x7f, 0xff, 0x27, 0x49, 0xe2, 0xbc, 0x11, 0x45, 0xba, 0xce,
  0x35, 0xce, 0x02, 0xfe, 0xfa, 0xf3, 0xd0, 0x0e, 0xe5, 0xe7, 0xf4, 0x43,
  0xf5, 0xeb, 0x0a, 0x7f, 0x15, 0x34, 0x0d, 0x00, 0x03, 0xcf, 0xf4, 0xda,
  0x20, 0xa4, 0x13, 0xfd, 0xcc, 0x7c, 0x22, 0x17, 0xe9, 0xc9, 0x8b, 0x03,
  0xd0, 0x37, 0x03, 0x1a, 0xd7, 0x07, 0xee, 0x3b, 0xe1, 0x78, 0x10, 0x24,
  0x0d, 0x6c, 0xf4, 0x14, 0xef, 0xd5, 0xd1, 0x6d, 0xd1, 0x81, 0x05, 0xef,
  0xb4, 0x3a, 0xd8, 0x02, 0x26, 0x67, 0x1e, 0x18, 0x4f, 0xe2, 0x1b, 0xba,
  0xdf, 0xb4, 0x47, 0xbc, 0xaf, 0x23, 0x19, 0x7f, 0x4c, 0xaf, 0x09, 0x7a,
  0x06, 0x3a, 0xbb, 0x28, 0xc8, 0x2c, 0xde, 0x38, 0xcb, 0x03, 0xd7, 0xf6,
  0xde, 0xe8, 0x19, 0xb2, 0x6b, 0xf1, 0xd7, 0xa0, 0x2b, 0x10, 0xd9, 0x85,
  0x97, 0x61, 0x19, 0xbe, 0xc4, 0xf4, 0x81, 0x44, 0xf1, 0x2e, 0x27, 0x34,
  0xc3, 0xdb, 0x1c, 0xf8, 0xbd, 0x23, 0x3f, 0x4a, 0xd9, 0x01, 0xd5, 0x28,
  0xd7, 0xe4, 0x4a, 0xed, 0x1e, 0x9a, 0xf5, 0x1a, 0x1c, 0xf2, 0x06, 0x41,
  0xcb, 0xd2, 0x0a, 0x44, 0xc1, 0x04, 0xf4, 0x41, 0x90, 0x4c, 0x7f, 0x13,
  0xe6, 0xd3, 0x16, 0x5e, 0xaf, 0xf5, 0x25, 0x69, 0x44, 0x0e, 0x28, 0x4d,
  0x38, 0x1d, 0xed, 0xdc, 0x41, 0xde, 0xc7, 0xd8, 0x40, 0xf2, 0xed, 0xed,
  0xe8, 0xca, 0x26, 0x81, 0xba, 0x03, 0xb1, 0x84, 0x01, 0xf4, 0x84, 0x9f,
  0x43, 0xd1, 0x03, 0x81, 0xe8, 0xe8, 0xcb, 0x18, 0xe9, 0x49, 0x5d, 0x05,
  0x02, 0xca, 0xba, 0x3d, 0x54, 0x48, 0xf2, 0xfe, 0x42, 0xf7, 0xe3, 0xec,
  0x29, 0x2b, 0x55, 0x05, 0xcd, 0x44, 0x27, 0xda, 0xe8, 0xf8, 0x0a, 0xe1,
  0x01, 0x06, 0xdf, 0x81, 0x25, 0xbf, 0xea, 0xdb, 0xe4, 0xf4, 0x2f, 0x1d,
  0x0f, 0x2d, 0x0f, 0x01, 0x0e, 0x25, 0x68, 0xf1, 0x9c, 0x0d, 0xef, 0xcb,
  0x1d, 0x3c, 0xc3, 0x7f, 0xfb, 0x32, 0xd5, 0xfd, 0xde, 0xe3, 0x26, 0xe9,
  0xe7, 0xb3, 0x2d, 0x11, 0xe1, 0x19, 0x2c, 0x29, 0x12, 0xed, 0xf1, 0xe7,
  0x37, 0xcb, 0xf8, 0x18, 0x08, 0xf9, 0xf3, 0x08, 0x71, 0x1a, 0xf9, 0x0a,
  0x10, 0xcc, 0x12, 0x00, 0x9b, 0x15, 0x27, 0xed, 0xe3, 0xef, 0xe6, 0x11,
  0xf2, 0x81, 0x24, 0xb4, 0x18, 0x6b, 0xef, 0x11, 0xd6, 0xe4, 0x1d, 0xff,
  0x10, 0x34, 0xa3, 0x38, 0xe7, 0xe8, 0x31, 0x19, 0xb9, 0x8a, 0xeb, 0x55,
  0xf2, 0x23, 0x14, 0xae, 0xd0, 0xce, 0xd6, 0x0e, 0xec, 0x17, 0xdf, 0x32,
  0xde, 0x41, 0xe1, 0x40, 0xfb, 0xfa, 0x51, 0x40, 0xe8, 0xfb, 0x7f, 0x07,
  0xf8, 0x3e, 0xf9, 0xae, 0xb9, 0xcb, 0x0d, 0xea, 0x29, 0xc4, 0x0c, 0xcc,
  0x94, 0x35, 0x00, 0xd0, 0xa4, 0xe2, 0xcf, 0x4a, 0x44, 0x33, 0x38, 0x81,
  0x82, 0x4c, 0x06, 0xf2, 0x37, 0xf4, 0xf6, 0xcd, 0xe0, 0x2d, 0x08, 0xf6,
  0xbf, 0x07, 0x48, 0x39, 0x14, 0xce, 0xec, 0x2b, 0x22, 0xfd, 0xc8, 0xda,
  0xdc, 0xef, 0x87, 0xb1, 0x08, 0xf6, 0x18, 0x07, 0xed, 0xfb, 0x16, 0x96,
  0xe3, 0xf6, 0x81, 0xbd, 0x19, 0x41, 0x6b, 0x3d, 0x2e, 0xfa, 0xd5, 0xf6,
  0x25, 0x45, 0x00, 0x3f, 0x1c, 0x10, 0xdd, 0x0c, 0xe4, 0x16, 0x40, 0x32,
  0x20, 0xdd, 0xf5, 0xe0, 0x27, 0x4a, 0x00, 0x7f, 0xd0, 0x4c, 0x63, 0x41,
  0x1e, 0x26, 0x85, 0x06, 0x15, 0x47, 0xb3, 0xfe, 0x7f, 0xbf, 0x3e, 0xe3,
  0xdd, 0x02, 0xe5, 0xd3, 0xc5, 0xad, 0x13, 0x5c, 0x23, 0x0a, 0xc8, 0xea,
  0x5b, 0xc7, 0x19, 0x03, 0xb0, 0x37, 0xbb, 0xbc, 0x1a, 0x4b, 0xc3, 0xae,
  0xfd, 0x81, 0x94, 0xe1, 0x5b, 0xb0, 0x3b, 0x0b, 0xc8, 0xfb, 0xc9, 0xda,
  0xf2, 0x0c, 0x05, 0x61, 0x2d, 0xe3, 0xd9, 0xd8, 0x6d, 0xed, 0xb3, 0x08,
  0xa4, 0xbe, 0xed, 0x13, 0x34, 0x2b, 0x47, 0xf8, 0xe4, 0x07, 0xe0, 0xec,
  0x24, 0x0d, 0xa4, 0xd0, 0xe1, 0x0e, 0x3f, 0x14, 0xff, 0xe2, 0xd0, 0xe3,
  0x29, 0x50, 0x48, 0xe3, 0xf7, 0x74, 0x13, 0x4e, 0xdc, 0xfa, 0x7f, 0x26,
  0x24, 0x06, 0x47, 0x28, 0xf8, 0x03, 0x06, 0x14, 0xc9, 0x36, 0xbf, 0x0b,
  0xa9, 0xd3, 0x7a, 0xfd, 0x50, 0xd5, 0xd7, 0xd7, 0x51, 0x81, 0x22, 0xfa,
  0xde, 0xb8, 0x8d, 0x04, 0x38, 0x05, 0xe6, 0x38, 0xd8, 0x2e, 0x2c, 0xfd,
  0x12, 0x13, 0x09, 0x64, 0xfb, 0xcd, 0x14, 0x38, 0xec, 0x2e, 0x25, 0x8c,
  0xac, 0x53, 0xee, 0x7f, 0x0e, 0x32, 0xe9, 0xe5, 0x78, 0xd4, 0x01, 0xd0,
  0xa4, 0x0f, 0xfe, 0x27, 0x0b, 0x09, 0xd8, 0x23, 0x81, 0x28, 0xe2, 0x0a,
  0xf9, 0x56, 0xef, 0x04, 0xeb, 0x16, 0xef, 0xd5, 0x01, 0x26, 0xaf, 0xc7,
  0x57, 0xcf, 0x07, 0xbe, 0xef, 0xa0, 0xed, 0xde, 0xf0, 0x15, 0xc8, 0x98,
  0x29, 0x11, 0x24, 0xd9, 0xce, 0xd1, 0x13, 0xba, 0xe5, 0x0b, 0xf2, 0x41,
  0xb5, 0xd8, 0xfc, 0x08, 0xe5, 0xba, 0xf1, 0x12, 0xdf, 0x29, 0x7f, 0xfd,
  0x51, 0x36, 0x5a, 0x45, 0xac, 0x2b, 0x30, 0xaa, 0x3b, 0xcf, 0xf8, 0x10,
  0x0c, 0x17, 0x0e, 0x50, 0xec, 0x12, 0x06, 0x93, 0x8c, 0x7f, 0xe6, 0x1c,
  0xf5, 0xe4, 0x2f, 0xdd, 0xf4, 0xf3, 0x27, 0xd5, 0x13, 0x35, 0x07, 0xac,
  0x76, 0x0f, 0xca, 0x39, 0xae, 0xcd, 0x4f, 0x4f, 0xc3, 0xf4, 0x13, 0x5f,
  0xb7, 0x71, 0xfb, 0xf4, 0x03, 0x81, 0x1a, 0x9d, 0xb6, 0x34, 0xff, 0x3b,
  0xf1, 0x0d, 0x0f, 0xd0, 0xe3, 0xb2, 0xd5, 0xc3, 0xee, 0xe7, 0x61, 0xe4,
  0x23, 0xf1, 0x0b, 0xdc, 0xf0, 0xff, 0xdc, 0x16, 0xdf, 0x31, 0x1c, 0xe3,
  0xdd, 0xc3, 0xf5, 0x02, 0x58, 0x4e, 0x24, 0xc1, 0x6b, 0x81, 0x05, 0xed,
  0x1a, 0xd7, 0xb2, 0xd3, 0x3a, 0x1c, 0xd8, 0x2f, 0x54, 0xee, 0x1b, 0x2a,
  0xb6, 0xe2, 0xf5, 0xf6, 0xff, 0x26, 0x81, 0xbf, 0x27, 0xb9, 0xe0, 0x39,
  0x32, 0x02, 0xe8, 0x3c, 0x71, 0xea, 0x4f, 0x15, 0x01, 0x14, 0xc7, 0x21,
  0xec, 0x0d, 0x23, 0xd6, 0x15, 0x04, 0x3a, 0xd2, 0xb6, 0xb3, 0xf4, 0xde,
  0x00, 0xdb, 0xb5, 0x00, 0x44, 0xb1, 0x67, 0xda, 0x31, 0x0b, 0xb2, 0x1b,
  0x8e, 0xae, 0xe5, 0xd7, 0xdc, 0x55, 0xb5, 0xe1, 0xd6, 0xf8, 0xdc, 0x81,
  0x1b, 0x25, 0x21, 0xdd, 0xdd, 0x9b, 0xaf, 0x24, 0x07, 0xca, 0xab, 0xcb,
  0x0e, 0x24, 0xe2, 0x03, 0xe7, 0x18, 0xc2, 0xfd, 0x09, 0xd3, 0xe3, 0xbf,
  0x10, 0x0e, 0x99, 0x7f, 0xc1, 0x26, 0x1f, 0x3e, 0xc2, 0xee, 0x13, 0x27,
  0xe9, 0x39, 0x09, 0x0d, 0xe1, 0x31, 0x09, 0x11, 0xda, 0xc9, 0x7f, 0xcc,
  0xcd, 0xd9, 0x26, 0x11, 0x1a, 0x14, 0xd1, 0x17, 0xe2, 0xc3, 0xe7, 0x1f,
  0xf6, 0xd1, 0x06, 0xe6, 0x21, 0x0c, 0x74, 0x29, 0xbf, 0xea, 0xfd, 0xca,
  0xe9, 0x09, 0x86, 0x02, 0xfd, 0x0a, 0xef, 0x18, 0x18, 0x3b, 0xc8, 0xdf,
  0x66, 0x81, 0x54, 0xd5, 0x05, 0x04, 0xc4, 0x16, 0xe4, 0xc1, 0xe9, 0xeb,
  0x20, 0x0a, 0x0e, 0xb2, 0x6e, 0xea, 0x9e, 0xdb, 0x48, 0x14, 0x0e, 0xe6,
  0x15, 0xf9, 0x17, 0xb7, 0xf3, 0xe3, 0x1d, 0xd7, 0x12, 0xf3, 0xf6, 0xed,
  0xd4, 0xce, 0xdf, 0xce, 0x2b, 0xde, 0xca, 0x7f, 0x0c, 0xf5, 0x81, 0xf0,
  0xe3, 0x0e, 0x35, 0x56, 0x0f, 0x13, 0xf2, 0x01, 0xfa, 0xe5, 0xd5, 0xec,
  0x2c, 0x03, 0x3f, 0xd1, 0x2f, 0xd2, 0xf1, 0xc3, 0xc1, 0xb1, 0x5d, 0x8d,
  0x1f, 0x44, 0xe3, 0xdf, 0xde, 0x1a, 0x00, 0xf7, 0xfd, 0x22, 0xc8, 0x48,
  0xbc, 0xf5, 0x06, 0x06, 0x14, 0xc5, 0xee, 0xfd, 0xce, 0xc4, 0x34, 0xe0,
  0x08, 0x37, 0x17, 0x21, 0xff, 0x1a, 0x7f, 0xde, 0x58, 0xf0, 0x2c, 0xcf,
  0x0f, 0x7f, 0xd3, 0x16, 0x04, 0xd2, 0xcc, 0xde, 0xdd, 0xc8, 0x1e, 0x39,
  0xf7, 0xcc, 0x03, 0x06, 0x27, 0x12, 0xe9, 0xfc, 0xee, 0xd8, 0x17, 0xec,
  0x0b, 0x0a, 0x5f, 0x1e, 0x14, 0x2d, 0x25, 0xe7, 0x1d, 0xfb, 0xf1, 0x81,
  0x65, 0x00, 0x0f, 0xc6, 0x1e, 0x29, 0x2a, 0xed, 0xe5, 0x32, 0x1c, 0xec,
  0xf5, 0x1d, 0xe8, 0x21, 0xf0, 0xe0, 0x03, 0x9a, 0xdd, 0xcb, 0x54, 0x39,
  0x0c, 0xe2, 0x03, 0x1a, 0x16, 0xf0, 0x00, 0xe1, 0x1d, 0x06, 0xf0, 0x00,
  0xdd, 0x1e, 0x17, 0x8c, 0xbb, 0xde, 0x14, 0xf8, 0x07, 0xef, 0x51, 0x12,
  0x21, 0xe6, 0xea, 0xf5, 0x3e, 0x0a, 0xe5, 0x36, 0x01, 0xe9, 0x7f, 0x04,
  0xea, 0xb1, 0xa8, 0x28, 0x1b, 0x0c, 0xc0, 0xf0, 0xf9, 0x58, 0x88, 0xda,
  0x20, 0x36, 0x67, 0xe6, 0x3f, 0xdb, 0xdd, 0x5b, 0xfe, 0x06, 0xf7, 0x12,
  0x1b, 0x81, 0x18, 0xa9, 0x9f, 0x1d, 0xf8, 0xdd, 0xd6, 0xf1, 0x54, 0xe6,
  0x10, 0xef, 0x44, 0x91, 0x0b, 0x1c, 0x30, 0x7f, 0x8b, 0x10, 0x3f, 0xfb,
  0xfc, 0x10, 0xd8, 0xa7, 0x9c, 0xe0, 0xeb, 0x13, 0x2f, 0xd2, 0x18, 0x1e,
  0xf8, 0xec, 0xce, 0xf4, 0xe9, 0xed, 0x08, 0xd8, 0x1e, 0x7f, 0x89, 0xb3,
  0xb0, 0x56, 0x06, 0xd2, 0xc2, 0xd2, 0x54, 0xd8, 0x20, 0xab, 0x45, 0x1d,
  0x03, 0xf9, 0xaf, 0xea, 0x20, 0xf7, 0x23, 0xdc, 0xcf, 0x0e, 0xfa, 0x10,
  0xf9, 0x1c, 0x3a, 0xfa, 0x7f, 0xf9, 0xe4, 0x3b, 0xee, 0x58, 0xd1, 0x24,
  0x09, 0x2e, 0x33, 0x15, 0x4e, 0xd3, 0x45, 0xf0, 0xf1, 0x4d, 0x39, 0x51,
  0xe6, 0xf3, 0xdc, 0xde, 0x4b, 0xb8, 0xf9, 0x10, 0xeb, 0x0e, 0x7f, 0x1b,
  0x01, 0xbf, 0xd1, 0x46, 0x40, 0x5f, 0x0c, 0xce, 0xfd, 0xfe, 0xfa, 0x03,
  0xe0, 0x3d, 0x0d, 0x1e, 0x18, 0xe5, 0x04, 0xf9, 0xbc, 0xfb, 0xf5, 0x15,
  0xf3, 0xff, 0x3b, 0x27, 0xb4, 0x00, 0x81, 0x1f, 0x15, 0x1a, 0xb1, 0x23,
  0x18, 0xda, 0xef, 0x00, 0x0f, 0xd9, 0x2e, 0x8d, 0xd8, 0xfb, 0x16, 0x1c,
  0x2f, 0x13, 0x06, 0x0a, 0x10, 0x06, 0x22, 0xc5, 0xe7, 0xeb, 0x06, 0xe0,
  0x12, 0x0c, 0xf9, 0xfa, 0xbc, 0x09, 0x11, 0xd0, 0x29, 0xd2, 0xbe, 0xe8,
  0x19, 0x07, 0xf0, 0xec, 0x9e, 0xd3, 0x1e, 0x26, 0xcc, 0xfc, 0x81, 0xfd,
  0xd1, 0x2c, 0xe6, 0x2e, 0x33, 0xda, 0x36, 0x6a, 0xd3, 0x1c, 0x26, 0x37,
  0x31, 0x09, 0xb0, 0x1c, 0x0c, 0xd3, 0xf2, 0xc5, 0x07, 0x11, 0xea, 0x1f,
  0x2f, 0x26, 0x54, 0xf1, 0x1c, 0x06, 0x09, 0x1f, 0x4f, 0x34, 0x46, 0x81,
  0x02, 0xf1, 0x42, 0x1c, 0xf0, 0x3b, 0x26, 0x2e, 0xed, 0xf6, 0x29, 0x7f,
  0xfa, 0x35, 0xdf, 0xe3, 0xfd, 0xde, 0xdd, 0x2d, 0x28, 0xef, 0x40, 0x01,
  0xbc, 0x24, 0xfa, 0x34, 0x21, 0x34, 0xd5, 0xcd, 0x3f, 0xfa, 0x51, 0xe9,
  0x28, 0xb5, 0x14, 0xc0, 0x00, 0x10, 0xb3, 0xbb, 0x11, 0x02, 0x0a, 0xec,
  0xf0, 0x9c, 0x3c, 0x1c, 0xee, 0xb6, 0x7f, 0xf5, 0xf8, 0x19, 0x24, 0xfc,
  0xdc, 0xa0, 0x0d, 0xca, 0xca, 0xe9, 0x4d, 0x17, 0x95, 0xe2, 0xee, 0xf0,
  0x28, 0xc4, 0xf8, 0xb4, 0x69, 0xa5, 0xf1, 0x05, 0x2c, 0xd5, 0x3e, 0x09,
  0xba, 0x32, 0x25, 0x37, 0x1b, 0xbd, 0x40, 0xc0, 0xef, 0xbf, 0x4f, 0xcf,
  0x81, 0xe8, 0x30, 0xe9, 0xb2, 0xed, 0xff, 0xff, 0x04, 0x00, 0x00, 0x00,
  0xc0, 0x00, 0x00, 0x00, 0x5c, 0xfc, 0xff, 0xff, 0xe1, 0xff, 0xff, 0xff,
  0xa2, 0x02, 0x00, 0x00, 0x97, 0x0b, 0x00, 0x00, 0xb3, 0x0c, 0x00, 0x00,
  0xbb, 0x07, 0x00, 0x00, 0xe6, 0xff, 0xff, 0xff, 0xe3, 0xf1, 0xff, 0xff,
  0x08, 0x02, 0x00, 0x00, 0xe4, 0x08, 0x00, 0x00, 0x60, 0x04, 0x00, 0x00,
  0x18, 0xfa, 0xff, 0xff, 0x92, 0x02, 0x00, 0x00, 0xa8, 0x06, 0x00, 0x00,
  0x00, 0xf2, 0xff, 0xff, 0x00, 0x05, 0x00, 0x00, 0xae, 0x04, 0x00, 0x00,
  0xb3, 0x07, 0x00, 0x00, 0x20, 0x03, 0x00, 0x00, 0x77, 0x00, 0x00, 0x00,
  0xdd, 0x01, 0x00, 0x00, 0x6b, 0xfa, 0xff, 0xff, 0x12, 0xff, 0xff, 0xff,
  0x68, 0xf8, 0xff, 0xff, 0x21, 0x06, 0x00, 0x00, 0xd7, 0xff, 0xff, 0xff,
  0xd3, 0xf7, 0xff, 0xff, 0xab, 0xfc, 0xff, 0xff, 0x57, 0x02, 0x00, 0x00,
  0x9c, 0x08, 0x00, 0x00, 0xef, 0xf7, 0xff, 0xff, 0xae, 0x08, 0x00, 0x00,
  0x96, 0xfa, 0xff, 0xff, 0xc9, 0xfc, 0xff, 0xff, 0xd1, 0x02, 0x00, 0x00,
  0xad, 0x0e, 0x00, 0x00, 0xd4, 0x13, 0x00, 0x00, 0xd4, 0xfe, 0xff, 0xff,
  0xe9, 0xff, 0xff, 0xff, 0xf5, 0x05, 0x00, 0x00, 0xfe, 0xfa, 0xff, 0xff,
  0x30, 0x07, 0x00, 0x00, 0x1a, 0x05, 0x00, 0x00, 0x28, 0x05, 0x00, 0x00,
  0x4f, 0xfb, 0xff, 0xff, 0x70, 0xf7, 0xff, 0xff, 0xa8, 0x0a, 0x00, 0x00,
  0xe6, 0x0b, 0x00, 0x00, 0x7e, 0xee, 0xff, 0xff, 0x04, 0x00, 0x00, 0x00,
  0x90, 0x00, 0x00, 0x00, 0xf2, 0x81, 0x9d, 0x0f, 0x5e, 0x81, 0x7f, 0x7f,
  0x27, 0x81, 0xc7, 0x7f, 0x89, 0x6a, 0xf2, 0x2e, 0x5e, 0xb6, 0x7f, 0x72,
  0xc4, 0x44, 0x17, 0xaa, 0x7f, 0x7f, 0xe8, 0x28, 0x0c, 0xc2, 0x81, 0x7f,
  0x7f, 0x71, 0xd3, 0x3d, 0x88, 0x81, 0x7f, 0x5a, 0x3e, 0x51, 0x7f, 0x7f,
  0x40, 0x38, 0x34, 0xa3, 0xd9, 0x89, 0xa5, 0xf5, 0x7f, 0xf4, 0x3c, 0xc6,
  0x14, 0x33, 0xa8, 0x79, 0xdc, 0x2c, 0x65, 0x70, 0x3d, 0x81, 0xc9, 0x7f,
  0xf7, 0x7f, 0xc6, 0xe6, 0xd7, 0x3a, 0x89, 0x9e, 0x7f, 0x7f, 0xc3, 0xdb,
  0x3f, 0x7f, 0xa9, 0x2a, 0xf5, 0x90, 0x0c, 0x11, 0xc7, 0x7f, 0x52, 0xde,
  0x7f, 0x1e, 0x47, 0x81, 0x81, 0x8b, 0x81, 0x81, 0xa0, 0x9f, 0x16, 0xb6,
  0x7f, 0x76, 0x7f, 0x43, 0x81, 0x81, 0x81, 0x7f, 0x7f, 0x4c, 0xd1, 0x54,
  0x81, 0x5a, 0x81, 0x7f, 0x93, 0x14, 0x81, 0x81, 0x5a, 0xcb, 0xeb, 0xa0,
  0x62, 0xf6, 0x81, 0x81, 0x7f, 0x75, 0xaf, 0x81, 0x7f, 0x57, 0x63, 0x8a,
  0x53, 0x81, 0x81, 0xda, 0x1a, 0xef, 0xff, 0xff, 0x04, 0x00, 0x00, 0x00,
  0xc0, 0x00, 0x00, 0x00, 0x00, 0x00, 0x00, 0x00, 0x00, 0x00, 0x00, 0x00,
  0x00, 0x00, 0x00, 0x00, 0x00, 0x00, 0x00, 0x00, 0x00, 0x00, 0x00, 0x00,
  0x00, 0x00, 0x00, 0x00, 0x00, 0x00, 0x00, 0x00, 0x00, 0x00, 0x00, 0x00,
  0x00, 0x00, 0x00, 0x00, 0x00, 0x00, 0x00, 0x00, 0x00, 0x00, 0x00, 0x00,
  0x00, 0x00, 0x00, 0x00, 0x00, 0x00, 0x00, 0x00, 0x00, 0x00, 0x00, 0x00,
  0x00, 0x00, 0x00, 0x00, 0x00, 0x00, 0x00, 0x00, 0x00, 0x00, 0x00, 0x00,
  0x00, 0x00, 0x00, 0x00, 0x00, 0x00, 0x00, 0x00, 0x00, 0x00, 0x00, 0x00,
  0x00, 0x00, 0x00, 0x00, 0x00, 0x00, 0x00, 0x00, 0x00, 0x00, 0x00, 0x00,
  0x00, 0x00, 0x00, 0x00, 0x00, 0x00, 0x00, 0x00, 0x00, 0x00, 0x00, 0x00,
  0x00, 0x00, 0x00, 0x00, 0x00, 0x00, 0x00, 0x00, 0x00, 0x00, 0x00, 0x00,
  0x00, 0x00, 0x00, 0x00, 0x00, 0x00, 0x00, 0x00, 0x00, 0x00, 0x00, 0x00,
  0x00, 0x00, 0x00, 0x00, 0x00, 0x00, 0x00, 0x00, 0x00, 0x00, 0x00, 0x00,
  0x00, 0x00, 0x00, 0x00, 0x00, 0x00, 0x00, 0x00, 0x00, 0x00, 0x00, 0x00,
  0x00, 0x00, 0x00, 0x00, 0x00, 0x00, 0x00, 0x00, 0x00, 0x00, 0x00, 0x00,
  0x00, 0x00, 0x00, 0x00, 0x00, 0x00, 0x00, 0x00, 0x00, 0x00, 0x00, 0x00,
  0x00, 0x00, 0x00, 0x00, 0x00, 0x00, 0x00, 0x00, 0x00, 0x00, 0x00, 0x00,
  0x00, 0x00, 0x00, 0x00, 0xe6, 0xef, 0xff, 0xff, 0x04, 0x00, 0x00, 0x00,
  0x00, 0x0c, 0x00, 0x00, 0xf2, 0xe8, 0x01, 0x3c, 0x19, 0xc3, 0xb9, 0x24,
  0x23, 0x17, 0xb3, 0x00, 0x4c, 0xc3, 0x7f, 0xbf, 0x25, 0x17, 0xbf, 0x12,
  0xb9, 0x11, 0x2e, 0x11, 0x63, 0xfb, 0xd5, 0xf1, 0xd1, 0x26, 0x14, 0xde,
  0xe2, 0x2b, 0x36, 0xfb, 0x85, 0x10, 0xde, 0x04, 0xe7, 0xdc, 0x3a, 0xd8,
  0x08, 0xce, 0xef, 0xdc, 0xef, 0xcb, 0x0c, 0x07, 0xfc, 0xf1, 0x14, 0x03,
  0xe4, 0x1e, 0xc2, 0x00, 0x1a, 0xdf, 0x0c, 0xf7, 0x16, 0xd2, 0xe9, 0x2b,
  0x08, 0xef, 0x03, 0xeb, 0xf2, 0xfb, 0x32, 0xea, 0xf8, 0xb8, 0x39, 0x3b,
  0xb6, 0x10, 0xfc, 0xed, 0xc4, 0xfc, 0xe3, 0x7f, 0xf9, 0xe7, 0xdb, 0xe1,
  0xf9, 0x13, 0x5f, 0xff, 0x25, 0x37, 0x6f, 0xfb, 0x17, 0x6a, 0xf8, 0xfc,
  0xbe, 0xfe, 0xff, 0x29, 0x2b, 0xe7, 0x21, 0x81, 0xf0, 0xf4, 0xdd, 0xa4,
  0x14, 0x1b, 0xc7, 0xc8, 0x11, 0x8e, 0xd1, 0xdb, 0xf2, 0x05, 0xd2, 0xc3,
  0x1d, 0xab, 0x5f, 0x1c, 0xd5, 0x39, 0x9f, 0xf3, 0xf5, 0x1f, 0x2a, 0xe8,
  0xb8, 0x0d, 0xfc, 0xdd, 0x19, 0x12, 0x0a, 0x21, 0xb5, 0x6a, 0xd0, 0xee,
  0xae, 0x5e, 0x02, 0xc9, 0x08, 0xe5, 0xdb, 0x01, 0xf4, 0xb4, 0xdc, 0x81,
  0x5b, 0xe2, 0xc7, 0x05, 0x04, 0x16, 0x46, 0x24, 0x48, 0xce, 0x06, 0xf7,
  0x07, 0x0b, 0xc8, 0x11, 0x05, 0x0a, 0xe5, 0x01, 0xdc, 0x81, 0xee, 0xe3,
  0xd9, 0xe8, 0xe0, 0x53, 0xfc, 0xd3, 0xfc, 0x01, 0xc7, 0xea, 0x0a, 0xe5,
  0xe0, 0xdb, 0x20, 0xf9, 0x0a, 0xfa, 0x1b, 0xf2, 0xfe, 0x8a, 0xc1, 0x39,
  0x0c, 0xf3, 0x23, 0x81, 0xf2, 0x0c, 0x5b, 0xb8, 0xff, 0xab, 0x2d, 0x7c,
  0xe0, 0x31, 0xfd, 0x1e, 0x2f, 0x0a, 0x2b, 0xf1, 0xf4, 0x22, 0x01, 0x1d,
  0xec, 0x46, 0x30, 0x09, 0x51, 0xf7, 0x17, 0x2f, 0x17, 0x3e, 0x19, 0x08,
  0x10, 0x43, 0x66, 0xd9, 0xce, 0xe5, 0x05, 0x07, 0xd0, 0x31, 0xf9, 0xd2,
  0xdb, 0x06, 0xdb, 0x07, 0xd7, 0x07, 0xda, 0xf1, 0x09, 0x03, 0x15, 0x11,
  0xcd, 0x28, 0xf4, 0x04, 0xcd, 0xc3, 0x13, 0xaf, 0xef, 0x02, 0x7f, 0xdc,
  0xed, 0x00, 0xd8, 0x27, 0xcb, 0xfe, 0xed, 0xd4, 0x49, 0x11, 0x23, 0xc0,
  0x1e, 0x3a, 0x09, 0xd5, 0x28, 0x15, 0xcd, 0xed, 0xdb, 0xac, 0x24, 0xe1,
  0x4d, 0x13, 0x57, 0xe1, 0xcd, 0x4e, 0x02, 0xce, 0xc3, 0xc2, 0x09, 0x18,
  0x02, 0x28, 0xcd, 0x21, 0xf9, 0xff, 0xa3, 0x18, 0x47, 0xee, 0xff, 0x25,
  0xcb, 0x45, 0xd6, 0x7f, 0x1d, 0xf7, 0xf3, 0x5c, 0x16, 0xbf, 0xf8, 0xfa,
  0x2b, 0xf9, 0xc1, 0xea, 0x44, 0xd4, 0x3e, 0xc9, 0x2f, 0x27, 0xb9, 0x12,
  0xa4, 0xf2, 0x35, 0x02, 0x66, 0x03, 0xcb, 0x21, 0xef, 0x31, 0x05, 0xec,
  0xbc, 0x32, 0x3c, 0xd6, 0x81, 0x01, 0xe5, 0xef, 0xd7, 0xb9, 0x53, 0xd6,
  0xfd, 0xd5, 0xbf, 0xdf, 0xec, 0x0e, 0xf4, 0x4e, 0x48, 0xda, 0xae, 0x29,
  0x45, 0x19, 0xa6, 0x0c, 0x55, 0xc0, 0x57, 0xe8, 0x0a, 0x28, 0x9f, 0xdb,
  0xbc, 0x0e, 0x06, 0xe3, 0x68, 0x0e, 0xd2, 0x01, 0xa8, 0x05, 0x03, 0x08,
  0xe7, 0x3f, 0x2c, 0xee, 0x81, 0xe7, 0xd3, 0x1a, 0xd9, 0xce, 0x2e, 0x16,
  0x00, 0xd8, 0xec, 0x0b, 0x3a, 0xf4, 0x46, 0xd4, 0xe4, 0xef, 0x5a, 0x2a,
  0xa6, 0xfc, 0x0d, 0x39, 0xdd, 0x59, 0xff, 0xf7, 0x03, 0x99, 0x12, 0x07,
  0x10, 0x02, 0x29, 0xa5, 0xa0, 0xbd, 0xe9, 0xf1, 0x36, 0x00, 0x46, 0x45,
  0xd6, 0x07, 0x0a, 0x0f, 0x52, 0xd7, 0x6e, 0xe1, 0xe9, 0x3d, 0xc2, 0x4b,
  0x81, 0x3c, 0xfb, 0x06, 0x1c, 0x03, 0x12, 0x2f, 0x17, 0xfd, 0xec, 0x0c,
  0x1c, 0xf2, 0xee, 0x0d, 0x2d, 0xe0, 0x17, 0x81, 0xf6, 0x26, 0xfa, 0x11,
  0xbd, 0xfd, 0x16, 0xe4, 0x28, 0xcf, 0xda, 0xe6, 0x37, 0xfa, 0x0a, 0xcd,
  0xed, 0xeb, 0x25, 0x01, 0xbe, 0x0b, 0xde, 0xe9, 0xf7, 0xd4, 0x34, 0xd6,
  0x1c, 0xdb, 0xdf, 0xd3, 0x29, 0xec, 0x29, 0xe7, 0x12, 0xf3, 0x08, 0xf4,
  0x12, 0xef, 0x7f, 0x1b, 0xb2, 0xfc, 0x25, 0x0a, 0xf3, 0x3a, 0x36, 0xfc,
  0xd3, 0xf1, 0x0e, 0xe5, 0xe3, 0xf1, 0x07, 0xe6, 0xec, 0x41, 0x05, 0x0f,
  0xd3, 0x03, 0x0e, 0x42, 0x01, 0xd6, 0x0f, 0xe3, 0xc5, 0xe5, 0x2f, 0xf3,
  0xfe, 0xe3, 0x07, 0x05, 0x04, 0xe2, 0x18, 0x35, 0x3e, 0xd7, 0xda, 0x00,
  0x05, 0x3d, 0xc0, 0xf2, 0x3d, 0xe4, 0xe3, 0xc5, 0x2e, 0xe3, 0xcc, 0x14,
  0xe3, 0xf7, 0x61, 0xfe, 0x0b, 0x17, 0xed, 0x00, 0xee, 0xe3, 0xfb, 0xdf,
  0xdb, 0x17, 0x25, 0xcb, 0x81, 0x09, 0xed, 0x4b, 0xfd, 0xf3, 0x00, 0xfa,
  0x1a, 0x25, 0x36, 0xeb, 0x7f, 0x04, 0x13, 0xdf, 0x1b, 0xf7, 0x1b, 0x28,
  0xb5, 0x1a, 0xf9, 0x15, 0xbd, 0x26, 0x34, 0xc2, 0x03, 0xe8, 0xcf, 0x08,
  0x10, 0xd4, 0x4a, 0x9a, 0x53, 0xd6, 0xf4, 0xd0, 0x05, 0xf8, 0x14, 0xed,
  0xc3, 0xfd, 0xf1, 0x62, 0x11, 0x56, 0xe7, 0xf2, 0xea, 0x01, 0x09, 0x29,
  0xe3, 0x2d, 0x02, 0x28, 0xec, 0xd0, 0x07, 0x43, 0x07, 0xf2, 0xfb, 0xfa,
  0xd4, 0x3d, 0x7b, 0xc6, 0xe9, 0xe1, 0x33, 0x04, 0x30, 0xfa, 0xe3, 0x2f,
  0xee, 0xd6, 0xef, 0xf5, 0x3d, 0xdf, 0x33, 0xf5, 0x20, 0x21, 0x1a, 0xf8,
  0xfc, 0x13, 0x03, 0xee, 0xbf, 0xee, 0xee, 0x81, 0xc0, 0xe1, 0x0e, 0x12,
  0xf7, 0x23, 0x08, 0xdb, 0x0a, 0xee, 0x0f, 0xf3, 0xe6, 0xd7, 0xf6, 0x04,
  0xdc, 0xe3, 0x0e, 0xf0, 0xff, 0xdf, 0x1f, 0xf3, 0x13, 0x95, 0xcc, 0x43,
  0x1f, 0xec, 0x27, 0x86, 0xfa, 0x0e, 0x22, 0xde, 0xf4, 0x81, 0x31, 0x48,
  0xe2, 0x32, 0xe0, 0x23, 0x1d, 0x0c, 0x36, 0x43, 0x13, 0x0d, 0xde, 0x1e,
  0xde, 0x41, 0x36, 0xfb, 0x4a, 0xff, 0xea, 0xe1, 0x49, 0x7f, 0xd7, 0xf6,
  0xb6, 0x4a, 0xfd, 0xcc, 0x08, 0x0e, 0xe5, 0x2d, 0xe3, 0xea, 0xfc, 0xe0,
  0x19, 0xca, 0xd7, 0xd6, 0xd8, 0xf2, 0x05, 0x4b, 0xdb, 0xdc, 0xf3, 0x11,
  0xae, 0xc9, 0xa0, 0xd6, 0xcf, 0x23, 0x08, 0xc5, 0xd7, 0x04, 0x47, 0x0b,
  0xf1, 0xf2, 0x1d, 0x75, 0xd7, 0x17, 0xea, 0xc5, 0xec, 0xf0, 0xac, 0xa0,
  0xef, 0xfa, 0x18, 0xf7, 0x1b, 0x77, 0xe5, 0xfc, 0x24, 0xda, 0x06, 0x33,
  0x12, 0x02, 0x0d, 0xef, 0xba, 0x52, 0x07, 0x27, 0xae, 0xcc, 0x04, 0x83,
  0xec, 0x11, 0x01, 0xcb, 0x06, 0x21, 0xf7, 0x5e, 0xc2, 0x4c, 0x07, 0x7f,
  0xef, 0x3b, 0xec, 0x3b, 0xf0, 0x1c, 0xd3, 0xc6, 0x32, 0xf1, 0xc3, 0xb3,
  0xe2, 0x15, 0xd4, 0x27, 0x41, 0x29, 0x09, 0xdb, 0x1e, 0xe0, 0x0b, 0xed,
  0x32, 0x7f, 0xf4, 0xf7, 0xe7, 0x21, 0xd7, 0xda, 0xdf, 0xfd, 0x0f, 0x52,
  0x37, 0xfe, 0xf7, 0x02, 0x19, 0x18, 0xd6, 0xf0, 0xc9, 0x40, 0xe5, 0xfc,
  0x94, 0x39, 0x05, 0x48, 0xd2, 0x21, 0xf0, 0xda, 0x40, 0x12, 0xfa, 0xbe,
  0xfc, 0x2c, 0xc6, 0x08, 0x0e, 0x47, 0x23, 0x39, 0xb2, 0x01, 0xc8, 0xc3,
  0x30, 0x7f, 0xec, 0xec, 0x25, 0x18, 0xd7, 0x0b, 0xad, 0xf3, 0xf8, 0x59,
  0x31, 0x02, 0xfb, 0x11, 0x28, 0x0f, 0xed, 0xbd, 0xcb, 0xd3, 0x29, 0xf9,
  0xb1, 0x06, 0x37, 0x60, 0x73, 0xb8, 0x7f, 0xbe, 0x0d, 0xce, 0x5a, 0xfd,
  0xa6, 0x42, 0x53, 0x6f, 0xac, 0x41, 0x25, 0x03, 0x5e, 0xcc, 0xba, 0x4d,
  0x04, 0xd9, 0xff, 0x0f, 0xcb, 0x9b, 0x49, 0xd4, 0xdf, 0x1d, 0x00, 0x42,
  0xd1, 0x01, 0x42, 0x6c, 0x35, 0xd1, 0x1b, 0xe1, 0xa2, 0xff, 0x22, 0x43,
  0xd5, 0x2a, 0x7b, 0x09, 0xba, 0x40, 0xc6, 0x02, 0x2f, 0xec, 0x0c, 0x1f,
  0x47, 0x1d, 0xb7, 0xf3, 0xe5, 0x10, 0x6b, 0x2e, 0xa7, 0xe2, 0x05, 0xe6,
  0xf6, 0x76, 0xe3, 0x0d, 0x1e, 0xfb, 0xe9, 0x05, 0xa0, 0xf3, 0x11, 0x2f,
  0x1c, 0x0d, 0x02, 0xfe, 0x1c, 0x3c, 0x94, 0x53, 0x17, 0x08, 0x05, 0x30,
  0xb6, 0x50, 0x31, 0x7f, 0x20, 0x07, 0xd7, 0x07, 0xe3, 0x4c, 0xd1, 0x09,
  0x81, 0xda, 0xe6, 0xe5, 0x0a, 0xdc, 0xfb, 0xf9, 0x11, 0xf2, 0xac, 0xe0,
  0x0e, 0xd7, 0xf2, 0x03, 0xe9, 0xe7, 0x0b, 0x22, 0xf4, 0xdc, 0x15, 0xf9,
  0x05, 0xf6, 0xea, 0x05, 0xd3, 0x44, 0xea, 0xce, 0xe8, 0x00, 0xe6, 0xf3,
  0xd7, 0x17, 0xff, 0x3c, 0x16, 0xfe, 0xfb, 0xf1, 0xed, 0x3c, 0xb2, 0x7f,
  0xd2, 0x14, 0xd9, 0xe2, 0x1a, 0x15, 0x06, 0x03, 0xe1, 0x8e, 0xf6, 0xde,
  0x0c, 0xfc, 0xe4, 0xf7, 0x42, 0x34, 0x0a, 0xea, 0xfd, 0x25, 0x0c, 0xe0,
  0xfd, 0x1e, 0xf8, 0x25, 0xe3, 0xcc, 0x05, 0xb4, 0xd5, 0xc1, 0xf5, 0x01,
  0xdb, 0xf5, 0x20, 0x5a, 0x28, 0x06, 0x6f, 0xdf, 0x17, 0x27, 0x46, 0xdc,
  0x0f, 0x26, 0x7f, 0x0b, 0xc0, 0x1b, 0x53, 0xd0, 0xa5, 0x2a, 0x3e, 0xc7,
  0x0d, 0x9b, 0x04, 0xd8, 0xd0, 0xe0, 0xe6, 0x19, 0x28, 0x15, 0xeb, 0xf2,
  0xed, 0xfc, 0x1d, 0x30, 0xe3, 0xa3, 0x01, 0xf9, 0xa9, 0xeb, 0x1c, 0xfc,
  0xd1, 0xdb, 0x1a, 0xf6, 0x36, 0xc9, 0x0d, 0x21, 0xaa, 0xe5, 0xee, 0xe7,
  0x1b, 0x81, 0x30, 0xd7, 0x12, 0x08, 0x12, 0xf4, 0xe5, 0xa5, 0xf6, 0xeb,
  0xd8, 0xe9, 0x1c, 0xcb, 0x92, 0x0d, 0x03, 0x02, 0xd6, 0x7c, 0xf6, 0x0e,
  0xd5, 0x27, 0xf9, 0x0f, 0x25, 0xee, 0x24, 0xa7, 0xe3, 0xec, 0x1a, 0xe6,
  0xfc, 0xc9, 0xeb, 0x21, 0xfb, 0x1b, 0xf4, 0xe7, 0x17, 0x17, 0xfc, 0xdf,
  0x26, 0x06, 0x0e, 0xf6, 0xff, 0x09, 0xe5, 0xe3, 0xdd, 0xf5, 0xfc, 0xfa,
  0xfa, 0x28, 0x21, 0x26, 0x04, 0xff, 0xc9, 0xfc, 0xe6, 0xe0, 0x0c, 0xc1,
  0x03, 0x10, 0xf9, 0xe8, 0xec, 0x7f, 0xc1, 0x68, 0xe4, 0xfe, 0x0f, 0x59,
  0xde, 0x53, 0x07, 0x5a, 0xbb, 0x1a, 0xae, 0xdf, 0x19, 0x20, 0xa6, 0xb1,
  0xb2, 0x30, 0xff, 0xd4, 0x15, 0x19, 0xfc, 0xce, 0x2a, 0x81, 0x1a, 0xda,
  0x75, 0x66, 0xea, 0xee, 0xfb, 0x3c, 0xec, 0xda, 0xf8, 0xff, 0x1f, 0x52,
  0x49, 0x0f, 0xb4, 0x3c, 0x16, 0x1f, 0xdd, 0xe9, 0xd9, 0xed, 0xc0, 0xc8,
  0x85, 0x2c, 0xe5, 0x6f, 0x03, 0xdc, 0xff, 0x12, 0xe2, 0xdc, 0xeb, 0x06,
  0xfe, 0x43, 0x3e, 0xe1, 0x08, 0x14, 0x45, 0x0d, 0x42, 0x38, 0xd6, 0x2d,
  0xf3, 0x0c, 0x07, 0x14, 0x4f, 0x0f, 0x19, 0xf7, 0xf3, 0x64, 0x50, 0x02,
  0xbe, 0x15, 0xdc, 0x27, 0xa9, 0xfa, 0xec, 0x81, 0xbc, 0xfa, 0xe0, 0x11,
  0xfd, 0x24, 0x0f, 0xee, 0x2d, 0xdc, 0x11, 0xeb, 0xf2, 0xe2, 0x0f, 0x12,
  0xe4, 0x23, 0x7f, 0x11, 0xdf, 0x36, 0x40, 0xc8, 0x32, 0xf1, 0xcd, 0x27,
  0xc6, 0xf2, 0x06, 0xe1, 0xfe, 0xf2, 0xf6, 0xf6, 0x02, 0x4c, 0x27, 0x31,
  0xe9, 0x1c, 0xfa, 0x63, 0x2c, 0x16, 0x16, 0xb3, 0xdd, 0x19, 0x09, 0x42,
  0xd7, 0x1c, 0x38, 0xf4, 0x0c, 0x11, 0xf2, 0xda, 0x65, 0x0d, 0xdd, 0x26,
  0x06, 0x12, 0xc5, 0x22, 0xf4, 0x7f, 0x54, 0x30, 0x1e, 0x42, 0x25, 0xe7,
  0xfc, 0x21, 0xd3, 0xe7, 0x30, 0x51, 0x17, 0x27, 0xb0, 0xee, 0x10, 0xea,
  0xfb, 0x12, 0xef, 0xb4, 0xec, 0xd7, 0x12, 0xd5, 0xf5, 0xea, 0x02, 0x24,
  0xc7, 0x16, 0x42, 0x39, 0xd6, 0xe3, 0xb3, 0xc7, 0x12, 0x13, 0xa6, 0xa9,
  0x81, 0xe1, 0xf9, 0xef, 0x14, 0x20, 0x25, 0xcd, 0xec, 0x8b, 0xe1, 0x08,
  0x5b, 0x23, 0x34, 0xe4, 0xaf, 0xf8, 0x05, 0xcd, 0xe2, 0x03, 0x42, 0x20,
  0xe6, 0x59, 0xe5, 0x24, 0xce, 0xeb, 0xb9, 0xb5, 0x1e, 0x0e, 0xd6, 0xf7,
  0x9c, 0xd5, 0xdf, 0x7c, 0xd7, 0x20, 0xea, 0xca, 0xe6, 0x11, 0x96, 0x94,
  0xe7, 0x42, 0xd6, 0xe3, 0xc0, 0x30, 0xe6, 0x09, 0xe2, 0xb4, 0xa9, 0xf1,
  0x71, 0x0a, 0x1f, 0xc3, 0xc7, 0x1b, 0xfb, 0x19, 0xe4, 0xb9, 0x36, 0xdf,
  0xef, 0x58, 0xab, 0x7f, 0xed, 0x0d, 0xc4, 0xb9, 0xfa, 0x96, 0xdb, 0xda,
  0xc7, 0x24, 0xfe, 0x62, 0x15, 0xdf, 0xea, 0x01, 0xec, 0xe4, 0x10, 0x01,
  0xf2, 0xc0, 0x04, 0xea, 0xf0, 0x20, 0xf3, 0x10, 0x10, 0x28, 0xe0, 0x0a,
  0xf9, 0xd6, 0x13, 0xd6, 0x0c, 0x06, 0x25, 0xf0, 0xec, 0x7f, 0x2a, 0x3b,
  0xe8, 0x2d, 0xed, 0x10, 0x22, 0xe3, 0x0f, 0xe2, 0xe7, 0xde, 0x00, 0x06,
  0xf5, 0x15, 0xf9, 0x0c, 0x50, 0x35, 0x7f, 0xd4, 0x04, 0x43, 0x3e, 0xda,
  0x05, 0x19, 0x5b, 0x17, 0xca, 0x2c, 0x49, 0xeb, 0xa9, 0x39, 0xfb, 0xb7,
  0x0b, 0xae, 0xff, 0xcb, 0xc2, 0xdb, 0xe2, 0x07, 0xf3, 0xea, 0xe5, 0x06,
  0xa6, 0xcb, 0x24, 0x2d, 0x88, 0xad, 0xfb, 0xfd, 0x9c, 0xc4, 0x43, 0xd1,
  0x1c, 0xd8, 0x1f, 0xe0, 0x32, 0x7f, 0x53, 0x18, 0xef, 0x6d, 0xfe, 0xf7,
  0xb6, 0x27, 0xbb, 0xf0, 0x35, 0xe7, 0x29, 0xdb, 0xde, 0xec, 0xa6, 0x9a,
  0x02, 0xeb, 0xb6, 0xdd, 0xd8, 0x96, 0xd6, 0x4f, 0x9a, 0xc9, 0xb9, 0xeb,
  0x19, 0xc5, 0x61, 0x55, 0xd9, 0x6c, 0xd6, 0x08, 0x26, 0x17, 0x1a, 0x0c,
  0xc9, 0x35, 0xc3, 0x39, 0xd5, 0xd4, 0x0f, 0x29, 0x23, 0xec, 0x10, 0xfa,
  0x07, 0x55, 0xaa, 0xfc, 0x2e, 0xfb, 0x14, 0xdc, 0x27, 0xca, 0xb5, 0x1f,
  0x08, 0xf5, 0x2f, 0xea, 0xdc, 0x12, 0x25, 0xe6, 0xf6, 0x92, 0x2a, 0x1b,
  0xa0, 0x00, 0x13, 0xe6, 0x99, 0x08, 0xdc, 0x7f, 0xff, 0xf6, 0xe4, 0xec,
  0x16, 0x23, 0x77, 0xf6, 0x00, 0x35, 0x33, 0x3a, 0xd0, 0x2c, 0x12, 0xf9,
  0x11, 0xf7, 0xfa, 0x02, 0x15, 0xf1, 0x1d, 0x81, 0xf9, 0x07, 0xee, 0xd7,
  0xd6, 0xc0, 0xfd, 0xe0, 0x1a, 0xbe, 0xe8, 0xf5, 0x14, 0x05, 0xe7, 0xed,
  0xe9, 0xd2, 0x24, 0x1b, 0xd8, 0x0c, 0xd1, 0xf3, 0xd8, 0xe5, 0x3a, 0xcd,
  0x15, 0xe9, 0x00, 0xf5, 0x07, 0xb6, 0xff, 0xf7, 0xc2, 0x27, 0x19, 0x06,
  0xfd, 0xb9, 0x41, 0xc1, 0x34, 0xdb, 0x22, 0xe1, 0xdc, 0x81, 0x0f, 0xff,
  0x11, 0xbe, 0x15, 0xf4, 0x93, 0xec, 0x25, 0x0a, 0xd4, 0xe7, 0xd6, 0x3f,
  0xf2, 0x20, 0xd8, 0x27, 0xfa, 0x05, 0xe8, 0xfb, 0xe2, 0xa4, 0x18, 0xef,
  0xe9, 0x21, 0x00, 0x38, 0xdf, 0xd6, 0x05, 0xf9, 0xf3, 0xe9, 0x1f, 0x00,
  0xdc, 0x29, 0x22, 0xe9, 0x07, 0xcf, 0x1b, 0x11, 0x09, 0xe6, 0xc8, 0x3a,
  0xe4, 0xf7, 0x12, 0xc8, 0x03, 0x17, 0x30, 0xe1, 0xff, 0xaa, 0x63, 0x24,
  0xc4, 0x40, 0xf5, 0x06, 0xd4, 0x06, 0xe8, 0x7f, 0xd4, 0xec, 0xe8, 0xf7,
  0xfe, 0x24, 0x52, 0xe6, 0x12, 0xbb, 0x34, 0xd6, 0xfa, 0xf1, 0x5e, 0xf1,
  0xd9, 0x24, 0x63, 0x47, 0xc5, 0x2d, 0x3f, 0xde, 0x33, 0x3a, 0xfa, 0x1c,
  0x8b, 0xc9, 0xda, 0xf9, 0xed, 0xcd, 0x3b, 0xef, 0xec, 0x3f, 0x38, 0x20,
  0xd2, 0x1b, 0x28, 0x66, 0x33, 0xe1, 0x21, 0xc0, 0x81, 0xf7, 0x37, 0x44,
  0xb6, 0xf0, 0x66, 0x1d, 0xc7, 0xef, 0xde, 0xa9, 0xba, 0x1b, 0x81, 0xb8,
  0xc4, 0xa2, 0x30, 0xec, 0xc8, 0x46, 0xb1, 0xc6, 0x14, 0xab, 0x00, 0x0f,
  0x29, 0xeb, 0x22, 0xf7, 0xeb, 0xf5, 0xe0, 0xd6, 0xcb, 0xbe, 0x50, 0xac,
  0x0e, 0x3e, 0xce, 0x09, 0xe1, 0x45, 0xef, 0xfa, 0xa3, 0x16, 0xf1, 0xee,
  0xcb, 0xe5, 0xec, 0x53, 0x7e, 0xd7, 0x7f, 0xc3, 0x2a, 0xd1, 0x35, 0xfd,
  0xd7, 0x28, 0x59, 0x51, 0x86, 0x04, 0x3a, 0x20, 0x32, 0xfd, 0x1b, 0x1b,
  0xf8, 0xc1, 0x08, 0xf8, 0xde, 0xd2, 0x03, 0xc1, 0xe9, 0x0f, 0x06, 0x25,
  0xb5, 0x08, 0x3f, 0x48, 0xf8, 0xa9, 0x18, 0xfa, 0xd1, 0xf4, 0xe8, 0x15,
  0xe7, 0x06, 0x38, 0x1c, 0xd8, 0xff, 0xaf, 0xc0, 0xe6, 0x26, 0xbe, 0xaa,
  0x98, 0xec, 0x08, 0xf5, 0x1e, 0x11, 0xf2, 0xb0, 0x3d, 0x85, 0xe3, 0xda,
  0x7e, 0x53, 0x1a, 0xed, 0x0b, 0x30, 0xed, 0xc7, 0xfa, 0x0e, 0x17, 0x50,
  0x39, 0x12, 0xad, 0x27, 0xf8, 0xfd, 0xef, 0xba, 0xc8, 0x06, 0xd5, 0xd4,
  0xa2, 0x13, 0xdf, 0x7f, 0xdc, 0x1d, 0xfb, 0x03, 0x19, 0x5c, 0xda, 0xeb,
  0x81, 0x44, 0x56, 0xa2, 0x0c, 0xef, 0x2a, 0xea, 0x23, 0xf4, 0x01, 0xf6,
  0x04, 0xac, 0xfe, 0xe4, 0x6e, 0xe4, 0xfe, 0x4c, 0x21, 0xd0, 0xea, 0xf2,
  0x00, 0xfa, 0xef, 0xf2, 0xe6, 0x1c, 0xd7, 0xce, 0xd1, 0x09, 0x1c, 0x26,
  0xfa, 0x35, 0x12, 0xcf, 0x3f, 0xd5, 0xfc, 0xf7, 0xb9, 0x5d, 0xd2, 0xfd,
  0xe3, 0xf8, 0x23, 0xe3, 0x16, 0xf4, 0x0c, 0x00, 0xd6, 0xab, 0xe3, 0xb7,
  0x57, 0xb8, 0x0b, 0xd1, 0xfd, 0x10, 0x31, 0x05, 0x22, 0xd0, 0x23, 0x18,
  0x08, 0xf8, 0xb7, 0x24, 0x95, 0xe4, 0x29, 0xf5, 0x95, 0x81, 0x04, 0xdd,
  0xe5, 0xbd, 0xe9, 0x55, 0xfa, 0xf3, 0x02, 0x22, 0x8b, 0x52, 0xf1, 0x1c,
  0xcc, 0x34, 0xf4, 0xb4, 0xe0, 0x10, 0xea, 0xf8, 0xc6, 0x90, 0xc7, 0xb8,
  0x5c, 0xbe, 0xe9, 0xfb, 0xce, 0x16, 0x2a, 0x15, 0x17, 0x16, 0x03, 0xfc,
  0xf7, 0x20, 0xa0, 0x4d, 0xc3, 0xb8, 0xec, 0xf0, 0x03, 0x81, 0x04, 0x27,
  0xfb, 0x26, 0xce, 0x65, 0x6f, 0x33, 0x2e, 0xe7, 0x10, 0x7c, 0xca, 0x03,
  0xba, 0x13, 0xe0, 0x0c, 0x55, 0x2b, 0xf2, 0x31, 0xd0, 0x0b, 0x88, 0x83,
  0x21, 0xa1, 0xf0, 0xd4, 0x0b, 0xce, 0xbc, 0x3d, 0xa3, 0xcf, 0xf9, 0x10,
  0xed, 0x8f, 0x32, 0xea, 0xc3, 0xe9, 0xfd, 0xbd, 0x9e, 0xe4, 0x7f, 0x0e,
  0xe4, 0xe4, 0x24, 0x60, 0x05, 0x45, 0x08, 0xb4, 0x4e, 0x54, 0x81, 0xd4,
  0xdd, 0xda, 0xc8, 0x3a, 0x4b, 0xfe, 0x1a, 0xfe, 0x47, 0xed, 0x82, 0xf1,
  0x02, 0x1e, 0x16, 0xe5, 0xb3, 0xde, 0xdb, 0xfa, 0xb5, 0xd5, 0xcb, 0xcc,
  0x08, 0xa0, 0x0c, 0xeb, 0xd8, 0x2a, 0x9f, 0xdb, 0x05, 0x69, 0xfd, 0x4b,
  0xfb, 0x1d, 0x01, 0x57, 0x38, 0x0d, 0x7d, 0x83, 0xd1, 0xfa, 0x44, 0xfc,
  0xd8, 0x01, 0x72, 0x52, 0x8f, 0x46, 0x41, 0xdd, 0xde, 0xd6, 0x09, 0xf4,
  0xe9, 0xe3, 0xd4, 0xc5, 0xcb, 0x9f, 0x18, 0x18, 0x03, 0x26, 0xe9, 0x20,
  0x07, 0xd2, 0x27, 0x7f, 0x2b, 0xdd, 0x50, 0x05, 0xdb, 0x4d, 0xd5, 0x5b,
  0x8b, 0x33, 0x00, 0xe9, 0x52, 0x07, 0x1c, 0x31, 0x1b, 0x50, 0xb4, 0x2c,
  0x4d, 0xf4, 0xc0, 0xe2, 0x7d, 0xa4, 0x2c, 0xd1, 0x01, 0x23, 0xc0, 0xe8,
  0xa8, 0x31, 0xdd, 0x26, 0x6b, 0xd4, 0xb0, 0xfc, 0xa9, 0x2b, 0xf9, 0xd3,
  0x01, 0x30, 0x5d, 0xce, 0xae, 0xe5, 0x81, 0x1a, 0x07, 0x8f, 0x66, 0x22,
  0x0e, 0xf5, 0x0e, 0x06, 0xf5, 0xee, 0x6b, 0xd4, 0x12, 0xbd, 0x2a, 0x0d,
  0x02, 0xe2, 0x0e, 0x34, 0xc2, 0x4e, 0x4c, 0x4f, 0x1c, 0xd4, 0xe2, 0x1c,
  0x42, 0x20, 0x0f, 0xfb, 0xf0, 0xe9, 0xe3, 0x25, 0xe4, 0xfc, 0x28, 0x37,
  0xef, 0xf0, 0x41, 0xaf, 0x81, 0xeb, 0xd5, 0x1a, 0x03, 0x06, 0xc1, 0x16,
  0xec, 0x2b, 0x51, 0xee, 0xf6, 0xd3, 0xfe, 0x0e, 0xe0, 0xf5, 0x0f, 0xf8,
  0xd6, 0x3a, 0x1f, 0xeb, 0x27, 0xd8, 0x18, 0x04, 0x08, 0xbf, 0xc7, 0x28,
  0xf3, 0xf6, 0x15, 0xd2, 0xfc, 0x0b, 0x29, 0xef, 0x0c, 0x9c, 0x37, 0x48,
  0xc9, 0x35, 0x00, 0xea, 0xc9, 0xf1, 0xf1, 0x7f, 0xdb, 0xf9, 0xe9, 0xfb,
  0xeb, 0x10, 0x4f, 0xfc, 0xf0, 0xe9, 0x09, 0x1f, 0x1a, 0x15, 0x00, 0xf4,
  0xc5, 0x52, 0x7f, 0xa2, 0x0a, 0xef, 0x33, 0xeb, 0x03, 0xf4, 0xea, 0x1f,
  0xeb, 0xe6, 0xe6, 0xfc, 0x3e, 0xdc, 0x28, 0x38, 0x26, 0x09, 0x0d, 0xfe,
  0xfe, 0x26, 0xf3, 0xef, 0xc2, 0xe5, 0xf1, 0x84, 0xba, 0xe6, 0x10, 0x16,
  0xf6, 0x27, 0x0b, 0xc5, 0xbe, 0x35, 0xbb, 0xc4, 0x2a, 0xde, 0xb4, 0xb2,
  0xde, 0x26, 0xd4, 0x34, 0x32, 0x31, 0x48, 0xf1, 0x09, 0xc3, 0x0e, 0xe8,
  0x3c, 0x7f, 0xf7, 0xe9, 0xee, 0x31, 0xc3, 0xab, 0xc8, 0x0e, 0x1a, 0x6d,
  0x3e, 0xeb, 0x04, 0x16, 0x0f, 0x2b, 0xcc, 0xf1, 0xde, 0x56, 0x00, 0x0e,
  0x8b, 0x3b, 0x10, 0x5a, 0x0c, 0x21, 0x2b, 0xcb, 0x34, 0x4d, 0xa5, 0xd4,
  0x00, 0x0c, 0xce, 0x2b, 0xfc, 0x2c, 0xa7, 0xee, 0x1a, 0xea, 0xe1, 0xe4,
  0xf2, 0xec, 0x38, 0x21, 0xea, 0x1e, 0xe9, 0xdb, 0x91, 0xe4, 0xcf, 0xbc,
  0xfb, 0x81, 0x03, 0xd6, 0xe6, 0x24, 0xce, 0xef, 0xf1, 0x54, 0x65, 0x2e,
  0xe9, 0x25, 0x18, 0x63, 0x40, 0xdd, 0xed, 0x0d, 0x97, 0xea, 0xd5, 0xea,
  0xd8, 0xa6, 0x50, 0xb0, 0x0c, 0x95, 0x32, 0x28, 0xa4, 0x8c, 0x20, 0x20,
  0x03, 0xd1, 0xda, 0xcc, 0xa2, 0xfc, 0xf5, 0x0e, 0xfe, 0x81, 0x11, 0x57,
  0xcc, 0x2b, 0xe2, 0xf0, 0xb3, 0xaa, 0x20, 0x71, 0xc3, 0xc7, 0x17, 0xa4,
  0xe1, 0xe0, 0x39, 0x27, 0x5a, 0xd1, 0x12, 0xcb, 0x6b, 0x1e, 0xb9, 0x1c,
  0x8d, 0x30, 0x3c, 0xd6, 0xe0, 0x0e, 0x1a, 0x0d, 0xfb, 0xde, 0xc2, 0x18,
  0x10, 0xf5, 0x06, 0xbd, 0x72, 0x18, 0x39, 0xde, 0xe7, 0xec, 0x37, 0xdc,
  0xd2, 0xfa, 0xd7, 0x22, 0xea, 0x4e, 0xe7, 0x9d, 0xe2, 0x27, 0x17, 0x4b,
  0xee, 0x7f, 0x22, 0x4b, 0x26, 0x2d, 0x42, 0x0c, 0x10, 0x75, 0xf8, 0xe7,
  0xc6, 0x14, 0x10, 0xde, 0x1d, 0x2f, 0x19, 0x04, 0xa5, 0x3a, 0x9b, 0xad,
  0xea, 0xb6, 0xe7, 0xbf, 0xf3, 0xdc, 0xac, 0x65, 0xfd, 0xd9, 0x06, 0xf9,
  0xcc, 0xc6, 0xf2, 0x2a, 0x8f, 0xe7, 0xef, 0xc4, 0xd2, 0xe2, 0x7f, 0xcb,
  0x0f, 0xc0, 0x1d, 0xe7, 0x39, 0xee, 0xfe, 0xe1, 0x30, 0x78, 0x09, 0x48,
  0xef, 0x5e, 0x3a, 0xa0, 0xe1, 0xf4, 0xd9, 0x62, 0xc1, 0xbd, 0x12, 0x00,
  0x9b, 0xf1, 0xed, 0x34, 0xda, 0xff, 0x11, 0xfb, 0xaf, 0x91, 0xc6, 0x2b,
  0xad, 0x4a, 0xaf, 0x19, 0xd3, 0x3c, 0xd0, 0xa2, 0xbd, 0x0d, 0x79, 0xf0,
  0xe4, 0x7f, 0xee, 0x5f, 0x28, 0xff, 0x05, 0x16, 0xb2, 0x54, 0xdf, 0xde,
  0xc2, 0x3e, 0x30, 0xe8, 0x0e, 0xcc, 0xfb, 0x1b, 0xce, 0xb0, 0x1b, 0x8c,
  0x4d, 0xfb, 0x0a, 0x02, 0x03, 0x17, 0x13, 0x0f, 0x42, 0xe6, 0x17, 0xfa,
  0xf5, 0x0b, 0xb7, 0xfe, 0xf7, 0x51, 0x02, 0xed, 0xf9, 0x81, 0xf9, 0xbe,
  0xeb, 0xc5, 0xe8, 0x2c, 0xd5, 0xd4, 0x10, 0x2a, 0x32, 0xd8, 0xd5, 0xeb,
  0xfd, 0x5d, 0xa9, 0x0d, 0x3c, 0xf3, 0xd7, 0xc3, 0x28, 0xd1, 0xc9, 0x18,
  0xf2, 0xed, 0x46, 0x11, 0xe1, 0x19, 0x03, 0xea, 0xe8, 0x92, 0x1c, 0x1a,
  0xc6, 0xf1, 0x2e, 0xee, 0x81, 0xe5, 0xd5, 0x77, 0x00, 0xfc, 0xf5, 0xff,
  0x22, 0x47, 0x54, 0xed, 0xd2, 0x29, 0xea, 0xe1, 0x06, 0x08, 0xbb, 0x46,
  0xb9, 0xd5, 0xf6, 0xd4, 0x15, 0x7f, 0xfb, 0xff, 0x16, 0xaa, 0xf7, 0x14,
  0x0d, 0x1b, 0x25, 0xaa, 0xdf, 0x1e, 0x15, 0xfd, 0xaa, 0x13, 0xe6, 0x9e,
  0xef, 0x46, 0xe7, 0xc0, 0xed, 0x1d, 0xed, 0xeb, 0xf3, 0x29, 0xe8, 0x43,
  0xeb, 0x2b, 0x39, 0x45, 0x16, 0xfd, 0xe1, 0x10, 0xf5, 0x57, 0xc9, 0x0b,
  0x81, 0xe7, 0xf3, 0xd7, 0x05, 0xdf, 0xf9, 0xe5, 0x10, 0xeb, 0xb4, 0xe6,
  0x23, 0xc4, 0xea, 0x02, 0x01, 0xc0, 0x07, 0x3b, 0x01, 0xda, 0x10, 0x04,
  0x02, 0x13, 0xe3, 0xeb, 0xc8, 0x44, 0xea, 0xd1, 0xd1, 0xfd, 0xe5, 0xff,
  0xe0, 0x0e, 0xed, 0x1d, 0xf2, 0xfb, 0xff, 0xff, 0x04, 0x00, 0x00, 0x00,
  0x00, 0x01, 0x00, 0x00, 0xc1, 0xfc, 0xff, 0xff, 0xcb, 0xfe, 0xff, 0xff,
  0x42, 0x13, 0x00, 0x00, 0x10, 0x0a, 0x00, 0x00, 0xd1, 0xfb, 0xff, 0xff,
  0x35, 0xfe, 0xff, 0xff, 0xb1, 0xfc, 0xff, 0xff, 0x71, 0xfd, 0xff, 0xff,
  0x9b, 0x01, 0x00, 0x00, 0x3d, 0xfb, 0xff, 0xff, 0x00, 0x03, 0x00, 0x00,
  0x57, 0xff, 0xff, 0xff, 0x22, 0xfd, 0xff, 0xff, 0x69, 0x08, 0x00, 0x00,
  0x7d, 0xff, 0xff, 0xff, 0x4f, 0xfc, 0xff, 0xff, 0xe6, 0x03, 0x00, 0x00,
  0xb9, 0xf5, 0xff, 0xff, 0x60, 0xf8, 0xff, 0xff, 0x35, 0xfe, 0xff, 0xff,
  0x2c, 0xf9, 0xff, 0xff, 0x08, 0xfd, 0xff, 0xff, 0xb1, 0x09, 0x00, 0x00,
  0xc4, 0x02, 0x00, 0x00, 0x1a, 0x08, 0x00, 0x00, 0x4f, 0x00, 0x00, 0x00,
  0xc2, 0xfe, 0xff, 0xff, 0x08, 0xfd, 0xff, 0xff, 0xbc, 0xfc, 0xff, 0xff,
  0xb6, 0xfa, 0xff, 0xff, 0xc6, 0xfc, 0xff, 0xff, 0xde, 0xfc, 0xff, 0xff,
  0x89, 0x00, 0x00, 0x00, 0x78, 0xff, 0xff, 0xff, 0x3b, 0x0e, 0x00, 0x00,
  0xb7, 0x14, 0x00, 0x00, 0x6b, 0xfd, 0xff, 0xff, 0x94, 0x0c, 0x00, 0x00,
  0x67, 0x04, 0x00, 0x00, 0x9b, 0xfc, 0xff, 0xff, 0x82, 0xfd, 0xff, 0xff,
  0xc0, 0xfc, 0xff, 0xff, 0xf7, 0xfd, 0xff, 0xff, 0xc4, 0xfd, 0xff, 0xff,
  0xbd, 0x06, 0x00, 0x00, 0x99, 0x07, 0x00, 0x00, 0xc9, 0x05, 0x00, 0x00,
  0x11, 0x12, 0x00, 0x00, 0xd8, 0x00, 0x00, 0x00, 0x4f, 0xfd, 0xff, 0xff,
  0x51, 0x07, 0x00, 0x00, 0x2c, 0xfc, 0xff, 0xff, 0x6b, 0xfe, 0xff, 0xff,
  0xcd, 0x01, 0x00, 0x00, 0x6e, 0xf5, 0xff, 0xff, 0x29, 0xff, 0xff, 0xff,
  0xcc, 0x01, 0x00, 0x00, 0xe8, 0x04, 0x00, 0x00, 0xdb, 0x0a, 0x00, 0x00,
  0xf3, 0xfb, 0xff, 0xff, 0x91, 0x06, 0x00, 0x00, 0xd1, 0xfc, 0xff, 0xff,
  0x32, 0xfa, 0xff, 0xff, 0xb3, 0x09, 0x00, 0x00, 0xfe, 0xfc, 0xff, 0xff,
  0x04, 0x00, 0x00, 0x00, 0x40, 0x01, 0x00, 0x00, 0xa5, 0x37, 0xcb, 0x38,
  0x1b, 0x0d, 0xf9, 0x81, 0xd2, 0x98, 0xb0, 0xdd, 0xb2, 0x12, 0x22, 0x23,
  0x13, 0x27, 0xfe, 0xfe, 0x8d, 0xe2, 0x0a, 0x0d, 0xb5, 0x22, 0xe7, 0x08,
  0x2f, 0x14, 0x16, 0x23, 0x1a, 0x11, 0xd4, 0xca, 0x14, 0xdc, 0x02, 0x3d,
  0xd6, 0x2f, 0xc6, 0x09, 0x10, 0x31, 0x27, 0xeb, 0x04, 0x90, 0xd5, 0xbc,
  0x31, 0x0b, 0xf4, 0xf6, 0x1a, 0x21, 0xea, 0x1a, 0x2c, 0xe1, 0x35, 0x1c,
  0xeb, 0xd3, 0xc2, 0x39, 0xb4, 0x42, 0x1c, 0x14, 0x2c, 0xae, 0xa3, 0x28,
  0xcd, 0xae, 0xdb, 0xc5, 0x2a, 0xcb, 0xfd, 0x22, 0xd4, 0x03, 0xb3, 0x2a,
  0x17, 0x3b, 0x27, 0xf1, 0xb8, 0x81, 0x32, 0xd7, 0x1e, 0x18, 0x20, 0xb8,
  0xd0, 0xd4, 0x07, 0xf0, 0x0a, 0xe0, 0x3c, 0xeb, 0xca, 0x3f, 0x2e, 0x38,
  0xe3, 0xb6, 0x25, 0x0d, 0xe8, 0xcc, 0xf1, 0xe3, 0x2a, 0xeb, 0x34, 0x34,
  0x32, 0xe2, 0xdf, 0xc0, 0xf5, 0x96, 0x02, 0x2b, 0xa5, 0x1a, 0xe4, 0xf8,
  0xea, 0xae, 0x0b, 0xe4, 0xcb, 0x1d, 0x1a, 0xb5, 0x18, 0xc7, 0x00, 0x00,
  0xda, 0xe5, 0x0d, 0xb5, 0x05, 0xbe, 0xd9, 0xf9, 0x01, 0xed, 0xe0, 0xc8,
  0xd4, 0xc2, 0x12, 0x19, 0x81, 0x21, 0xc4, 0xaf, 0xec, 0xcb, 0xef, 0xf2,
  0x19, 0xdb, 0xf3, 0x21, 0x19, 0x02, 0x01, 0xd3, 0xa9, 0x0e, 0xf9, 0x19,
  0xd3, 0x22, 0x1e, 0x17, 0xff, 0xb5, 0xcd, 0x22, 0x30, 0x5e, 0xf7, 0x99,
  0x1f, 0x2f, 0xd9, 0x4f, 0x2a, 0x46, 0x19, 0x27, 0x48, 0x0b, 0x2a, 0x28,
  0xf6, 0xb8, 0xf3, 0xf8, 0x7f, 0xdb, 0xd6, 0x98, 0x11, 0x25, 0xd3, 0xe3,
  0x37, 0x49, 0xe3, 0xa6, 0x92, 0x13, 0x09, 0xf3, 0x78, 0x19, 0xe2, 0x5a,
  0x70, 0xd8, 0x44, 0xe7, 0x07, 0xcf, 0xcb, 0xec, 0xdb, 0x42, 0x17, 0x0c,
  0x42, 0x0b, 0xe9, 0xd6, 0x0b, 0x19, 0x04, 0x0a, 0x90, 0x43, 0xcb, 0xf1,
  0x2a, 0xe7, 0xf6, 0xec, 0x1c, 0xc7, 0x32, 0xfc, 0x38, 0x47, 0xfa, 0xc7,
  0x41, 0xc0, 0xbf, 0x33, 0xc3, 0x38, 0x2e, 0x32, 0x87, 0x0d, 0xc4, 0x3a,
  0xc4, 0xe2, 0x3d, 0x1f, 0x81, 0xac, 0x48, 0x5f, 0x42, 0xc1, 0xce, 0x07,
  0x24, 0xfe, 0xbd, 0xd0, 0xae, 0x5e, 0xbc, 0x19, 0xc5, 0xdb, 0xd8, 0xe3,
  0x41, 0x46, 0x36, 0x17, 0xc7, 0xb4, 0x1e, 0x41, 0xd8, 0xf4, 0xd6, 0xc7,
  0xc0, 0x48, 0x51, 0xd2, 0x4a, 0xfe, 0xff, 0xff, 0x04, 0x00, 0x00, 0x00,
  0x14, 0x00, 0x00, 0x00, 0x06, 0xf6, 0xff, 0xff, 0xe3, 0xeb, 0xff, 0xff,
  0x3e, 0x22, 0x00, 0x00, 0x28, 0xec, 0xff, 0xff, 0x5e, 0x02, 0x00, 0x00,
  0x6a, 0xfe, 0xff, 0xff, 0x04, 0x00, 0x00, 0x00, 0x04, 0x00, 0x00, 0x00,
  0x01, 0x00, 0x00, 0x00, 0x7a, 0xfe, 0xff, 0xff, 0x04, 0x00, 0x00, 0x00,
  0x0c, 0x00, 0x00, 0x00, 0x01, 0x00, 0x00, 0x00, 0x0c, 0x00, 0x00, 0x00,
  0x40, 0x00, 0x00, 0x00, 0x92, 0xfe, 0xff, 0xff, 0x04, 0x00, 0x00, 0x00,
  0x10, 0x00, 0x00, 0x00, 0x01, 0x00, 0x00, 0x00, 0x19, 0x00, 0x00, 0x00,
  0x01, 0x00, 0x00, 0x00, 0x40, 0x00, 0x00, 0x00, 0xae, 0xfe, 0xff, 0xff,
  0x04, 0x00, 0x00, 0x00, 0x10, 0x00, 0x00, 0x00, 0x01, 0x00, 0x00, 0x00,
  0x01, 0x00, 0x00, 0x00, 0x19, 0x00, 0x00, 0x00, 0x30, 0x00, 0x00, 0x00,
  0xca, 0xfe, 0xff, 0xff, 0x04, 0x00, 0x00, 0x00, 0x10, 0x00, 0x00, 0x00,
  0x01, 0x00, 0x00, 0x00, 0x32, 0x00, 0x00, 0x00, 0x01, 0x00, 0x00, 0x00,
  0x30, 0x00, 0x00, 0x00, 0xe6, 0xfe, 0xff, 0xff, 0x04, 0x00, 0x00, 0x00,
  0x10, 0x00, 0x00, 0x00, 0x01, 0x00, 0x00, 0x00, 0x01, 0x00, 0x00, 0x00,
  0x32, 0x00, 0x00, 0x00, 0x20, 0x00, 0x00, 0x00, 0x02, 0xff, 0xff, 0xff,
  0x04, 0x00, 0x00, 0x00, 0x10, 0x00, 0x00, 0x00, 0x01, 0x00, 0x00, 0x00,
  0x64, 0x00, 0x00, 0x00, 0x01, 0x00, 0x00, 0x00, 0x20, 0x00, 0x00, 0x00,
  0x1e, 0xff, 0xff, 0xff, 0x04, 0x00, 0x00, 0x00, 0x10, 0x00, 0x00, 0x00,
  0x01, 0x00, 0x00, 0x00, 0x01, 0x00, 0x00, 0x00, 0xc8, 0x00, 0x00, 0x00,
  0x06, 0x00, 0x00, 0x00, 0xe4, 0xc4, 0xff, 0xff, 0xe8, 0xc4, 0xff, 0xff,
  0x0f, 0x00, 0x00, 0x00, 0x4d, 0x4c, 0x49, 0x52, 0x20, 0x43, 0x6f, 0x6e,
  0x76, 0x65, 0x72, 0x74, 0x65, 0x64, 0x2e, 0x00, 0x01, 0x00, 0x00, 0x00,
  0x14, 0x00, 0x00, 0x00, 0x00, 0x00, 0x0e, 0x00, 0x18, 0x00, 0x14, 0x00,
  0x10, 0x00, 0x0c, 0x00, 0x08, 0x00, 0x04, 0x00, 0x0e, 0x00, 0x00, 0x00,
  0x14, 0x00, 0x00, 0x00, 0x1c, 0x00, 0x00, 0x00, 0xd4, 0x04, 0x00, 0x00,
  0xd8, 0x04, 0x00, 0x00, 0xdc, 0x04, 0x00, 0x00, 0x04, 0x00, 0x00, 0x00,
  0x6d, 0x61, 0x69, 0x6e, 0x00, 0x00, 0x00, 0x00, 0x14, 0x00, 0x00, 0x00,
  0x98, 0x04, 0x00, 0x00, 0x3c, 0x04, 0x00, 0x00, 0xdc, 0x03, 0x00, 0x00,
  0x88, 0x03, 0x00, 0x00, 0x64, 0x03, 0x00, 0x00, 0x10, 0x03, 0x00, 0x00,
  0xdc, 0x02, 0x00, 0x00, 0x98, 0x02, 0x00, 0x00, 0x50, 0x02, 0x00, 0x00,
  0x2c, 0x02, 0x00, 0x00, 0xe8, 0x01, 0x00, 0x00, 0xc4, 0x01, 0x00, 0x00,
  0x80, 0x01, 0x00, 0x00, 0x38, 0x01, 0x00, 0x00, 0x14, 0x01, 0x00, 0x00,
  0xd0, 0x00, 0x00, 0x00, 0xac, 0x00, 0x00, 0x00, 0x78, 0x00, 0x00, 0x00,
  0x40, 0x00, 0x00, 0x00, 0x04, 0x00, 0x00, 0x00, 0x3a, 0xfd, 0xff, 0xff,
  0x1c, 0x00, 0x00, 0x00, 0x00, 0x00, 0x00, 0x09, 0x1c, 0x00, 0x00, 0x00,
  0x20, 0x00, 0x00, 0x00, 0x06, 0x00, 0x00, 0x00, 0x00, 0x00, 0x06, 0x00,
  0x08, 0x00, 0x04, 0x00, 0x06, 0x00, 0x00, 0x00, 0x00, 0x00, 0x80, 0x3f,
  0x01, 0x00, 0x00, 0x00, 0x2c, 0x00, 0x00, 0x00, 0x01, 0x00, 0x00, 0x00,
  0x2b, 0x00, 0x00, 0x00, 0x56, 0xfc, 0xff, 0xff, 0x14, 0x00, 0x00, 0x00,
  0x00, 0x00, 0x00, 0x08, 0x10, 0x00, 0x00, 0x00, 0x14, 0x00, 0x00, 0x00,
  0x05, 0x00, 0x00, 0x00, 0xe0, 0xc5, 0xff, 0xff, 0x01, 0x00, 0x00, 0x00,
  0x2b, 0x00, 0x00, 0x00, 0x03, 0x00, 0x00, 0x00, 0x2a, 0x00, 0x00, 0x00,
  0x0a, 0x00, 0x00, 0x00, 0x09, 0x00, 0x00, 0x00, 0x8a, 0xfc, 0xff, 0xff,
  0x14, 0x00, 0x00, 0x00, 0x00, 0x00, 0x00, 0x1b, 0x10, 0x00, 0x00, 0x00,
  0x14, 0x00, 0x00, 0x00, 0x04, 0x00, 0x00, 0x00, 0x14, 0xc6, 0xff, 0xff,
  0x01, 0x00, 0x00, 0x00, 0x2a, 0x00, 0x00, 0x00, 0x02, 0x00, 0x00, 0x00,
  0x29, 0x00, 0x00, 0x00, 0x08, 0x00, 0x00, 0x00, 0x5e, 0xfc, 0xff, 0xff,
  0x08, 0x00, 0x00, 0x00, 0x0c, 0x00, 0x00, 0x00, 0x01, 0x00, 0x00, 0x00,
  0x29, 0x00, 0x00, 0x00, 0x02, 0x00, 0x00, 0x00, 0x28, 0x00, 0x00, 0x00,
  0x07, 0x00, 0x00, 0x00, 0xda, 0xfc, 0xff, 0xff, 0x14, 0x00, 0x00, 0x00,
  0x00, 0x00, 0x00, 0x05, 0x24, 0x00, 0x00, 0x00, 0x28, 0x00, 0x00, 0x00,
  0x03, 0x00, 0x00, 0x00, 0xe6, 0xfd, 0xff, 0xff, 0x02, 0x00, 0x00, 0x00,
  0x01, 0x00, 0x00, 0x00, 0x02, 0x00, 0x00, 0x00, 0x01, 0x00, 0x00, 0x00,
  0x00, 0x00, 0x00, 0x01, 0x01, 0x00, 0x00, 0x00, 0x28, 0x00, 0x00, 0x00,
  0x01, 0x00, 0x00, 0x00, 0x27, 0x00, 0x00, 0x00, 0xbe, 0xfc, 0xff, 0xff,
  0x08, 0x00, 0x00, 0x00, 0x0c, 0x00, 0x00, 0x00, 0x01, 0x00, 0x00, 0x00,
  0x27, 0x00, 0x00, 0x00, 0x02, 0x00, 0x00, 0x00, 0x26, 0x00, 0x00, 0x00,
  0x06, 0x00, 0x00, 0x00, 0x3a, 0xfd, 0xff, 0xff, 0x14, 0x00, 0x00, 0x00,
  0x00, 0x00, 0x00, 0x01, 0x20, 0x00, 0x00, 0x00, 0x24, 0x00, 0x00, 0x00,
  0x01, 0x00, 0x00, 0x00, 0xd8, 0xfd, 0xff, 0xff, 0x00, 0x00, 0x00, 0x03,
  0x01, 0x00, 0x00, 0x00, 0x01, 0x00, 0x00, 0x00, 0x00, 0x00, 0x00, 0x01,
  0x01, 0x00, 0x00, 0x00, 0x26, 0x00, 0x00, 0x00, 0x03, 0x00, 0x00, 0x00,
  0x25, 0x00, 0x00, 0x00, 0x0c, 0x00, 0x00, 0x00, 0x0b, 0x00, 0x00, 0x00,
  0x7e, 0xfd, 0xff, 0xff, 0x14, 0x00, 0x00, 0x00, 0x00, 0x00, 0x00, 0x02,
  0x1c, 0x00, 0x00, 0x00, 0x20, 0x00, 0x00, 0x00, 0x02, 0x00, 0x00, 0x00,
  0xcc, 0xfd, 0xff, 0xff, 0x01, 0x00, 0x00, 0x00, 0x01, 0x00, 0x00, 0x00,
  0x01, 0x00, 0x00, 0x00, 0x01, 0x00, 0x00, 0x00, 0x25, 0x00, 0x00, 0x00,
  0x03, 0x00, 0x00, 0x00, 0x24, 0x00, 0x00, 0x00, 0x0e, 0x00, 0x00, 0x00,
  0x0d, 0x00, 0x00, 0x00, 0x62, 0xfd, 0xff, 0xff, 0x08, 0x00, 0x00, 0x00,
  0x0c, 0x00, 0x00, 0x00, 0x01, 0x00, 0x00, 0x00, 0x24, 0x00, 0x00, 0x00,
  0x02, 0x00, 0x00, 0x00, 0x23, 0x00, 0x00, 0x00, 0x05, 0x00, 0x00, 0x00,
  0xde, 0xfd, 0xff, 0xff, 0x14, 0x00, 0x00, 0x00, 0x00, 0x00, 0x00, 0x05,
  0x24, 0x00, 0x00, 0x00, 0x28, 0x00, 0x00, 0x00, 0x03, 0x00, 0x00, 0x00,
  0xea, 0xfe, 0xff, 0xff, 0x02, 0x00, 0x00, 0x00, 0x01, 0x00, 0x00, 0x00,
  0x02, 0x00, 0x00, 0x00, 0x01, 0x00, 0x00, 0x00, 0x00, 0x00, 0x00, 0x01,
  0x01, 0x00, 0x00, 0x00, 0x23, 0x00, 0x00, 0x00, 0x01, 0x00, 0x00, 0x00,
  0x22, 0x00, 0x00, 0x00, 0xc2, 0xfd, 0xff, 0xff, 0x08, 0x00, 0x00, 0x00,
  0x0c, 0x00, 0x00, 0x00, 0x01, 0x00, 0x00, 0x00, 0x22, 0x00, 0x00, 0x00,
  0x02, 0x00, 0x00, 0x00, 0x21, 0x00, 0x00, 0x00, 0x04, 0x00, 0x00, 0x00,
  0x3e, 0xfe, 0xff, 0xff, 0x14, 0x00, 0x00, 0x00, 0x00, 0x00, 0x00, 0x01,
  0x20, 0x00, 0x00, 0x00, 0x24, 0x00, 0x00, 0x00, 0x01, 0x00, 0x00, 0x00,
  0xdc, 0xfe, 0xff, 0xff, 0x00, 0x00, 0x00, 0x03, 0x01, 0x00, 0x00, 0x00,
  0x01, 0x00, 0x00, 0x00, 0x00, 0x00, 0x00, 0x01, 0x01, 0x00, 0x00, 0x00,
  0x21, 0x00, 0x00, 0x00, 0x03, 0x00, 0x00, 0x00, 0x20, 0x00, 0x00, 0x00,
  0x10, 0x00, 0x00, 0x00, 0x0f, 0x00, 0x00, 0x00, 0x82, 0xfe, 0xff, 0xff,
  0x14, 0x00, 0x00, 0x00, 0x00, 0x00, 0x00, 0x02, 0x1c, 0x00, 0x00, 0x00,
  0x20, 0x00, 0x00, 0x00, 0x02, 0x00, 0x00, 0x00, 0xd0, 0xfe, 0xff, 0xff,
  0x01, 0x00, 0x00, 0x00, 0x01, 0x00, 0x00, 0x00, 0x01, 0x00, 0x00, 0x00,
  0x01, 0x00, 0x00, 0x00, 0x20, 0x00, 0x00, 0x00, 0x03, 0x00, 0x00, 0x00,
  0x1f, 0x00, 0x00, 0x00, 0x12, 0x00, 0x00, 0x00, 0x11, 0x00, 0x00, 0x00,
  0x66, 0xfe, 0xff, 0xff, 0x08, 0x00, 0x00, 0x00, 0x0c, 0x00, 0x00, 0x00,
  0x01, 0x00, 0x00, 0x00, 0x1f, 0x00, 0x00, 0x00, 0x02, 0x00, 0x00, 0x00,
  0x1e, 0x00, 0x00, 0x00, 0x03, 0x00, 0x00, 0x00, 0x00, 0x00, 0x0e, 0x00,
  0x1a, 0x00, 0x14, 0x00, 0x10, 0x00, 0x0c, 0x00, 0x0b, 0x00, 0x04, 0x00,
  0x0e, 0x00, 0x00, 0x00, 0x24, 0x00, 0x00, 0x00, 0x00, 0x00, 0x00, 0x05,
  0x34, 0x00, 0x00, 0x00, 0x38, 0x00, 0x00, 0x00, 0x03, 0x00, 0x00, 0x00,
  0x00, 0x00, 0x0e, 0x00, 0x18, 0x00, 0x17, 0x00, 0x10, 0x00, 0x0c, 0x00,
  0x08, 0x00, 0x04, 0x00, 0x0e, 0x00, 0x00, 0x00, 0x02, 0x00, 0x00, 0x00,
  0x01, 0x00, 0x00, 0x00, 0x02, 0x00, 0x00, 0x00, 0x01, 0x00, 0x00, 0x00,
  0x00, 0x00, 0x00, 0x01, 0x01, 0x00, 0x00, 0x00, 0x1e, 0x00, 0x00, 0x00,
  0x01, 0x00, 0x00, 0x00, 0x1d, 0x00, 0x00, 0x00, 0xe6, 0xfe, 0xff, 0xff,
  0x08, 0x00, 0x00, 0x00, 0x0c, 0x00, 0x00, 0x00, 0x01, 0x00, 0x00, 0x00,
  0x1d, 0x00, 0x00, 0x00, 0x02, 0x00, 0x00, 0x00, 0x1c, 0x00, 0x00, 0x00,
  0x02, 0x00, 0x00, 0x00, 0x62, 0xff, 0xff, 0xff, 0x20, 0x00, 0x00, 0x00,
  0x00, 0x00, 0x00, 0x01, 0x2c, 0x00, 0x00, 0x00, 0x30, 0x00, 0x00, 0x00,
  0x01, 0x00, 0x00, 0x00, 0x0c, 0x00, 0x14, 0x00, 0x13, 0x00, 0x0c, 0x00,
  0x08, 0x00, 0x07, 0x00, 0x0c, 0x00, 0x00, 0x00, 0x00, 0x00, 0x00, 0x03,
  0x01, 0x00, 0x00, 0x00, 0x01, 0x00, 0x00, 0x00, 0x00, 0x00, 0x00, 0x01,
  0x01, 0x00, 0x00, 0x00, 0x1c, 0x00, 0x00, 0x00, 0x03, 0x00, 0x00, 0x00,
  0x1b, 0x00, 0x00, 0x00, 0x14, 0x00, 0x00, 0x00, 0x13, 0x00, 0x00, 0x00,
  0xb2, 0xff, 0xff, 0xff, 0x20, 0x00, 0x00, 0x00, 0x00, 0x00, 0x00, 0x02,
  0x28, 0x00, 0x00, 0x00, 0x2c, 0x00, 0x00, 0x00, 0x02, 0x00, 0x00, 0x00,
  0x0c, 0x00, 0x10, 0x00, 0x00, 0x00, 0x0c, 0x00, 0x08, 0x00, 0x04, 0x00,
  0x0c, 0x00, 0x00, 0x00, 0x01, 0x00, 0x00, 0x00, 0x01, 0x00, 0x00, 0x00,
  0x01, 0x00, 0x00, 0x00, 0x01, 0x00, 0x00, 0x00, 0x1b, 0x00, 0x00, 0x00,
  0x03, 0x00, 0x00, 0x00, 0x1a, 0x00, 0x00, 0x00, 0x16, 0x00, 0x00, 0x00,
  0x15, 0x00, 0x00, 0x00, 0x00, 0x00, 0x0e, 0x00, 0x18, 0x00, 0x14, 0x00,
  0x10, 0x00, 0x0c, 0x00, 0x0b, 0x00, 0x04, 0x00, 0x0e, 0x00, 0x00, 0x00,
  0x20, 0x00, 0x00, 0x00, 0x00, 0x00, 0x00, 0x01, 0x28, 0x00, 0x00, 0x00,
  0x2c, 0x00, 0x00, 0x00, 0x01, 0x00, 0x00, 0x00, 0x0c, 0x00, 0x10, 0x00,
  0x00, 0x00, 0x0c, 0x00, 0x08, 0x00, 0x07, 0x00, 0x0c, 0x00, 0x00, 0x00,
  0x00, 0x00, 0x00, 0x03, 0x01, 0x00, 0x00, 0x00, 0x02, 0x00, 0x00, 0x00,
  0x01, 0x00, 0x00, 0x00, 0x1a, 0x00, 0x00, 0x00, 0x03, 0x00, 0x00, 0x00,
  0x19, 0x00, 0x00, 0x00, 0x18, 0x00, 0x00, 0x00, 0x17, 0x00, 0x00, 0x00,
  0x00, 0x00, 0x0a, 0x00, 0x0c, 0x00, 0x00, 0x00, 0x08, 0x00, 0x04, 0x00,
  0x0a, 0x00, 0x00, 0x00, 0x08, 0x00, 0x00, 0x00, 0x0c, 0x00, 0x00, 0x00,
  0x01, 0x00, 0x00, 0x00, 0x19, 0x00, 0x00, 0x00, 0x02, 0x00, 0x00, 0x00,
  0x00, 0x00, 0x00, 0x00, 0x01, 0x00, 0x00, 0x00, 0x01, 0x00, 0x00, 0x00,
  0x2c, 0x00, 0x00, 0x00, 0x01, 0x00, 0x00, 0x00, 0x00, 0x00, 0x00, 0x00,
  0x2d, 0x00, 0x00, 0x00, 0x40, 0x36, 0x00, 0x00, 0xd4, 0x35, 0x00, 0x00,
  0x84, 0x35, 0x00, 0x00, 0x30, 0x35, 0x00, 0x00, 0xdc, 0x34, 0x00, 0x00,
  0x88, 0x34, 0x00, 0x00, 0x34, 0x34, 0x00, 0x00, 0xe4, 0x33, 0x00, 0x00,
  0xa8, 0x33, 0x00, 0x00, 0x18, 0x33, 0x00, 0x00, 0x84, 0x32, 0x00, 0x00,
  0x30, 0x2e, 0x00, 0x00, 0x3c, 0x2a, 0x00, 0x00, 0xa8, 0x27, 0x00, 0x00,
  0xcc, 0x24, 0x00, 0x00, 0x20, 0x21, 0x00, 0x00, 0xec, 0x1d, 0x00, 0x00,
  0x18, 0x1c, 0x00, 0x00, 0x10, 0x1a, 0x00, 0x00, 0x40, 0x17, 0x00, 0x00,
  0xd4, 0x14, 0x00, 0x00, 0x60, 0x13, 0x00, 0x00, 0xb8, 0x11, 0x00, 0x00,
  0x68, 0x0f, 0x00, 0x00, 0x74, 0x0d, 0x00, 0x00, 0xf8, 0x0c, 0x00, 0x00,
  0xb4, 0x0b, 0x00, 0x00, 0x28, 0x0b, 0x00, 0x00, 0xbc, 0x09, 0x00, 0x00,
  0x40, 0x09, 0x00, 0x00, 0xcc, 0x08, 0x00, 0x00, 0x48, 0x08, 0x00, 0x00,
  0xb4, 0x07, 0x00, 0x00, 0x48, 0x06, 0x00, 0x00, 0xcc, 0x05, 0x00, 0x00,
  0x50, 0x05, 0x00, 0x00, 0xcc, 0x04, 0x00, 0x00, 0x38, 0x04, 0x00, 0x00,
  0xcc, 0x02, 0x00, 0x00, 0x50, 0x02, 0x00, 0x00, 0xd4, 0x01, 0x00, 0x00,
  0x60, 0x01, 0x00, 0x00, 0xec, 0x00, 0x00, 0x00, 0x70, 0x00, 0x00, 0x00,
  0x04, 0x00, 0x00, 0x00, 0x8a, 0xca, 0xff, 0xff, 0x00, 0x00, 0x00, 0x01,
  0x14, 0x00, 0x00, 0x00, 0x30, 0x00, 0x00, 0x00, 0x2d, 0x00, 0x00, 0x00,
  0x00, 0x00, 0x00, 0x09, 0x44, 0x00, 0x00, 0x00, 0x74, 0xca, 0xff, 0xff,
  0x08, 0x00, 0x00, 0x00, 0x10, 0x00, 0x00, 0x00, 0x01, 0x00, 0x00, 0x00,
  0x80, 0xff, 0xff, 0xff, 0xff, 0xff, 0xff, 0xff, 0x01, 0x00, 0x00, 0x00,
  0x00, 0x00, 0x80, 0x3b, 0x19, 0x00, 0x00, 0x00, 0x53, 0x74, 0x61, 0x74,
  0x65, 0x66, 0x75, 0x6c, 0x50, 0x61, 0x72, 0x74, 0x69, 0x74, 0x69, 0x6f,
  0x6e, 0x65, 0x64, 0x43, 0x61, 0x6c, 0x6c, 0x3a, 0x30, 0x00, 0x00, 0x00,
  0x02, 0x00, 0x00, 0x00, 0x01, 0x00, 0x00, 0x00, 0x05, 0x00, 0x00, 0x00,
  0xf2, 0xca, 0xff, 0xff, 0x00, 0x00, 0x00, 0x01, 0x14, 0x00, 0x00, 0x00,
  0x34, 0x00, 0x00, 0x00, 0x2c, 0x00, 0x00, 0x00, 0x00, 0x00, 0x00, 0x09,
  0x54, 0x00, 0x00, 0x00, 0xdc, 0xca, 0xff, 0xff, 0x08, 0x00, 0x00, 0x00,
  0x14, 0x00, 0x00, 0x00, 0x01, 0x00, 0x00, 0x00, 0x03, 0x00, 0x00, 0x00,
  0x00, 0x00, 0x00, 0x00, 0x00, 0x00, 0x00, 0x00, 0x01, 0x00, 0x00, 0x00,
  0x83, 0x4a, 0xfe, 0x3c, 0x26, 0x00, 0x00, 0x00, 0x6d, 0x6f, 0x64, 0x65,
  0x6c, 0x2f, 0x64, 0x65, 0x6e, 0x73, 0x65, 0x2f, 0x4d, 0x61, 0x74, 0x4d,
  0x75, 0x6c, 0x3b, 0x6d, 0x6f, 0x64, 0x65, 0x6c, 0x2f, 0x64, 0x65, 0x6e,
  0x73, 0x65, 0x2f, 0x42, 0x69, 0x61, 0x73, 0x41, 0x64, 0x64, 0x00, 0x00,
  0x02, 0x00, 0x00, 0x00, 0x01, 0x00, 0x00, 0x00, 0x05, 0x00, 0x00, 0x00,
  0x6a, 0xcb, 0xff, 0xff, 0x00, 0x00, 0x00, 0x01, 0x14, 0x00, 0x00, 0x00,
  0x30, 0x00, 0x00, 0x00, 0x2b, 0x00, 0x00, 0x00, 0x00, 0x00, 0x00, 0x09,
  0x4c, 0x00, 0x00, 0x00, 0x54, 0xcb, 0xff, 0xff, 0x08, 0x00, 0x00, 0x00,
  0x10, 0x00, 0x00, 0x00, 0x01, 0x00, 0x00, 0x00, 0x80, 0xff, 0xff, 0xff,
  0xff, 0xff, 0xff, 0xff, 0x01, 0x00, 0x00, 0x00, 0xeb, 0x6f, 0x33, 0x3c,
  0x23, 0x00, 0x00, 0x00, 0x6d, 0x6f, 0x64, 0x65, 0x6c, 0x2f, 0x67, 0x6c,
  0x6f, 0x62, 0x61, 0x6c, 0x5f, 0x61, 0x76, 0x65, 0x72, 0x61, 0x67, 0x65,
  0x5f, 0x70, 0x6f, 0x6f, 0x6c, 0x69, 0x6e, 0x67, 0x31, 0x64, 0x2f, 0x4d,
  0x65, 0x61, 0x6e, 0x00, 0x02, 0x00, 0x00, 0x00, 0x01, 0x00, 0x00, 0x00,
  0x40, 0x00, 0x00, 0x00, 0xda, 0xcb, 0xff, 0xff, 0x00, 0x00, 0x00, 0x01,
  0x14, 0x00, 0x00, 0x00, 0x30, 0x00, 0x00, 0x00, 0x2a, 0x00, 0x00, 0x00,
  0x00, 0x00, 0x00, 0x09, 0x48, 0x00, 0x00, 0x00, 0xc4, 0xcb, 0xff, 0xff,
  0x08, 0x00, 0x00, 0x00, 0x10, 0x00, 0x00, 0x00, 0x01, 0x00, 0x00, 0x00,
  0x80, 0xff, 0xff, 0xff, 0xff, 0xff, 0xff, 0xff, 0x01, 0x00, 0x00, 0x00,
  0xc1, 0xc0, 0xc0, 0x3c, 0x1e, 0x00, 0x00, 0x00, 0x6d, 0x6f, 0x64, 0x65,
  0x6c, 0x2f, 0x6d, 0x61, 0x78, 0x5f, 0x70, 0x6f, 0x6f, 0x6c, 0x69, 0x6e,
  0x67, 0x31, 0x64, 0x5f, 0x32, 0x2f, 0x53, 0x71, 0x75, 0x65, 0x65, 0x7a,
  0x65, 0x31, 0x00, 0x00, 0x03, 0x00, 0x00, 0x00, 0x01, 0x00, 0x00, 0x00,
  0x0c, 0x00, 0x00, 0x00, 0x40, 0x00, 0x00, 0x00, 0x4a, 0xcc, 0xff, 0xff,
  0x00, 0x00, 0x00, 0x01, 0x14, 0x00, 0x00, 0x00, 0x34, 0x00, 0x00, 0x00,
  0x29, 0x00, 0x00, 0x00, 0x00, 0x00, 0x00, 0x09, 0x4c, 0x00, 0x00, 0x00,
  0x34, 0xcc, 0xff, 0xff, 0x08, 0x00, 0x00, 0x00, 0x14, 0x00, 0x00, 0x00,
  0x01, 0x00, 0x00, 0x00, 0x80, 0xff, 0xff, 0xff, 0xff, 0xff, 0xff, 0xff,
  0x00, 0x00, 0x00, 0x00, 0x01, 0x00, 0x00, 0x00, 0xc1, 0xc0, 0xc0, 0x3c,
  0x1d, 0x00, 0x00, 0x00, 0x6d, 0x6f, 0x64, 0x65, 0x6c, 0x2f, 0x6d, 0x61,
  0x78, 0x5f, 0x70, 0x6f, 0x6f, 0x6c, 0x69, 0x6e, 0x67, 0x31, 0x64, 0x5f,
  0x32, 0x2f, 0x4d, 0x61, 0x78, 0x50, 0x6f, 0x6f, 0x6c, 0x00, 0x00, 0x00,
  0x04, 0x00, 0x00, 0x00, 0x01, 0x00, 0x00, 0x00, 0x0c, 0x00, 0x00, 0x00,
  0x01, 0x00, 0x00, 0x00, 0x40, 0x00, 0x00, 0x00, 0xc2, 0xcc, 0xff, 0xff,
  0x00, 0x00, 0x00, 0x01, 0x14, 0x00, 0x00, 0x00, 0x30, 0x00, 0x00, 0x00,
  0x28, 0x00, 0x00, 0x00, 0x00, 0x00, 0x00, 0x09, 0x4c, 0x00, 0x00, 0x00,
  0xac, 0xcc, 0xff, 0xff, 0x08, 0x00, 0x00, 0x00, 0x10, 0x00, 0x00, 0x00,
  0x01, 0x00, 0x00, 0x00, 0x80, 0xff, 0xff, 0xff, 0xff, 0xff, 0xff, 0xff,
  0x01, 0x00, 0x00, 0x00, 0xc1, 0xc0, 0xc0, 0x3c, 0x21, 0x00, 0x00, 0x00,
  0x6d, 0x6f, 0x64, 0x65, 0x6c, 0x2f, 0x6d, 0x61, 0x78, 0x5f, 0x70, 0x6f,
  0x6f, 0x6c, 0x69, 0x6e, 0x67, 0x31, 0x64, 0x5f, 0x32, 0x2f, 0x45, 0x78,
  0x70, 0x61, 0x6e, 0x64, 0x44, 0x69, 0x6d, 0x73, 0x31, 0x00, 0x00, 0x00,
  0x04, 0x00, 0x00, 0x00, 0x01, 0x00, 0x00, 0x00, 0x19, 0x00, 0x00, 0x00,
  0x01, 0x00, 0x00, 0x00, 0x40, 0x00, 0x00, 0x00, 0x3a, 0xcd, 0xff, 0xff,
  0x00, 0x00, 0x00, 0x01, 0x14, 0x00, 0x00, 0x00, 0x30, 0x00, 0x00, 0x00,
  0x27, 0x00, 0x00, 0x00, 0x00, 0x00, 0x00, 0x09, 0x3c, 0x01, 0x00, 0x00,
  0x24, 0xcd, 0xff, 0xff, 0x08, 0x00, 0x00, 0x00, 0x10, 0x00, 0x00, 0x00,
  0x01, 0x00, 0x00, 0x00, 0x80, 0xff, 0xff, 0xff, 0xff, 0xff, 0xff, 0xff,
  0x01, 0x00, 0x00, 0x00, 0xc1, 0xc0, 0xc0, 0x3c, 0x10, 0x01, 0x00, 0x00,
  0x6d, 0x6f, 0x64, 0x65, 0x6c, 0x2f, 0x61, 0x63, 0x74, 0x69, 0x76, 0x61,
  0x74, 0x69, 0x6f, 0x6e, 0x5f, 0x33, 0x2f, 0x52, 0x65, 0x6c, 0x75, 0x36,
  0x3b, 0x6d, 0x6f, 0x64, 0x65, 0x6c, 0x2f, 0x62, 0x61, 0x74, 0x63, 0x68,
  0x5f, 0x6e, 0x6f, 0x72, 0x6d, 0x61, 0x6c, 0x69, 0x7a, 0x61, 0x74, 0x69,
  0x6f, 0x6e, 0x5f, 0x33, 0x2f, 0x62, 0x61, 0x74, 0x63, 0x68, 0x6e, 0x6f,
  0x72, 0x6d, 0x2f, 0x61, 0x64, 0x64, 0x5f, 0x31, 0x3b, 0x6d, 0x6f, 0x64,
  0x65, 0x6c, 0x2f, 0x73, 0x65, 0x70, 0x61, 0x72, 0x61, 0x62, 0x6c, 0x65,
  0x5f, 0x63, 0x6f, 0x6e, 0x76, 0x31, 0x64, 0x5f, 0x32, 0x2f, 0x53, 0x71,
  0x75, 0x65, 0x65, 0x7a, 0x65, 0x3b, 0x6d, 0x6f, 0x64, 0x65, 0x6c, 0x2f,
  0x62, 0x61, 0x74, 0x63, 0x68, 0x5f, 0x6e, 0x6f, 0x72, 0x6d, 0x61, 0x6c,
  0x69, 0x7a, 0x61, 0x74, 0x69, 0x6f, 0x6e, 0x5f, 0x33, 0x2f, 0x62, 0x61,
  0x74, 0x63, 0x68, 0x6e, 0x6f, 0x72, 0x6d, 0x2f, 0x6d, 0x75, 0x6c, 0x5f,
  0x31, 0x3b, 0x6d, 0x6f, 0x64, 0x65, 0x6c, 0x2f, 0x62, 0x61, 0x74, 0x63,
  0x68, 0x5f, 0x6e, 0x6f, 0x72, 0x6d, 0x61, 0x6c, 0x69, 0x7a, 0x61, 0x74,
  0x69, 0x6f, 0x6e, 0x5f, 0x33, 0x2f, 0x62, 0x61, 0x74, 0x63, 0x68, 0x6e,
  0x6f, 0x72, 0x6d, 0x2f, 0x6d, 0x75, 0x6c, 0x3b, 0x6d, 0x6f, 0x64, 0x65,
  0x6c, 0x2f, 0x62, 0x61, 0x74, 0x63, 0x68, 0x5f, 0x6e, 0x6f, 0x72, 0x6d,
  0x61, 0x6c, 0x69, 0x7a, 0x61, 0x74, 0x69, 0x6f, 0x6e, 0x5f, 0x33, 0x2f,
  0x62, 0x61, 0x74, 0x63, 0x68, 0x6e, 0x6f, 0x72, 0x6d, 0x2f, 0x73, 0x75,
  0x62, 0x3b, 0x6d, 0x6f, 0x64, 0x65, 0x6c, 0x2f, 0x73, 0x65, 0x70, 0x61,
  0x72, 0x61, 0x62, 0x6c, 0x65, 0x5f, 0x63, 0x6f, 0x6e, 0x76, 0x31, 0x64,
  0x5f, 0x32, 0x2f, 0x73, 0x65, 0x70, 0x61, 0x72, 0x61, 0x62, 0x6c, 0x65,
  0x5f, 0x63, 0x6f, 0x6e, 0x76, 0x32, 0x64, 0x31, 0x00, 0x00, 0x00, 0x00,
  0x04, 0x00, 0x00, 0x00, 0x01, 0x00, 0x00, 0x00, 0x01, 0x00, 0x00, 0x00,
  0x19, 0x00, 0x00, 0x00, 0x40, 0x00, 0x00, 0x00, 0xa2, 0xce, 0xff, 0xff,
  0x00, 0x00, 0x00, 0x01, 0x14, 0x00, 0x00, 0x00, 0x34, 0x00, 0x00, 0x00,
  0x26, 0x00, 0x00, 0x00, 0x00, 0x00, 0x00, 0x09, 0x64, 0x00, 0x00, 0x00,
  0x8c, 0xce, 0xff, 0xff, 0x08, 0x00, 0x00, 0x00, 0x14, 0x00, 0x00, 0x00,
  0x01, 0x00, 0x00, 0x00, 0xd6, 0xff, 0xff, 0xff, 0xff, 0xff, 0xff, 0xff,
  0x00, 0x00, 0x00, 0x00, 0x01, 0x00, 0x00, 0x00, 0x2d, 0x88, 0x8a, 0x3c,
  0x34, 0x00, 0x00, 0x00, 0x6d, 0x6f, 0x64, 0x65, 0x6c, 0x2f, 0x73, 0x65,
  0x70, 0x61, 0x72, 0x61, 0x62, 0x6c, 0x65, 0x5f, 0x63, 0x6f, 0x6e, 0x76,
  0x31, 0x64, 0x5f, 0x32, 0x2f, 0x73, 0x65, 0x70, 0x61, 0x72, 0x61, 0x62,
  0x6c, 0x65, 0x5f, 0x63, 0x6f, 0x6e, 0x76, 0x32, 0x64, 0x2f, 0x64, 0x65,
  0x70, 0x74, 0x68, 0x77, 0x69, 0x73, 0x65, 0x31, 0x00, 0x00, 0x00, 0x00,
  0x04, 0x00, 0x00, 0x00, 0x01, 0x00, 0x00, 0x00, 0x01, 0x00, 0x00, 0x00,
  0x19, 0x00, 0x00, 0x00, 0x30, 0x00, 0x00, 0x00, 0x32, 0xcf, 0xff, 0xff,
  0x00, 0x00, 0x00, 0x01, 0x14, 0x00, 0x00, 0x00, 0x34, 0x00, 0x00, 0x00,
  0x25, 0x00, 0x00, 0x00, 0x00, 0x00, 0x00, 0x09, 0x54, 0x00, 0x00, 0x00,
  0x1c, 0xcf, 0xff, 0xff, 0x08, 0x00, 0x00, 0x00, 0x14, 0x00, 0x00, 0x00,
  0x01, 0x00, 0x00, 0x00, 0x80, 0xff, 0xff, 0xff, 0xff, 0xff, 0xff, 0xff,
  0x00, 0x00, 0x00, 0x00, 0x01, 0x00, 0x00, 0x00, 0xc1, 0xc0, 0xc0, 0x3c,
  0x24, 0x00, 0x00, 0x00, 0x6d, 0x6f, 0x64, 0x65, 0x6c, 0x2f, 0x73, 0x65,
  0x70, 0x61, 0x72, 0x61, 0x62, 0x6c, 0x65, 0x5f, 0x63, 0x6f, 0x6e, 0x76,
  0x31, 0x64, 0x5f, 0x32, 0x2f, 0x45, 0x78, 0x70, 0x61, 0x6e, 0x64, 0x44,
  0x69, 0x6d, 0x73, 0x31, 0x00, 0x00, 0x00, 0x00, 0x04, 0x00, 0x00, 0x00,
  0x01, 0x00, 0x00, 0x00, 0x01, 0x00, 0x00, 0x00, 0x19, 0x00, 0x00, 0x00,
  0x30, 0x00, 0x00, 0x00, 0xb2, 0xcf, 0xff, 0xff, 0x00, 0x00, 0x00, 0x01,
  0x14, 0x00, 0x00, 0x00, 0x34, 0x00, 0x00, 0x00, 0x24, 0x00, 0x00, 0x00,
  0x00, 0x00, 0x00, 0x09, 0x4c, 0x00, 0x00, 0x00, 0x9c, 0xcf, 0xff, 0xff,
  0x08, 0x00, 0x00, 0x00, 0x14, 0x00, 0x00, 0x00, 0x01, 0x00, 0x00, 0x00,
  0x80, 0xff, 0xff, 0xff, 0xff, 0xff, 0xff, 0xff, 0x00, 0x00, 0x00, 0x00,
  0x01, 0x00, 0x00, 0x00, 0xc1, 0xc0, 0xc0, 0x3c, 0x1d, 0x00, 0x00, 0x00,
  0x6d, 0x6f, 0x64, 0x65, 0x6c, 0x2f, 0x6d, 0x61, 0x78, 0x5f, 0x70, 0x6f,
  0x6f, 0x6c, 0x69, 0x6e, 0x67, 0x31, 0x64, 0x5f, 0x31, 0x2f, 0x4d, 0x61,
  0x78, 0x50, 0x6f, 0x6f, 0x6c, 0x00, 0x00, 0x00, 0x04, 0x00, 0x00, 0x00,
  0x01, 0x00, 0x00, 0x00, 0x19, 0x00, 0x00, 0x00, 0x01, 0x00, 0x00, 0x00,
  0x30, 0x00, 0x00, 0x00, 0x2a, 0xd0, 0xff, 0xff, 0x00, 0x00, 0x00, 0x01,
  0x14, 0x00, 0x00, 0x00, 0x30, 0x00, 0x00, 0x00, 0x23, 0x00, 0x00, 0x00,
  0x00, 0x00, 0x00, 0x09, 0x4c, 0x00, 0x00, 0x00, 0x14, 0xd0, 0xff, 0xff,
  0x08, 0x00, 0x00, 0x00, 0x10, 0x00, 0x00, 0x00, 0x01, 0x00, 0x00, 0x00,
  0x80, 0xff, 0xff, 0xff, 0xff, 0xff, 0xff, 0xff, 0x01, 0x00, 0x00, 0x00,
  0xc1, 0xc0, 0xc0, 0x3c, 0x21, 0x00, 0x00, 0x00, 0x6d, 0x6f, 0x64, 0x65,
  0x6c, 0x2f, 0x6d, 0x61, 0x78, 0x5f, 0x70, 0x6f, 0x6f, 0x6c, 0x69, 0x6e,
  0x67, 0x31, 0x64, 0x5f, 0x31, 0x2f, 0x45, 0x78, 0x70, 0x61, 0x6e, 0x64,
  0x44, 0x69, 0x6d, 0x73, 0x31, 0x00, 0x00, 0x00, 0x04, 0x00, 0x00, 0x00,
  0x01, 0x00, 0x00, 0x00, 0x32, 0x00, 0x00, 0x00, 0x01, 0x00, 0x00, 0x00,
  0x30, 0x00, 0x00, 0x00, 0xa2, 0xd0, 0xff, 0xff, 0x00, 0x00, 0x00, 0x01,
  0x14, 0x00, 0x00, 0x00, 0x30, 0x00, 0x00, 0x00, 0x22, 0x00, 0x00, 0x00,
  0x00, 0x00, 0x00, 0x09, 0x3c, 0x01, 0x00, 0x00, 0x8c, 0xd0, 0xff, 0xff,
  0x08, 0x00, 0x00, 0x00, 0x10, 0x00, 0x00, 0x00, 0x01, 0x00, 0x00, 0x00,
  0x80, 0xff, 0xff, 0xff, 0xff, 0xff, 0xff, 0xff, 0x01, 0x00, 0x00, 0x00,
  0xc1, 0xc0, 0xc0, 0x3c, 0x10, 0x01, 0x00, 0x00, 0x6d, 0x6f, 0x64, 0x65,
  0x6c, 0x2f, 0x61, 0x63, 0x74, 0x69, 0x76, 0x61, 0x74, 0x69, 0x6f, 0x6e,
  0x5f, 0x32, 0x2f, 0x52, 0x65, 0x6c, 0x75, 0x36, 0x3b, 0x6d, 0x6f, 0x64,
  0x65, 0x6c, 0x2f, 0x62, 0x61, 0x74, 0x63, 0x68, 0x5f, 0x6e, 0x6f, 0x72,
  0x6d, 0x61, 0x6c, 0x69, 0x7a, 0x61, 0x74, 0x69, 0x6f, 0x6e, 0x5f, 0x32,
  0x2f, 0x62, 0x61, 0x74, 0x63, 0x68, 0x6e, 0x6f, 0x72, 0x6d, 0x2f, 0x61,
  0x64, 0x64, 0x5f, 0x31, 0x3b, 0x6d, 0x6f, 0x64, 0x65, 0x6c, 0x2f, 0x73,
  0x65, 0x70, 0x61, 0x72, 0x61, 0x62, 0x6c, 0x65, 0x5f, 0x63, 0x6f, 0x6e,
  0x76, 0x31, 0x64, 0x5f, 0x31, 0x2f, 0x53, 0x71, 0x75, 0x65, 0x65, 0x7a,
  0x65, 0x3b, 0x6d, 0x6f, 0x64, 0x65, 0x6c, 0x2f, 0x62, 0x61, 0x74, 0x63,
  0x68, 0x5f, 0x6e, 0x6f, 0x72, 0x6d, 0x61, 0x6c, 0x69, 0x7a, 0x61, 0x74,
  0x69, 0x6f, 0x6e, 0x5f, 0x32, 0x2f, 0x62, 0x61, 0x74, 0x63, 0x68, 0x6e,
  0x6f, 0x72, 0x6d, 0x2f, 0x6d, 0x75, 0x6c, 0x5f, 0x31, 0x3b, 0x6d, 0x6f,
  0x64, 0x65, 0x6c, 0x2f, 0x62, 0x61, 0x74, 0x63, 0x68, 0x5f, 0x6e, 0x6f,
  0x72, 0x6d, 0x61, 0x6c, 0x69, 0x7a, 0x61, 0x74, 0x69, 0x6f, 0x6e, 0x5f,
  0x32, 0x2f, 0x62, 0x61, 0x74, 0x63, 0x68, 0x6e, 0x6f, 0x72, 0x6d, 0x2f,
  0x6d, 0x75, 0x6c, 0x3b, 0x6d, 0x6f, 0x64, 0x65, 0x6c, 0x2f, 0x62, 0x61,
  0x74, 0x63, 0x68, 0x5f, 0x6e, 0x6f, 0x72, 0x6d, 0x61, 0x6c, 0x69, 0x7a,
  0x61, 0x74, 0x69, 0x6f, 0x6e, 0x5f, 0x32, 0x2f, 0x62, 0x61, 0x74, 0x63,
  0x68, 0x6e, 0x6f, 0x72, 0x6d, 0x2f, 0x73, 0x75, 0x62, 0x3b, 0x6d, 0x6f,
  0x64, 0x65, 0x6c, 0x2f, 0x73, 0x65, 0x70, 0x61, 0x72, 0x61, 0x62, 0x6c,
  0x65, 0x5f, 0x63, 0x6f, 0x6e, 0x76, 0x31, 0x64, 0x5f, 0x31, 0x2f, 0x73,
  0x65, 0x70, 0x61, 0x72, 0x61, 0x62, 0x6c, 0x65, 0x5f, 0x63, 0x6f, 0x6e,
  0x76, 0x32, 0x64, 0x31, 0x00, 0x00, 0x00, 0x00, 0x04, 0x00, 0x00, 0x00,
  0x01, 0x00, 0x00, 0x00, 0x01, 0x00, 0x00, 0x00, 0x32, 0x00, 0x00, 0x00,
  0x30, 0x00, 0x00, 0x00, 0x0a, 0xd2, 0xff, 0xff, 0x00, 0x00, 0x00, 0x01,
  0x14, 0x00, 0x00, 0x00, 0x34, 0x00, 0x00, 0x00, 0x21, 0x00, 0x00, 0x00,
  0x00, 0x00, 0x00, 0x09, 0x64, 0x00, 0x00, 0x00, 0xf4, 0xd1, 0xff, 0xff,
  0x08, 0x00, 0x00, 0x00, 0x14, 0x00, 0x00, 0x00, 0x01, 0x00, 0x00, 0x00,
  0x08, 0x00, 0x00, 0x00, 0x00, 0x00, 0x00, 0x00, 0x00, 0x00, 0x00, 0x00,
  0x01, 0x00, 0x00, 0x00, 0x42, 0xea, 0xd9, 0x3c, 0x34, 0x00, 0x00, 0x00,
  0x6d, 0x6f, 0x64, 0x65, 0x6c, 0x2f, 0x73, 0x65, 0x70, 0x61, 0x72, 0x61,
  0x62, 0x6c, 0x65, 0x5f, 0x63, 0x6f, 0x6e, 0x76, 0x31, 0x64, 0x5f, 0x31,
  0x2f, 0x73, 0x65, 0x70, 0x61, 0x72, 0x61, 0x62, 0x6c, 0x65, 0x5f, 0x63,
  0x6f, 0x6e, 0x76, 0x32, 0x64, 0x2f, 0x64, 0x65, 0x70, 0x74, 0x68, 0x77,
  0x69, 0x73, 0x65, 0x31, 0x00, 0x00, 0x00, 0x00, 0x04, 0x00, 0x00, 0x00,
  0x01, 0x00, 0x00, 0x00, 0x01, 0x00, 0x00, 0x00, 0x32, 0x00, 0x00, 0x00,
  0x20, 0x00, 0x00, 0x00, 0x9a, 0xd2, 0xff, 0xff, 0x00, 0x00, 0x00, 0x01,
  0x14, 0x00, 0x00, 0x00, 0x34, 0x00, 0x00, 0x00, 0x20, 0x00, 0x00, 0x00,
  0x00, 0x00, 0x00, 0x09, 0x54, 0x00, 0x00, 0x00, 0x84, 0xd2, 0xff, 0xff,
  0x08, 0x00, 0x00, 0x00, 0x14, 0x00, 0x00, 0x00, 0x01, 0x00, 0x00, 0x00,
  0x80, 0xff, 0xff, 0xff, 0xff, 0xff, 0xff, 0xff, 0x00, 0x00, 0x00, 0x00,
  0x01, 0x00, 0x00, 0x00, 0xc1, 0xc0, 0xc0, 0x3c, 0x24, 0x00, 0x00, 0x00,
  0x6d, 0x6f, 0x64, 0x65, 0x6c, 0x2f, 0x73, 0x65, 0x70, 0x61, 0x72, 0x61,
  0x62, 0x6c, 0x65, 0x5f, 0x63, 0x6f, 0x6e, 0x76, 0x31, 0x64, 0x5f, 0x31,
  0x2f, 0x45, 0x78, 0x70, 0x61, 0x6e, 0x64, 0x44, 0x69, 0x6d, 0x73, 0x31,
  0x00, 0x00, 0x00, 0x00, 0x04, 0x00, 0x00, 0x00, 0x01, 0x00, 0x00, 0x00,
  0x01, 0x00, 0x00, 0x00, 0x32, 0x00, 0x00, 0x00, 0x20, 0x00, 0x00, 0x00,
  0x1a, 0xd3, 0xff, 0xff, 0x00, 0x00, 0x00, 0x01, 0x14, 0x00, 0x00, 0x00,
  0x30, 0x00, 0x00, 0x00, 0x1f, 0x00, 0x00, 0x00, 0x00, 0x00, 0x00, 0x09,
  0x44, 0x00, 0x00, 0x00, 0x04, 0xd3, 0xff, 0xff, 0x08, 0x00, 0x00, 0x00,
  0x10, 0x00, 0x00, 0x00, 0x01, 0x00, 0x00, 0x00, 0x80, 0xff, 0xff, 0xff,
  0xff, 0xff, 0xff, 0xff, 0x01, 0x00, 0x00, 0x00, 0xc1, 0xc0, 0xc0, 0x3c,
  0x1b, 0x00, 0x00, 0x00, 0x6d, 0x6f, 0x64, 0x65, 0x6c, 0x2f, 0x6d, 0x61,
  0x78, 0x5f, 0x70, 0x6f, 0x6f, 0x6c, 0x69, 0x6e, 0x67, 0x31, 0x64, 0x2f,
  0x4d, 0x61, 0x78, 0x50, 0x6f, 0x6f, 0x6c, 0x00, 0x04, 0x00, 0x00, 0x00,
  0x01, 0x00, 0x00, 0x00, 0x32, 0x00, 0x00, 0x00, 0x01, 0x00, 0x00, 0x00,
  0x20, 0x00, 0x00, 0x00, 0x8a, 0xd3, 0xff, 0xff, 0x00, 0x00, 0x00, 0x01,
  0x14, 0x00, 0x00, 0x00, 0x34, 0x00, 0x00, 0x00, 0x1e, 0x00, 0x00, 0x00,
  0x00, 0x00, 0x00, 0x09, 0x4c, 0x00, 0x00, 0x00, 0x74, 0xd3, 0xff, 0xff,
  0x08, 0x00, 0x00, 0x00, 0x14, 0x00, 0x00, 0x00, 0x01, 0x00, 0x00, 0x00,
  0x80, 0xff, 0xff, 0xff, 0xff, 0xff, 0xff, 0xff, 0x00, 0x00, 0x00, 0x00,
  0x01, 0x00, 0x00, 0x00, 0xc1, 0xc0, 0xc0, 0x3c, 0x1f, 0x00, 0x00, 0x00,
  0x6d, 0x6f, 0x64, 0x65, 0x6c, 0x2f, 0x6d, 0x61, 0x78, 0x5f, 0x70, 0x6f,
  0x6f, 0x6c, 0x69, 0x6e, 0x67, 0x31, 0x64, 0x2f, 0x45, 0x78, 0x70, 0x61,
  0x6e, 0x64, 0x44, 0x69, 0x6d, 0x73, 0x31, 0x00, 0x04, 0x00, 0x00, 0x00,
  0x01, 0x00, 0x00, 0x00, 0x64, 0x00, 0x00, 0x00, 0x01, 0x00, 0x00, 0x00,
  0x20, 0x00, 0x00, 0x00, 0x02, 0xd4, 0xff, 0xff, 0x00, 0x00, 0x00, 0x01,
  0x14, 0x00, 0x00, 0x00, 0x34, 0x00, 0x00, 0x00, 0x1d, 0x00, 0x00, 0x00,
  0x00, 0x00, 0x00, 0x09, 0x3c, 0x01, 0x00, 0x00, 0xec, 0xd3, 0xff, 0xff,
  0x08, 0x00, 0x00, 0x00, 0x14, 0x00, 0x00, 0x00, 0x01, 0x00, 0x00, 0x00,
  0x80, 0xff, 0xff, 0xff, 0xff, 0xff, 0xff, 0xff, 0x00, 0x00, 0x00, 0x00,
  0x01, 0x00, 0x00, 0x00, 0xc1, 0xc0, 0xc0, 0x3c, 0x0c, 0x01, 0x00, 0x00,
  0x6d, 0x6f, 0x64, 0x65, 0x6c, 0x2f, 0x61, 0x63, 0x74, 0x69, 0x76, 0x61,
  0x74, 0x69, 0x6f, 0x6e, 0x5f, 0x31, 0x2f, 0x52, 0x65, 0x6c, 0x75, 0x36,
  0x3b, 0x6d, 0x6f, 0x64, 0x65, 0x6c, 0x2f, 0x62, 0x61, 0x74, 0x63, 0x68,
  0x5f, 0x6e, 0x6f, 0x72, 0x6d, 0x61, 0x6c, 0x69, 0x7a, 0x61, 0x74, 0x69,
  0x6f, 0x6e, 0x5f, 0x31, 0x2f, 0x62, 0x61, 0x74, 0x63, 0x68, 0x6e, 0x6f,
  0x72, 0x6d, 0x2f, 0x61, 0x64, 0x64, 0x5f, 0x31, 0x3b, 0x6d, 0x6f, 0x64,
  0x65, 0x6c, 0x2f, 0x73, 0x65, 0x70, 0x61, 0x72, 0x61, 0x62, 0x6c, 0x65,
  0x5f, 0x63, 0x6f, 0x6e, 0x76, 0x31, 0x64, 0x2f, 0x53, 0x71, 0x75, 0x65,
  0x65, 0x7a, 0x65, 0x3b, 0x6d, 0x6f, 0x64, 0x65, 0x6c, 0x2f, 0x62, 0x61,
  0x74, 0x63, 0x68, 0x5f, 0x6e, 0x6f, 0x72, 0x6d, 0x61, 0x6c, 0x69, 0x7a,
  0x61, 0x74, 0x69, 0x6f, 0x6e, 0x5f, 0x31, 0x2f, 0x62, 0x61, 0x74, 0x63,
  0x68, 0x6e, 0x6f, 0x72, 0x6d, 0x2f, 0x6d, 0x75, 0x6c, 0x5f, 0x31, 0x3b,
  0x6d, 0x6f, 0x64, 0x65, 0x6c, 0x2f, 0x62, 0x61, 0x74, 0x63, 0x68, 0x5f,
  0x6e, 0x6f, 0x72, 0x6d, 0x61, 0x6c, 0x69, 0x7a, 0x61, 0x74, 0x69, 0x6f,
  0x6e, 0x5f, 0x31, 0x2f, 0x62, 0x61, 0x74, 0x63, 0x68, 0x6e, 0x6f, 0x72,
  0x6d, 0x2f, 0x6d, 0x75, 0x6c, 0x3b, 0x6d, 0x6f, 0x64, 0x65, 0x6c, 0x2f,
  0x62, 0x61, 0x74, 0x63, 0x68, 0x5f, 0x6e, 0x6f, 0x72, 0x6d, 0x61, 0x6c,
  0x69, 0x7a, 0x61, 0x74, 0x69, 0x6f, 0x6e, 0x5f, 0x31, 0x2f, 0x62, 0x61,
  0x74, 0x63, 0x68, 0x6e, 0x6f, 0x72, 0x6d, 0x2f, 0x73, 0x75, 0x62, 0x3b,
  0x6d, 0x6f, 0x64, 0x65, 0x6c, 0x2f, 0x73, 0x65, 0x70, 0x61, 0x72, 0x61,
  0x62, 0x6c, 0x65, 0x5f, 0x63, 0x6f, 0x6e, 0x76, 0x31, 0x64, 0x2f, 0x73,
  0x65, 0x70, 0x61, 0x72, 0x61, 0x62, 0x6c, 0x65, 0x5f, 0x63, 0x6f, 0x6e,
  0x76, 0x32, 0x64, 0x31, 0x00, 0x00, 0x00, 0x00, 0x04, 0x00, 0x00, 0x00,
  0x01, 0x00, 0x00, 0x00, 0x01, 0x00, 0x00, 0x00, 0x64, 0x00, 0x00, 0x00,
  0x20, 0x00, 0x00, 0x00, 0x6a, 0xd5, 0xff, 0xff, 0x00, 0x00, 0x00, 0x01,
  0x14, 0x00, 0x00, 0x00, 0x30, 0x00, 0x00, 0x00, 0x1c, 0x00, 0x00, 0x00,
  0x00, 0x00, 0x00, 0x09, 0x5c, 0x00, 0x00, 0x00, 0x54, 0xd5, 0xff, 0xff,
  0x08, 0x00, 0x00, 0x00, 0x10, 0x00, 0x00, 0x00, 0x01, 0x00, 0x00, 0x00,
  0xeb, 0xff, 0xff, 0xff, 0xff, 0xff, 0xff, 0xff, 0x01, 0x00, 0x00, 0x00,
  0x20, 0x9d, 0xcb, 0x3c, 0x32, 0x00, 0x00, 0x00, 0x6d, 0x6f, 0x64, 0x65,
  0x6c, 0x2f, 0x73, 0x65, 0x70, 0x61, 0x72, 0x61, 0x62, 0x6c, 0x65, 0x5f,
  0x63, 0x6f, 0x6e, 0x76, 0x31, 0x64, 0x2f, 0x73, 0x65, 0x70, 0x61, 0x72,
  0x61, 0x62, 0x6c, 0x65, 0x5f, 0x63, 0x6f, 0x6e, 0x76, 0x32, 0x64, 0x2f,
  0x64, 0x65, 0x70, 0x74, 0x68, 0x77, 0x69, 0x73, 0x65, 0x31, 0x00, 0x00,
  0x04, 0x00, 0x00, 0x00, 0x01, 0x00, 0x00, 0x00, 0x01, 0x00, 0x00, 0x00,
  0x64, 0x00, 0x00, 0x00, 0x18, 0x00, 0x00, 0x00, 0xf2, 0xd5, 0xff, 0xff,
  0x00, 0x00, 0x00, 0x01, 0x14, 0x00, 0x00, 0x00, 0x30, 0x00, 0x00, 0x00,
  0x1b, 0x00, 0x00, 0x00, 0x00, 0x00, 0x00, 0x09, 0x14, 0x01, 0x00, 0x00,
  0xdc, 0xd5, 0xff, 0xff, 0x08, 0x00, 0x00, 0x00, 0x10, 0x00, 0x00, 0x00,
  0x01, 0x00, 0x00, 0x00, 0x80, 0xff, 0xff, 0xff, 0xff, 0xff, 0xff, 0xff,
  0x01, 0x00, 0x00, 0x00, 0xc1, 0xc0, 0xc0, 0x3c, 0xeb, 0x00, 0x00, 0x00,
  0x6d, 0x6f, 0x64, 0x65, 0x6c, 0x2f, 0x61, 0x63, 0x74, 0x69, 0x76, 0x61,
  0x74, 0x69, 0x6f, 0x6e, 0x2f, 0x52, 0x65, 0x6c, 0x75, 0x36, 0x3b, 0x6d,
  0x6f, 0x64, 0x65, 0x6c, 0x2f, 0x62, 0x61, 0x74, 0x63, 0x68, 0x5f, 0x6e,
  0x6f, 0x72, 0x6d, 0x61, 0x6c, 0x69, 0x7a, 0x61, 0x74, 0x69, 0x6f, 0x6e,
  0x2f, 0x62, 0x61, 0x74, 0x63, 0x68, 0x6e, 0x6f, 0x72, 0x6d, 0x2f, 0x61,
  0x64, 0x64, 0x5f, 0x31, 0x3b, 0x6d, 0x6f, 0x64, 0x65, 0x6c, 0x2f, 0x63,
  0x6f, 0x6e, 0x76, 0x31, 0x64, 0x2f, 0x43, 0x6f, 0x6e, 0x76, 0x31, 0x44,
  0x2f, 0x53, 0x71, 0x75, 0x65, 0x65, 0x7a, 0x65, 0x3b, 0x6d, 0x6f, 0x64,
  0x65, 0x6c, 0x2f, 0x62, 0x61, 0x74, 0x63, 0x68, 0x5f, 0x6e, 0x6f, 0x72,
  0x6d, 0x61, 0x6c, 0x69, 0x7a, 0x61, 0x74, 0x69, 0x6f, 0x6e, 0x2f, 0x62,
  0x61, 0x74, 0x63, 0x68, 0x6e, 0x6f, 0x72, 0x6d, 0x2f, 0x6d, 0x75, 0x6c,
  0x5f, 0x31, 0x3b, 0x6d, 0x6f, 0x64, 0x65, 0x6c, 0x2f, 0x62, 0x61, 0x74,
  0x63, 0x68, 0x5f, 0x6e, 0x6f, 0x72, 0x6d, 0x61, 0x6c, 0x69, 0x7a, 0x61,
  0x74, 0x69, 0x6f, 0x6e, 0x2f, 0x62, 0x61, 0x74, 0x63, 0x68, 0x6e, 0x6f,
  0x72, 0x6d, 0x2f, 0x6d, 0x75, 0x6c, 0x3b, 0x6d, 0x6f, 0x64, 0x65, 0x6c,
  0x2f, 0x62, 0x61, 0x74, 0x63, 0x68, 0x5f, 0x6e, 0x6f, 0x72, 0x6d, 0x61,
  0x6c, 0x69, 0x7a, 0x61, 0x74, 0x69, 0x6f, 0x6e, 0x2f, 0x62, 0x61, 0x74,
  0x63, 0x68, 0x6e, 0x6f, 0x72, 0x6d, 0x2f, 0x73, 0x75, 0x62, 0x3b, 0x6d,
  0x6f, 0x64, 0x65, 0x6c, 0x2f, 0x63, 0x6f, 0x6e, 0x76, 0x31, 0x64, 0x2f,
  0x43, 0x6f, 0x6e, 0x76, 0x31, 0x44, 0x31, 0x00, 0x04, 0x00, 0x00, 0x00,
  0x01, 0x00, 0x00, 0x00, 0x01, 0x00, 0x00, 0x00, 0x64, 0x00, 0x00, 0x00,
  0x18, 0x00, 0x00, 0x00, 0x32, 0xd7, 0xff, 0xff, 0x00, 0x00, 0x00, 0x01,
  0x14, 0x00, 0x00, 0x00, 0x34, 0x00, 0x00, 0x00, 0x1a, 0x00, 0x00, 0x00,
  0x00, 0x00, 0x00, 0x09, 0x4c, 0x00, 0x00, 0x00, 0x1c, 0xd7, 0xff, 0xff,
  0x08, 0x00, 0x00, 0x00, 0x14, 0x00, 0x00, 0x00, 0x01, 0x00, 0x00, 0x00,
  0xff, 0xff, 0xff, 0xff, 0xff, 0xff, 0xff, 0xff, 0x00, 0x00, 0x00, 0x00,
  0x01, 0x00, 0x00, 0x00, 0x81, 0x80, 0x00, 0x3c, 0x1f, 0x00, 0x00, 0x00,
  0x6d, 0x6f, 0x64, 0x65, 0x6c, 0x2f, 0x63, 0x6f, 0x6e, 0x76, 0x31, 0x64,
  0x2f, 0x43, 0x6f, 0x6e, 0x76, 0x31, 0x44, 0x2f, 0x45, 0x78, 0x70, 0x61,
  0x6e, 0x64, 0x44, 0x69, 0x6d, 0x73, 0x31, 0x00, 0x04, 0x00, 0x00, 0x00,
  0x01, 0x00, 0x00, 0x00, 0x01, 0x00, 0x00, 0x00, 0xc8, 0x00, 0x00, 0x00,
  0x06, 0x00, 0x00, 0x00, 0xaa, 0xd7, 0xff, 0xff, 0x00, 0x00, 0x00, 0x01,
  0x14, 0x00, 0x00, 0x00, 0x48, 0x01, 0x00, 0x00, 0x19, 0x00, 0x00, 0x00,
  0x00, 0x00, 0x00, 0x09, 0xc4, 0x01, 0x00, 0x00, 0x94, 0xd7, 0xff, 0xff,
  0x08, 0x00, 0x00, 0x00, 0xcc, 0x00, 0x00, 0x00, 0x18, 0x00, 0x00, 0x00,
  0x00, 0x00, 0x00, 0x00, 0x00, 0x00, 0x00, 0x00, 0x00, 0x00, 0x00, 0x00,
  0x00, 0x00, 0x00, 0x00, 0x00, 0x00, 0x00, 0x00, 0x00, 0x00, 0x00, 0x00,
  0x00, 0x00, 0x00, 0x00, 0x00, 0x00, 0x00, 0x00, 0x00, 0x00, 0x00, 0x00,
  0x00, 0x00, 0x00, 0x00, 0x00, 0x00, 0x00, 0x00, 0x00, 0x00, 0x00, 0x00,
  0x00, 0x00, 0x00, 0x00, 0x00, 0x00, 0x00, 0x00, 0x00, 0x00, 0x00, 0x00,
  0x00, 0x00, 0x00, 0x00, 0x00, 0x00, 0x00, 0x00, 0x00, 0x00, 0x00, 0x00,
  0x00, 0x00, 0x00, 0x00, 0x00, 0x00, 0x00, 0x00, 0x00, 0x00, 0x00, 0x00,
  0x00, 0x00, 0x00, 0x00, 0x00, 0x00, 0x00, 0x00, 0x00, 0x00, 0x00, 0x00,
  0x00, 0x00, 0x00, 0x00, 0x00, 0x00, 0x00, 0x00, 0x00, 0x00, 0x00, 0x00,
  0x00, 0x00, 0x00, 0x00, 0x00, 0x00, 0x00, 0x00, 0x00, 0x00, 0x00, 0x00,
  0x00, 0x00, 0x00, 0x00, 0x00, 0x00, 0x00, 0x00, 0x00, 0x00, 0x00, 0x00,
  0x00, 0x00, 0x00, 0x00, 0x00, 0x00, 0x00, 0x00, 0x00, 0x00, 0x00, 0x00,
  0x00, 0x00, 0x00, 0x00, 0x00, 0x00, 0x00, 0x00, 0x00, 0x00, 0x00, 0x00,
  0x00, 0x00, 0x00, 0x00, 0x00, 0x00, 0x00, 0x00, 0x00, 0x00, 0x00, 0x00,
  0x00, 0x00, 0x00, 0x00, 0x00, 0x00, 0x00, 0x00, 0x00, 0x00, 0x00, 0x00,
  0x00, 0x00, 0x00, 0x00, 0x00, 0x00, 0x00, 0x00, 0x00, 0x00, 0x00, 0x00,
  0x00, 0x00, 0x00, 0x00, 0x18, 0x00, 0x00, 0x00, 0x8a, 0x0d, 0xec, 0x3e,
  0x97, 0x8a, 0xa0, 0x3e, 0x18, 0x0c, 0xe8, 0x3d, 0xb8, 0x2d, 0x39, 0x3f,
  0xfe, 0xa5, 0x27, 0x3e, 0x03, 0x77, 0x86, 0x3e, 0xfa, 0x85, 0x4f, 0x3e,
  0xc6, 0x68, 0xb8, 0x3d, 0xe2, 0xee, 0x07, 0x3e, 0x43, 0x5a, 0xa2, 0x3d,
  0x36, 0x2f, 0xcd, 0x3e, 0x4f, 0x6f, 0x82, 0x3d, 0x14, 0x65, 0x2a, 0x3e,
  0xc5, 0x91, 0x4b, 0x3e, 0x2e, 0xbb, 0x6a, 0x3e, 0xc3, 0x86, 0xb7, 0x3e,
  0x6c, 0x7f, 0xe5, 0x3e, 0x0e, 0x3c, 0x0f, 0x3e, 0x53, 0xd9, 0xe3, 0x3e,
  0xf8, 0xe8, 0xb2, 0x3e, 0x51, 0xaf, 0xe7, 0x3d, 0xdf, 0xb9, 0x04, 0x3e,
  0x33, 0x7b, 0xe5, 0x3e, 0x01, 0xcf, 0x9a, 0x3f, 0x81, 0x00, 0x00, 0x00,
  0x6d, 0x6f, 0x64, 0x65, 0x6c, 0x2f, 0x62, 0x61, 0x74, 0x63, 0x68, 0x5f,
  0x6e, 0x6f, 0x72, 0x6d, 0x61, 0x6c, 0x69, 0x7a, 0x61, 0x74, 0x69, 0x6f,
  0x6e, 0x2f, 0x62, 0x61, 0x74, 0x63, 0x68, 0x6e, 0x6f, 0x72, 0x6d, 0x2f,
  0x6d, 0x75, 0x6c, 0x5f, 0x31, 0x3b, 0x6d, 0x6f, 0x64, 0x65, 0x6c, 0x2f,
  0x63, 0x6f, 0x6e, 0x76, 0x31, 0x64, 0x2f, 0x43, 0x6f, 0x6e, 0x76, 0x31,
  0x44, 0x2f, 0x53, 0x71, 0x75, 0x65, 0x65, 0x7a, 0x65, 0x3b, 0x6d, 0x6f,
  0x64, 0x65, 0x6c, 0x2f, 0x62, 0x61, 0x74, 0x63, 0x68, 0x5f, 0x6e, 0x6f,
  0x72, 0x6d, 0x61, 0x6c, 0x69, 0x7a, 0x61, 0x74, 0x69, 0x6f, 0x6e, 0x2f,
  0x62, 0x61, 0x74, 0x63, 0x68, 0x6e, 0x6f, 0x72, 0x6d, 0x2f, 0x6d, 0x75,
  0x6c, 0x3b, 0x6d, 0x6f, 0x64, 0x65, 0x6c, 0x2f, 0x63, 0x6f, 0x6e, 0x76,
  0x31, 0x64, 0x2f, 0x43, 0x6f, 0x6e, 0x76, 0x31, 0x44, 0x00, 0x00, 0x00,
  0x04, 0x00, 0x00, 0x00, 0x18, 0x00, 0x00, 0x00, 0x01, 0x00, 0x00, 0x00,
  0x03, 0x00, 0x00, 0x00, 0x06, 0x00, 0x00, 0x00, 0x9a, 0xd9, 0xff, 0xff,
  0x00, 0x00, 0x00, 0x01, 0x14, 0x00, 0x00, 0x00, 0x48, 0x01, 0x00, 0x00,
  0x18, 0x00, 0x00, 0x00, 0x00, 0x00, 0x00, 0x02, 0x2c, 0x02, 0x00, 0x00,
  0x84, 0xd9, 0xff, 0xff, 0x08, 0x00, 0x00, 0x00, 0xcc, 0x00, 0x00, 0x00,
  0x18, 0x00, 0x00, 0x00, 0x00, 0x00, 0x00, 0x00, 0x00, 0x00, 0x00, 0x00,
  0x00, 0x00, 0x00, 0x00, 0x00, 0x00, 0x00, 0x00, 0x00, 0x00, 0x00, 0x00,
  0x00, 0x00, 0x00, 0x00, 0x00, 0x00, 0x00, 0x00, 0x00, 0x00, 0x00, 0x00,
  0x00, 0x00, 0x00, 0x00, 0x00, 0x00, 0x00, 0x00, 0x00, 0x00, 0x00, 0x00,
  0x00, 0x00, 0x00, 0x00, 0x00, 0x00, 0x00, 0x00, 0x00, 0x00, 0x00, 0x00,
  0x00, 0x00, 0x00, 0x00, 0x00, 0x00, 0x00, 0x00, 0x00, 0x00, 0x00, 0x00,
  0x00, 0x00, 0x00, 0x00, 0x00, 0x00, 0x00, 0x00, 0x00, 0x00, 0x00, 0x00,
  0x00, 0x00, 0x00, 0x00, 0x00, 0x00, 0x00, 0x00, 0x00, 0x00, 0x00, 0x00,
  0x00, 0x00, 0x00, 0x00, 0x00, 0x00, 0x00, 0x00, 0x00, 0x00, 0x00, 0x00,
  0x00, 0x00, 0x00, 0x00, 0x00, 0x00, 0x00, 0x00, 0x00, 0x00, 0x00, 0x00,
  0x00, 0x00, 0x00, 0x00, 0x00, 0x00, 0x00, 0x00, 0x00, 0x00, 0x00, 0x00,
  0x00, 0x00, 0x00, 0x00, 0x00, 0x00, 0x00, 0x00, 0x00, 0x00, 0x00, 0x00,
  0x00, 0x00, 0x00, 0x00, 0x00, 0x00, 0x00, 0x00, 0x00, 0x00, 0x00, 0x00,
  0x00, 0x00, 0x00, 0x00, 0x00, 0x00, 0x00, 0x00, 0x00, 0x00, 0x00, 0x00,
  0x00, 0x00, 0x00, 0x00, 0x00, 0x00, 0x00, 0x00, 0x00, 0x00, 0x00, 0x00,
  0x00, 0x00, 0x00, 0x00, 0x00, 0x00, 0x00, 0x00, 0x00, 0x00, 0x00, 0x00,
  0x00, 0x00, 0x00, 0x00, 0x00, 0x00, 0x00, 0x00, 0x18, 0x00, 0x00, 0x00,
  0x85, 0xfa, 0x6c, 0x3b, 0xc3, 0x2b, 0x21, 0x3b, 0x0e, 0xf5, 0x68, 0x3a,
  0xa0, 0xe7, 0xb9, 0x3b, 0x4d, 0x4e, 0xa8, 0x3a, 0x02, 0xfe, 0x06, 0x3b,
  0x51, 0x56, 0xd0, 0x3a, 0xe9, 0x21, 0x39, 0x3a, 0x5a, 0x77, 0x88, 0x3a,
  0x41, 0xfd, 0x22, 0x3a, 0x34, 0xfd, 0x4d, 0x3b, 0x42, 0xf2, 0x02, 0x3a,
  0x25, 0x10, 0xab, 0x3a, 0x24, 0x5e, 0xcc, 0x3a, 0xd6, 0xa6, 0xeb, 0x3a,
  0x03, 0x3f, 0x38, 0x3b, 0xd3, 0x65, 0x66, 0x3b, 0xda, 0xcb, 0x8f, 0x3a,
  0x12, 0xbe, 0x64, 0x3b, 0x95, 0x9c, 0x33, 0x3b, 0xea, 0x97, 0x68, 0x3a,
  0x1f, 0x3f, 0x85, 0x3a, 0x95, 0x61, 0x66, 0x3b, 0x6c, 0x6a, 0x1b, 0x3c,
  0xea, 0x00, 0x00, 0x00, 0x6d, 0x6f, 0x64, 0x65, 0x6c, 0x2f, 0x61, 0x63,
  0x74, 0x69, 0x76, 0x61, 0x74, 0x69, 0x6f, 0x6e, 0x2f, 0x52, 0x65, 0x6c,
  0x75, 0x36, 0x3b, 0x6d, 0x6f, 0x64, 0x65, 0x6c, 0x2f, 0x62, 0x61, 0x74,
  0x63, 0x68, 0x5f, 0x6e, 0x6f, 0x72, 0x6d, 0x61, 0x6c, 0x69, 0x7a, 0x61,
  0x74, 0x69, 0x6f, 0x6e, 0x2f, 0x62, 0x61, 0x74, 0x63, 0x68, 0x6e, 0x6f,
  0x72, 0x6d, 0x2f, 0x61, 0x64, 0x64, 0x5f, 0x31, 0x3b, 0x6d, 0x6f, 0x64,
  0x65, 0x6c, 0x2f, 0x63, 0x6f, 0x6e, 0x76, 0x31, 0x64, 0x2f, 0x43, 0x6f,
  0x6e, 0x76, 0x31, 0x44, 0x2f, 0x53, 0x71, 0x75, 0x65, 0x65, 0x7a, 0x65,
  0x3b, 0x6d, 0x6f, 0x64, 0x65, 0x6c, 0x2f, 0x62, 0x61, 0x74, 0x63, 0x68,
  0x5f, 0x6e, 0x6f, 0x72, 0x6d, 0x61, 0x6c, 0x69, 0x7a, 0x61, 0x74, 0x69,
  0x6f, 0x6e, 0x2f, 0x62, 0x61, 0x74, 0x63, 0x68, 0x6e, 0x6f, 0x72, 0x6d,
  0x2f, 0x6d, 0x75, 0x6c, 0x5f, 0x31, 0x3b, 0x6d, 0x6f, 0x64, 0x65, 0x6c,
  0x2f, 0x62, 0x61, 0x74, 0x63, 0x68, 0x5f, 0x6e, 0x6f, 0x72, 0x6d, 0x61,
  0x6c, 0x69, 0x7a, 0x61, 0x74, 0x69, 0x6f, 0x6e, 0x2f, 0x62, 0x61, 0x74,
  0x63, 0x68, 0x6e, 0x6f, 0x72, 0x6d, 0x2f, 0x6d, 0x75, 0x6c, 0x3b, 0x6d,
  0x6f, 0x64, 0x65, 0x6c, 0x2f, 0x62, 0x61, 0x74, 0x63, 0x68, 0x5f, 0x6e,
  0x6f, 0x72, 0x6d, 0x61, 0x6c, 0x69, 0x7a, 0x61, 0x74, 0x69, 0x6f, 0x6e,
  0x2f, 0x62, 0x61, 0x74, 0x63, 0x68, 0x6e, 0x6f, 0x72, 0x6d, 0x2f, 0x73,
  0x75, 0x62, 0x3b, 0x6d, 0x6f, 0x64, 0x65, 0x6c, 0x2f, 0x63, 0x6f, 0x6e,
  0x76, 0x31, 0x64, 0x2f, 0x43, 0x6f, 0x6e, 0x76, 0x31, 0x44, 0x00, 0x00,
  0x01, 0x00, 0x00, 0x00, 0x18, 0x00, 0x00, 0x00, 0xe6, 0xdb, 0xff, 0xff,
  0x00, 0x00, 0x00, 0x01, 0x14, 0x00, 0x00, 0x00, 0x4c, 0x01, 0x00, 0x00,
  0x17, 0x00, 0x00, 0x00, 0x00, 0x00, 0x00, 0x09, 0x78, 0x01, 0x00, 0x00,
  0x0a, 0xed, 0xff, 0xff, 0x03, 0x00, 0x00, 0x00, 0x08, 0x00, 0x00, 0x00,
  0xcc, 0x00, 0x00, 0x00, 0x18, 0x00, 0x00, 0x00, 0x00, 0x00, 0x00, 0x00,
  0x00, 0x00, 0x00, 0x00, 0x00, 0x00, 0x00, 0x00, 0x00, 0x00, 0x00, 0x00,
  0x00, 0x00, 0x00, 0x00, 0x00, 0x00, 0x00, 0x00, 0x00, 0x00, 0x00, 0x00,
  0x00, 0x00, 0x00, 0x00, 0x00, 0x00, 0x00, 0x00, 0x00, 0x00, 0x00, 0x00,
  0x00, 0x00, 0x00, 0x00, 0x00, 0x00, 0x00, 0x00, 0x00, 0x00, 0x00, 0x00,
  0x00, 0x00, 0x00, 0x00, 0x00, 0x00, 0x00, 0x00, 0x00, 0x00, 0x00, 0x00,
  0x00, 0x00, 0x00, 0x00, 0x00, 0x00, 0x00, 0x00, 0x00, 0x00, 0x00, 0x00,
  0x00, 0x00, 0x00, 0x00, 0x00, 0x00, 0x00, 0x00, 0x00, 0x00, 0x00, 0x00,
  0x00, 0x00, 0x00, 0x00, 0x00, 0x00, 0x00, 0x00, 0x00, 0x00, 0x00, 0x00,
  0x00, 0x00, 0x00, 0x00, 0x00, 0x00, 0x00, 0x00, 0x00, 0x00, 0x00, 0x00,
  0x00, 0x00, 0x00, 0x00, 0x00, 0x00, 0x00, 0x00, 0x00, 0x00, 0x00, 0x00,
  0x00, 0x00, 0x00, 0x00, 0x00, 0x00, 0x00, 0x00, 0x00, 0x00, 0x00, 0x00,
  0x00, 0x00, 0x00, 0x00, 0x00, 0x00, 0x00, 0x00, 0x00, 0x00, 0x00, 0x00,
  0x00, 0x00, 0x00, 0x00, 0x00, 0x00, 0x00, 0x00, 0x00, 0x00, 0x00, 0x00,
  0x00, 0x00, 0x00, 0x00, 0x00, 0x00, 0x00, 0x00, 0x00, 0x00, 0x00, 0x00,
  0x00, 0x00, 0x00, 0x00, 0x00, 0x00, 0x00, 0x00, 0x00, 0x00, 0x00, 0x00,
  0x00, 0x00, 0x00, 0x00, 0x00, 0x00, 0x00, 0x00, 0x00, 0x00, 0x00, 0x00,
  0x18, 0x00, 0x00, 0x00, 0x7d, 0x6d, 0x16, 0x3b, 0xb1, 0xc1, 0x23, 0x3b,
  0x25, 0x0b, 0xec, 0x3a, 0x20, 0xdc, 0x19, 0x3b, 0x94, 0xca, 0x1a, 0x3b,
  0x6c, 0xec, 0x03, 0x3b, 0x48, 0x68, 0x3d, 0x3b, 0x36, 0x1b, 0xcf, 0x3a,
  0x56, 0x93, 0xd4, 0x3a, 0x36, 0x3e, 0x0f, 0x3b, 0xa4, 0xd8, 0x43, 0x3b,
  0x62, 0xeb, 0xe3, 0x3a, 0xd9, 0xd2, 0x03, 0x3b, 0x53, 0x5a, 0x9f, 0x3a,
  0x83, 0x3b, 0xf7, 0x3a, 0xf6, 0x68, 0x28, 0x3b, 0x74, 0xf7, 0x14, 0x3b,
  0x32, 0x66, 0x19, 0x3b, 0xea, 0x36, 0x37, 0x3b, 0x79, 0x7f, 0x16, 0x3b,
  0xdf, 0x21, 0xa4, 0x3a, 0x9b, 0xa2, 0xf0, 0x3a, 0x02, 0x1f, 0xca, 0x3a,
  0xc9, 0xbe, 0x53, 0x3b, 0x31, 0x00, 0x00, 0x00, 0x6d, 0x6f, 0x64, 0x65,
  0x6c, 0x2f, 0x73, 0x65, 0x70, 0x61, 0x72, 0x61, 0x62, 0x6c, 0x65, 0x5f,
  0x63, 0x6f, 0x6e, 0x76, 0x31, 0x64, 0x2f, 0x73, 0x65, 0x70, 0x61, 0x72,
  0x61, 0x62, 0x6c, 0x65, 0x5f, 0x63, 0x6f, 0x6e, 0x76, 0x32, 0x64, 0x2f,
  0x64, 0x65, 0x70, 0x74, 0x68, 0x77, 0x69, 0x73, 0x65, 0x00, 0x00, 0x00,
  0x04, 0x00, 0x00, 0x00, 0x01, 0x00, 0x00, 0x00, 0x01, 0x00, 0x00, 0x00,
  0x03, 0x00, 0x00, 0x00, 0x18, 0x00, 0x00, 0x00, 0x8a, 0xdd, 0xff, 0xff,
  0x00, 0x00, 0x00, 0x01, 0x14, 0x00, 0x00, 0x00, 0x48, 0x01, 0x00, 0x00,
  0x16, 0x00, 0x00, 0x00, 0x00, 0x00, 0x00, 0x02, 0x50, 0x01, 0x00, 0x00,
  0x74, 0xdd, 0xff, 0xff, 0x08, 0x00, 0x00, 0x00, 0xcc, 0x00, 0x00, 0x00,
  0x18, 0x00, 0x00, 0x00, 0x00, 0x00, 0x00, 0x00, 0x00, 0x00, 0x00, 0x00,
  0x00, 0x00, 0x00, 0x00, 0x00, 0x00, 0x00, 0x00, 0x00, 0x00, 0x00, 0x00,
  0x00, 0x00, 0x00, 0x00, 0x00, 0x00, 0x00, 0x00, 0x00, 0x00, 0x00, 0x00,
  0x00, 0x00, 0x00, 0x00, 0x00, 0x00, 0x00, 0x00, 0x00, 0x00, 0x00, 0x00,
  0x00, 0x00, 0x00, 0x00, 0x00, 0x00, 0x00, 0x00, 0x00, 0x00, 0x00, 0x00,
  0x00, 0x00, 0x00, 0x00, 0x00, 0x00, 0x00, 0x00, 0x00, 0x00, 0x00, 0x00,
  0x00, 0x00, 0x00, 0x00, 0x00, 0x00, 0x00, 0x00, 0x00, 0x00, 0x00, 0x00,
  0x00, 0x00, 0x00, 0x00, 0x00, 0x00, 0x00, 0x00, 0x00, 0x00, 0x00, 0x00,
  0x00, 0x00, 0x00, 0x00, 0x00, 0x00, 0x00, 0x00, 0x00, 0x00, 0x00, 0x00,
  0x00, 0x00, 0x00, 0x00, 0x00, 0x00, 0x00, 0x00, 0x00, 0x00, 0x00, 0x00,
  0x00, 0x00, 0x00, 0x00, 0x00, 0x00, 0x00, 0x00, 0x00, 0x00, 0x00, 0x00,
  0x00, 0x00, 0x00, 0x00, 0x00, 0x00, 0x00, 0x00, 0x00, 0x00, 0x00, 0x00,
  0x00, 0x00, 0x00, 0x00, 0x00, 0x00, 0x00, 0x00, 0x00, 0x00, 0x00, 0x00,
  0x00, 0x00, 0x00, 0x00, 0x00, 0x00, 0x00, 0x00, 0x00, 0x00, 0x00, 0x00,
  0x00, 0x00, 0x00, 0x00, 0x00, 0x00, 0x00, 0x00, 0x00, 0x00, 0x00, 0x00,
  0x00, 0x00, 0x00, 0x00, 0x00, 0x00, 0x00, 0x00, 0x00, 0x00, 0x00, 0x00,
  0x00, 0x00, 0x00, 0x00, 0x00, 0x00, 0x00, 0x00, 0x18, 0x00, 0x00, 0x00,
  0xc3, 0x86, 0x62, 0x38, 0x23, 0x99, 0x76, 0x38, 0x16, 0xba, 0x31, 0x38,
  0xe2, 0xb1, 0x67, 0x38, 0xf7, 0x18, 0x69, 0x38, 0x4c, 0xa9, 0x46, 0x38,
  0xd3, 0x9c, 0x8e, 0x38, 0x59, 0xf0, 0x1b, 0x38, 0x8f, 0x0e, 0x20, 0x38,
  0x06, 0xb5, 0x57, 0x38, 0xf1, 0x75, 0x93, 0x38, 0x26, 0x9c, 0x2b, 0x38,
  0xc9, 0x82, 0x46, 0x38, 0x74, 0xf7, 0xef, 0x37, 0xc9, 0x26, 0x3a, 0x38,
  0x0c, 0x9b, 0x7d, 0x38, 0x82, 0x53, 0x60, 0x38, 0x4c, 0x00, 0x67, 0x38,
  0x23, 0xf3, 0x89, 0x38, 0xd8, 0xa1, 0x62, 0x38, 0xf9, 0x29, 0xf7, 0x37,
  0x24, 0x2f, 0x35, 0x38, 0x71, 0x2f, 0x18, 0x38, 0x85, 0x6e, 0x9f, 0x38,
  0x0f, 0x00, 0x00, 0x00, 0x61, 0x72, 0x69, 0x74, 0x68, 0x2e, 0x63, 0x6f,
  0x6e, 0x73, 0x74, 0x61, 0x6e, 0x74, 0x32, 0x00, 0x01, 0x00, 0x00, 0x00,
  0x18, 0x00, 0x00, 0x00, 0xfa, 0xde, 0xff, 0xff, 0x00, 0x00, 0x00, 0x01,
  0x14, 0x00, 0x00, 0x00, 0xa4, 0x01, 0x00, 0x00, 0x15, 0x00, 0x00, 0x00,
  0x00, 0x00, 0x00, 0x09, 0x3c, 0x02, 0x00, 0x00, 0xe4, 0xde, 0xff, 0xff,
  0x08, 0x00, 0x00, 0x00, 0x08, 0x01, 0x00, 0x00, 0x20, 0x00, 0x00, 0x00,
  0x00, 0x00, 0x00, 0x00, 0x00, 0x00, 0x00, 0x00, 0x00, 0x00, 0x00, 0x00,
  0x00, 0x00, 0x00, 0x00, 0x00, 0x00, 0x00, 0x00, 0x00, 0x00, 0x00, 0x00,
  0x00, 0x00, 0x00, 0x00, 0x00, 0x00, 0x00, 0x00, 0x00, 0x00, 0x00, 0x00,
  0x00, 0x00, 0x00, 0x00, 0x00, 0x00, 0x00, 0x00, 0x00, 0x00, 0x00, 0x00,
  0x00, 0x00, 0x00, 0x00, 0x00, 0x00, 0x00, 0x00, 0x00, 0x00, 0x00, 0x00,
  0x00, 0x00, 0x00, 0x00, 0x00, 0x00, 0x00, 0x00, 0x00, 0x00, 0x00, 0x00,
  0x00, 0x00, 0x00, 0x00, 0x00, 0x00, 0x00, 0x00, 0x00, 0x00, 0x00, 0x00,
  0x00, 0x00, 0x00, 0x00, 0x00, 0x00, 0x00, 0x00, 0x00, 0x00, 0x00, 0x00,
  0x00, 0x00, 0x00, 0x00, 0x00, 0x00, 0x00, 0x00, 0x00, 0x00, 0x00, 0x00,
  0x00, 0x00, 0x00, 0x00, 0x00, 0x00, 0x00, 0x00, 0x00, 0x00, 0x00, 0x00,
  0x00, 0x00, 0x00, 0x00, 0x00, 0x00, 0x00, 0x00, 0x00, 0x00, 0x00, 0x00,
  0x00, 0x00, 0x00, 0x00, 0x00, 0x00, 0x00, 0x00, 0x00, 0x00, 0x00, 0x00,
  0x00, 0x00, 0x00, 0x00, 0x00, 0x00, 0x00, 0x00, 0x00, 0x00, 0x00, 0x00,
  0x00, 0x00, 0x00, 0x00, 0x00, 0x00, 0x00, 0x00, 0x00, 0x00, 0x00, 0x00,
  0x00, 0x00, 0x00, 0x00, 0x00, 0x00, 0x00, 0x00, 0x00, 0x00, 0x00, 0x00,
  0x00, 0x00, 0x00, 0x00, 0x00, 0x00, 0x00, 0x00, 0x00, 0x00, 0x00, 0x00,
  0x00, 0x00, 0x00, 0x00, 0x00, 0x00, 0x00, 0x00, 0x00, 0x00, 0x00, 0x00,
  0x00, 0x00, 0x00, 0x00, 0x00, 0x00, 0x00, 0x00, 0x00, 0x00, 0x00, 0x00,
  0x00, 0x00, 0x00, 0x00, 0x00, 0x00, 0x00, 0x00, 0x00, 0x00, 0x00, 0x00,
  0x00, 0x00, 0x00, 0x00, 0x00, 0x00, 0x00, 0x00, 0x00, 0x00, 0x00, 0x00,
  0x00, 0x00, 0x00, 0x00, 0x00, 0x00, 0x00, 0x00, 0x00, 0x00, 0x00, 0x00,
  0x00, 0x00, 0x00, 0x00, 0x20, 0x00, 0x00, 0x00, 0x85, 0x79, 0x41, 0x3d,
  0xdb, 0x6d, 0xfd, 0x3c, 0x4f, 0xe8, 0xbf, 0x3c, 0x88, 0xee, 0xe3, 0x3c,
  0x24, 0x91, 0xb1, 0x3c, 0x3e, 0x22, 0xd0, 0x3c, 0x31, 0x67, 0x88, 0x3c,
  0xa5, 0xe9, 0x8e, 0x3c, 0xce, 0x01, 0x9a, 0x3c, 0x94, 0x46, 0xc4, 0x3c,
  0x95, 0x14, 0xfc, 0x3c, 0x5a, 0xb6, 0x99, 0x3c, 0xf9, 0x48, 0xcd, 0x3c,
  0x96, 0xf5, 0xa0, 0x3c, 0x09, 0x59, 0x8d, 0x3c, 0xb9, 0xbf, 0x03, 0x3d,
  0x3e, 0x0e, 0x18, 0x3d, 0x76, 0x6c, 0xc0, 0x3c, 0x4b, 0x10, 0x6a, 0x3c,
  0x4e, 0xbd, 0xab, 0x3c, 0x1f, 0x7e, 0xc8, 0x3c, 0xb3, 0x17, 0x13, 0x3d,
  0x29, 0xdc, 0x20, 0x3d, 0xef, 0xa4, 0xf1, 0x3c, 0xe7, 0xb1, 0x0a, 0x3d,
  0x81, 0x41, 0x1f, 0x3d, 0x90, 0xa8, 0x90, 0x3c, 0xd3, 0x90, 0xfe, 0x3c,
  0x87, 0x8d, 0x5b, 0x3c, 0x61, 0xa7, 0xda, 0x3c, 0x9c, 0xc6, 0xf6, 0x3c,
  0x75, 0x5d, 0xaa, 0x3c, 0x9c, 0x00, 0x00, 0x00, 0x6d, 0x6f, 0x64, 0x65,
  0x6c, 0x2f, 0x62, 0x61, 0x74, 0x63, 0x68, 0x5f, 0x6e, 0x6f, 0x72, 0x6d,
  0x61, 0x6c, 0x69, 0x7a, 0x61, 0x74, 0x69, 0x6f, 0x6e, 0x5f, 0x31, 0x2f,
  0x62, 0x61, 0x74, 0x63, 0x68, 0x6e, 0x6f, 0x72, 0x6d, 0x2f, 0x6d, 0x75,
  0x6c, 0x5f, 0x31, 0x3b, 0x6d, 0x6f, 0x64, 0x65, 0x6c, 0x2f, 0x73, 0x65,
  0x70, 0x61, 0x72, 0x61, 0x62, 0x6c, 0x65, 0x5f, 0x63, 0x6f, 0x6e, 0x76,
  0x31, 0x64, 0x2f, 0x53, 0x71, 0x75, 0x65, 0x65, 0x7a, 0x65, 0x3b, 0x6d,
  0x6f, 0x64, 0x65, 0x6c, 0x2f, 0x62, 0x61, 0x74, 0x63, 0x68, 0x5f, 0x6e,
  0x6f, 0x72, 0x6d, 0x61, 0x6c, 0x69, 0x7a, 0x61, 0x74, 0x69, 0x6f, 0x6e,
  0x5f, 0x31, 0x2f, 0x62, 0x61, 0x74, 0x63, 0x68, 0x6e, 0x6f, 0x72, 0x6d,
  0x2f, 0x6d, 0x75, 0x6c, 0x3b, 0x6d, 0x6f, 0x64, 0x65, 0x6c, 0x2f, 0x73,
  0x65, 0x70, 0x61, 0x72, 0x61, 0x62, 0x6c, 0x65, 0x5f, 0x63, 0x6f, 0x6e,
  0x76, 0x31, 0x64, 0x2f, 0x73, 0x65, 0x70, 0x61, 0x72, 0x61, 0x62, 0x6c,
  0x65, 0x5f, 0x63, 0x6f, 0x6e, 0x76, 0x32, 0x64, 0x00, 0x00, 0x00, 0x00,
  0x04, 0x00, 0x00, 0x00, 0x20, 0x00, 0x00, 0x00, 0x01, 0x00, 0x00, 0x00,
  0x01, 0x00, 0x00, 0x00, 0x18, 0x00, 0x00, 0x00, 0x62, 0xe1, 0xff, 0xff,
  0x00, 0x00, 0x00, 0x01, 0x14, 0x00, 0x00, 0x00, 0xa8, 0x01, 0x00, 0x00,
  0x14, 0x00, 0x00, 0x00, 0x00, 0x00, 0x00, 0x02, 0xac, 0x02, 0x00, 0x00,
  0x4c, 0xe1, 0xff, 0xff, 0x08, 0x00, 0x00, 0x00, 0x0c, 0x01, 0x00, 0x00,
  0x20, 0x00, 0x00, 0x00, 0x00, 0x00, 0x00, 0x00, 0x00, 0x00, 0x00, 0x00,
  0x00, 0x00, 0x00, 0x00, 0x00, 0x00, 0x00, 0x00, 0x00, 0x00, 0x00, 0x00,
  0x00, 0x00, 0x00, 0x00, 0x00, 0x00, 0x00, 0x00, 0x00, 0x00, 0x00, 0x00,
  0x00, 0x00, 0x00, 0x00, 0x00, 0x00, 0x00, 0x00, 0x00, 0x00, 0x00, 0x00,
  0x00, 0x00, 0x00, 0x00, 0x00, 0x00, 0x00, 0x00, 0x00, 0x00, 0x00, 0x00,
  0x00, 0x00, 0x00, 0x00, 0x00, 0x00, 0x00, 0x00, 0x00, 0x00, 0x00, 0x00,
  0x00, 0x00, 0x00, 0x00, 0x00, 0x00, 0x00, 0x00, 0x00, 0x00, 0x00, 0x00,
  0x00, 0x00, 0x00, 0x00, 0x00, 0x00, 0x00, 0x00, 0x00, 0x00, 0x00, 0x00,
  0x00, 0x00, 0x00, 0x00, 0x00, 0x00, 0x00, 0x00, 0x00, 0x00, 0x00, 0x00,
  0x00, 0x00, 0x00, 0x00, 0x00, 0x00, 0x00, 0x00, 0x00, 0x00, 0x00, 0x00,
  0x00, 0x00, 0x00, 0x00, 0x00, 0x00, 0x00, 0x00, 0x00, 0x00, 0x00, 0x00,
  0x00, 0x00, 0x00, 0x00, 0x00, 0x00, 0x00, 0x00, 0x00, 0x00, 0x00, 0x00,
  0x00, 0x00, 0x00, 0x00, 0x00, 0x00, 0x00, 0x00, 0x00, 0x00, 0x00, 0x00,
  0x00, 0x00, 0x00, 0x00, 0x00, 0x00, 0x00, 0x00, 0x00, 0x00, 0x00, 0x00,
  0x00, 0x00, 0x00, 0x00, 0x00, 0x00, 0x00, 0x00, 0x00, 0x00, 0x00, 0x00,
  0x00, 0x00, 0x00, 0x00, 0x00, 0x00, 0x00, 0x00, 0x00, 0x00, 0x00, 0x00,
  0x00, 0x00, 0x00, 0x00, 0x00, 0x00, 0x00, 0x00, 0x00, 0x00, 0x00, 0x00,
  0x00, 0x00, 0x00, 0x00, 0x00, 0x00, 0x00, 0x00, 0x00, 0x00, 0x00, 0x00,
  0x00, 0x00, 0x00, 0x00, 0x00, 0x00, 0x00, 0x00, 0x00, 0x00, 0x00, 0x00,
  0x00, 0x00, 0x00, 0x00, 0x00, 0x00, 0x00, 0x00, 0x00, 0x00, 0x00, 0x00,
  0x00, 0x00, 0x00, 0x00, 0x00, 0x00, 0x00, 0x00, 0x00, 0x00, 0x00, 0x00,
  0x00, 0x00, 0x00, 0x00, 0x00, 0x00, 0x00, 0x00, 0x00, 0x00, 0x00, 0x00,
  0x20, 0x00, 0x00, 0x00, 0x1c, 0xe2, 0x99, 0x3a, 0xa9, 0x91, 0x49, 0x3a,
  0x00, 0xa3, 0x18, 0x3a, 0x0c, 0x4a, 0x35, 0x3a, 0x14, 0x3b, 0x0d, 0x3a,
  0xe6, 0x8a, 0x25, 0x3a, 0x18, 0xfb, 0xd8, 0x39, 0xfa, 0x55, 0xe3, 0x39,
  0xe9, 0xfb, 0xf4, 0x39, 0x6f, 0x1c, 0x1c, 0x3a, 0x0a, 0x7f, 0x48, 0x3a,
  0xe3, 0x83, 0xf4, 0x39, 0xdd, 0x46, 0x23, 0x3a, 0x89, 0x05, 0x00, 0x3a,
  0xb7, 0xd8, 0xe0, 0x39, 0xc9, 0x93, 0x51, 0x3a, 0x3e, 0xe1, 0x71, 0x3a,
  0x1c, 0x0c, 0x19, 0x3a, 0x95, 0x2a, 0xba, 0x39, 0x85, 0x98, 0x08, 0x3a,
  0x11, 0x77, 0x1f, 0x3a, 0x26, 0xfc, 0x69, 0x3a, 0x9f, 0xe2, 0x7f, 0x3a,
  0x1a, 0x32, 0x40, 0x3a, 0x65, 0xa0, 0x5c, 0x3a, 0x61, 0x55, 0x7d, 0x3a,
  0xe7, 0x1c, 0xe6, 0x39, 0x16, 0x79, 0x4a, 0x3a, 0xfb, 0x9f, 0xae, 0x39,
  0xee, 0xe8, 0x2d, 0x3a, 0xf4, 0x46, 0x44, 0x3a, 0xac, 0x80, 0x07, 0x3a,
  0x0b, 0x01, 0x00, 0x00, 0x6d, 0x6f, 0x64, 0x65, 0x6c, 0x2f, 0x61, 0x63,
  0x74, 0x69, 0x76, 0x61, 0x74, 0x69, 0x6f, 0x6e, 0x5f, 0x31, 0x2f, 0x52,
  0x65, 0x6c, 0x75, 0x36, 0x3b, 0x6d, 0x6f, 0x64, 0x65, 0x6c, 0x2f, 0x62,
  0x61, 0x74, 0x63, 0x68, 0x5f, 0x6e, 0x6f, 0x72, 0x6d, 0x61, 0x6c, 0x69,
  0x7a, 0x61, 0x74, 0x69, 0x6f, 0x6e, 0x5f, 0x31, 0x2f, 0x62, 0x61, 0x74,
  0x63, 0x68, 0x6e, 0x6f, 0x72, 0x6d, 0x2f, 0x61, 0x64, 0x64, 0x5f, 0x31,
  0x3b, 0x6d, 0x6f, 0x64, 0x65, 0x6c, 0x2f, 0x73, 0x65, 0x70, 0x61, 0x72,
  0x61, 0x62, 0x6c, 0x65, 0x5f, 0x63, 0x6f, 0x6e, 0x76, 0x31, 0x64, 0x2f,
  0x53, 0x71, 0x75, 0x65, 0x65, 0x7a, 0x65, 0x3b, 0x6d, 0x6f, 0x64, 0x65,
  0x6c, 0x2f, 0x62, 0x61, 0x74, 0x63, 0x68, 0x5f, 0x6e, 0x6f, 0x72, 0x6d,
  0x61, 0x6c, 0x69, 0x7a, 0x61, 0x74, 0x69, 0x6f, 0x6e, 0x5f, 0x31, 0x2f,
  0x62, 0x61, 0x74, 0x63, 0x68, 0x6e, 0x6f, 0x72, 0x6d, 0x2f, 0x6d, 0x75,
  0x6c, 0x5f, 0x31, 0x3b, 0x6d, 0x6f, 0x64, 0x65, 0x6c, 0x2f, 0x62, 0x61,
  0x74, 0x63, 0x68, 0x5f, 0x6e, 0x6f, 0x72, 0x6d, 0x61, 0x6c, 0x69, 0x7a,
  0x61, 0x74, 0x69, 0x6f, 0x6e, 0x5f, 0x31, 0x2f, 0x62, 0x61, 0x74, 0x63,
  0x68, 0x6e, 0x6f, 0x72, 0x6d, 0x2f, 0x6d, 0x75, 0x6c, 0x3b, 0x6d, 0x6f,
  0x64, 0x65, 0x6c, 0x2f, 0x62, 0x61, 0x74, 0x63, 0x68, 0x5f, 0x6e, 0x6f,
  0x72, 0x6d, 0x61, 0x6c, 0x69, 0x7a, 0x61, 0x74, 0x69, 0x6f, 0x6e, 0x5f,
  0x31, 0x2f, 0x62, 0x61, 0x74, 0x63, 0x68, 0x6e, 0x6f, 0x72, 0x6d, 0x2f,
  0x73, 0x75, 0x62, 0x3b, 0x6d, 0x6f, 0x64, 0x65, 0x6c, 0x2f, 0x73, 0x65,
  0x70, 0x61, 0x72, 0x61, 0x62, 0x6c, 0x65, 0x5f, 0x63, 0x6f, 0x6e, 0x76,
  0x31, 0x64, 0x2f, 0x73, 0x65, 0x70, 0x61, 0x72, 0x61, 0x62, 0x6c, 0x65,
  0x5f, 0x63, 0x6f, 0x6e, 0x76, 0x32, 0x64, 0x00, 0x01, 0x00, 0x00, 0x00,
  0x20, 0x00, 0x00, 0x00, 0x2e, 0xe4, 0xff, 0xff, 0x00, 0x00, 0x00, 0x01,
  0x14, 0x00, 0x00, 0x00, 0xac, 0x01, 0x00, 0x00, 0x13, 0x00, 0x00, 0x00,
  0x00, 0x00, 0x00, 0x09, 0xd8, 0x01, 0x00, 0x00, 0x52, 0xf5, 0xff, 0xff,
  0x03, 0x00, 0x00, 0x00, 0x08, 0x00, 0x00, 0x00, 0x0c, 0x01, 0x00, 0x00,
  0x20, 0x00, 0x00, 0x00, 0x00, 0x00, 0x00, 0x00, 0x00, 0x00, 0x00, 0x00,
  0x00, 0x00, 0x00, 0x00, 0x00, 0x00, 0x00, 0x00, 0x00, 0x00, 0x00, 0x00,
  0x00, 0x00, 0x00, 0x00, 0x00, 0x00, 0x00, 0x00, 0x00, 0x00, 0x00, 0x00,
  0x00, 0x00, 0x00, 0x00, 0x00, 0x00, 0x00, 0x00, 0x00, 0x00, 0x00, 0x00,
  0x00, 0x00, 0x00, 0x00, 0x00, 0x00, 0x00, 0x00, 0x00, 0x00, 0x00, 0x00,
  0x00, 0x00, 0x00, 0x00, 0x00, 0x00, 0x00, 0x00, 0x00, 0x00, 0x00, 0x00,
  0x00, 0x00, 0x00, 0x00, 0x00, 0x00, 0x00, 0x00, 0x00, 0x00, 0x00, 0x00,
  0x00, 0x00, 0x00, 0x00, 0x00, 0x00, 0x00, 0x00, 0x00, 0x00, 0x00, 0x00,
  0x00, 0x00, 0x00, 0x00, 0x00, 0x00, 0x00, 0x00, 0x00, 0x00, 0x00, 0x00,
  0x00, 0x00, 0x00, 0x00, 0x00, 0x00, 0x00, 0x00, 0x00, 0x00, 0x00, 0x00,
  0x00, 0x00, 0x00, 0x00, 0x00, 0x00, 0x00, 0x00, 0x00, 0x00, 0x00, 0x00,
  0x00, 0x00, 0x00, 0x00, 0x00, 0x00, 0x00, 0x00, 0x00, 0x00, 0x00, 0x00,
  0x00, 0x00, 0x00, 0x00, 0x00, 0x00, 0x00, 0x00, 0x00, 0x00, 0x00, 0x00,
  0x00, 0x00, 0x00, 0x00, 0x00, 0x00, 0x00, 0x00, 0x00, 0x00, 0x00, 0x00,
  0x00, 0x00, 0x00, 0x00, 0x00, 0x00, 0x00, 0x00, 0x00, 0x00, 0x00, 0x00,
  0x00, 0x00, 0x00, 0x00, 0x00, 0x00, 0x00, 0x00, 0x00, 0x00, 0x00, 0x00,
  0x00, 0x00, 0x00, 0x00, 0x00, 0x00, 0x00, 0x00, 0x00, 0x00, 0x00, 0x00,
  0x00, 0x00, 0x00, 0x00, 0x00, 0x00, 0x00, 0x00, 0x00, 0x00, 0x00, 0x00,
  0x00, 0x00, 0x00, 0x00, 0x00, 0x00, 0x00, 0x00, 0x00, 0x00, 0x00, 0x00,
  0x00, 0x00, 0x00, 0x00, 0x00, 0x00, 0x00, 0x00, 0x00, 0x00, 0x00, 0x00,
  0x00, 0x00, 0x00, 0x00, 0x00, 0x00, 0x00, 0x00, 0x00, 0x00, 0x00, 0x00,
  0x00, 0x00, 0x00, 0x00, 0x00, 0x00, 0x00, 0x00, 0x00, 0x00, 0x00, 0x00,
  0x20, 0x00, 0x00, 0x00, 0xd3, 0x46, 0xd1, 0x3a, 0xa8, 0xb8, 0x01, 0x3b,
  0x1e, 0xb3, 0x3f, 0x3b, 0xf8, 0x01, 0x0c, 0x3b, 0xa8, 0xce, 0xe1, 0x3a,
  0xb7, 0x1f, 0x05, 0x3b, 0x49, 0x51, 0xbb, 0x3a, 0xb2, 0x69, 0x10, 0x3b,
  0x6b, 0xcc, 0xd1, 0x3a, 0xbf, 0x4f, 0xec, 0x3a, 0xc8, 0xd5, 0x03, 0x3b,
  0x62, 0x5c, 0xbd, 0x3a, 0x60, 0x2d, 0x90, 0x3a, 0x6c, 0x8a, 0xff, 0x3a,
  0xf0, 0x9d, 0x0a, 0x3b, 0xf8, 0xa7, 0x07, 0x3b, 0xcd, 0x3d, 0xa7, 0x3a,
  0x72, 0x75, 0xdb, 0x3a, 0x46, 0x30, 0xce, 0x3a, 0x82, 0x19, 0x35, 0x3b,
  0x5b, 0x94, 0x25, 0x3b, 0x50, 0xab, 0x32, 0x3b, 0xf3, 0xca, 0xd0, 0x3a,
  0x8b, 0xfd, 0x9e, 0x3a, 0x6b, 0x04, 0xb2, 0x3a, 0x29, 0xf2, 0xac, 0x3a,
  0x0a, 0x22, 0x31, 0x3b, 0x45, 0xe6, 0x2c, 0x3b, 0x0f, 0x73, 0x53, 0x3b,
  0x15, 0xb7, 0x29, 0x3b, 0x56, 0xd3, 0x31, 0x3b, 0x5c, 0x5a, 0xd2, 0x3a,
  0x33, 0x00, 0x00, 0x00, 0x6d, 0x6f, 0x64, 0x65, 0x6c, 0x2f, 0x73, 0x65,
  0x70, 0x61, 0x72, 0x61, 0x62, 0x6c, 0x65, 0x5f, 0x63, 0x6f, 0x6e, 0x76,
  0x31, 0x64, 0x5f, 0x31, 0x2f, 0x73, 0x65, 0x70, 0x61, 0x72, 0x61, 0x62,
  0x6c, 0x65, 0x5f, 0x63, 0x6f, 0x6e, 0x76, 0x32, 0x64, 0x2f, 0x64, 0x65,
  0x70, 0x74, 0x68, 0x77, 0x69, 0x73, 0x65, 0x00, 0x04, 0x00, 0x00, 0x00,
  0x01, 0x00, 0x00, 0x00, 0x01, 0x00, 0x00, 0x00, 0x03, 0x00, 0x00, 0x00,
  0x20, 0x00, 0x00, 0x00, 0x32, 0xe6, 0xff, 0xff, 0x00, 0x00, 0x00, 0x01,
  0x14, 0x00, 0x00, 0x00, 0xa8, 0x01, 0x00, 0x00, 0x12, 0x00, 0x00, 0x00,
  0x00, 0x00, 0x00, 0x02, 0xb0, 0x01, 0x00, 0x00, 0x1c, 0xe6, 0xff, 0xff,
  0x08, 0x00, 0x00, 0x00, 0x0c, 0x01, 0x00, 0x00, 0x20, 0x00, 0x00, 0x00,
  0x00, 0x00, 0x00, 0x00, 0x00, 0x00, 0x00, 0x00, 0x00, 0x00, 0x00, 0x00,
  0x00, 0x00, 0x00, 0x00, 0x00, 0x00, 0x00, 0x00, 0x00, 0x00, 0x00, 0x00,
  0x00, 0x00, 0x00, 0x00, 0x00, 0x00, 0x00, 0x00, 0x00, 0x00, 0x00, 0x00,
  0x00, 0x00, 0x00, 0x00, 0x00, 0x00, 0x00, 0x00, 0x00, 0x00, 0x00, 0x00,
  0x00, 0x00, 0x00, 0x00, 0x00, 0x00, 0x00, 0x00, 0x00, 0x00, 0x00, 0x00,
  0x00, 0x00, 0x00, 0x00, 0x00, 0x00, 0x00, 0x00, 0x00, 0x00, 0x00, 0x00,
  0x00, 0x00, 0x00, 0x00, 0x00, 0x00, 0x00, 0x00, 0x00, 0x00, 0x00, 0x00,
  0x00, 0x00, 0x00, 0x00, 0x00, 0x00, 0x00, 0x00, 0x00, 0x00, 0x00, 0x00,
  0x00, 0x00, 0x00, 0x00, 0x00, 0x00, 0x00, 0x00, 0x00, 0x00, 0x00, 0x00,
  0x00, 0x00, 0x00, 0x00, 0x00, 0x00, 0x00, 0x00, 0x00, 0x00, 0x00, 0x00,
  0x00, 0x00, 0x00, 0x00, 0x00, 0x00, 0x00, 0x00, 0x00, 0x00, 0x00, 0x00,
  0x00, 0x00, 0x00, 0x00, 0x00, 0x00, 0x00, 0x00, 0x00, 0x00, 0x00, 0x00,
  0x00, 0x00, 0x00, 0x00, 0x00, 0x00, 0x00, 0x00, 0x00, 0x00, 0x00, 0x00,
  0x00, 0x00, 0x00, 0x00, 0x00, 0x00, 0x00, 0x00, 0x00, 0x00, 0x00, 0x00,
  0x00, 0x00, 0x00, 0x00, 0x00, 0x00, 0x00, 0x00, 0x00, 0x00, 0x00, 0x00,
  0x00, 0x00, 0x00, 0x00, 0x00, 0x00, 0x00, 0x00, 0x00, 0x00, 0x00, 0x00,
  0x00, 0x00, 0x00, 0x00, 0x00, 0x00, 0x00, 0x00, 0x00, 0x00, 0x00, 0x00,
  0x00, 0x00, 0x00, 0x00, 0x00, 0x00, 0x00, 0x00, 0x00, 0x00, 0x00, 0x00,
  0x00, 0x00, 0x00, 0x00, 0x00, 0x00, 0x00, 0x00, 0x00, 0x00, 0x00, 0x00,
  0x00, 0x00, 0x00, 0x00, 0x00, 0x00, 0x00, 0x00, 0x00, 0x00, 0x00, 0x00,
  0x00, 0x00, 0x00, 0x00, 0x00, 0x00, 0x00, 0x00, 0x00, 0x00, 0x00, 0x00,
  0x00, 0x00, 0x00, 0x00, 0x00, 0x00, 0x00, 0x00, 0x20, 0x00, 0x00, 0x00,
  0xb1, 0x92, 0x1d, 0x38, 0x55, 0x58, 0x43, 0x38, 0xad, 0x56, 0x90, 0x38,
  0xca, 0xd5, 0x52, 0x38, 0x03, 0x05, 0x2a, 0x38, 0x0b, 0x78, 0x48, 0x38,
  0x01, 0x0a, 0x0d, 0x38, 0x03, 0x78, 0x59, 0x38, 0x48, 0xf7, 0x1d, 0x38,
  0xbd, 0xed, 0x31, 0x38, 0x33, 0x87, 0x46, 0x38, 0xde, 0x93, 0x0e, 0x38,
  0x2d, 0x1d, 0xd9, 0x37, 0x39, 0x68, 0x40, 0x38, 0xa6, 0xbd, 0x50, 0x38,
  0x3c, 0x48, 0x4c, 0x38, 0x8c, 0xd8, 0xfb, 0x37, 0x53, 0x3d, 0x25, 0x38,
  0x74, 0x3f, 0x1b, 0x38, 0x7d, 0x5b, 0x88, 0x38, 0xe1, 0x57, 0x79, 0x38,
  0x03, 0x87, 0x86, 0x38, 0x6c, 0x35, 0x1d, 0x38, 0xbd, 0x6b, 0xef, 0x37,
  0x5a, 0x09, 0x06, 0x38, 0xd7, 0x37, 0x02, 0x38, 0xe7, 0x5e, 0x85, 0x38,
  0xe3, 0x2e, 0x82, 0x38, 0x81, 0x35, 0x9f, 0x38, 0x32, 0x92, 0x7f, 0x38,
  0x65, 0xe4, 0x85, 0x38, 0x27, 0x62, 0x1e, 0x38, 0x0f, 0x00, 0x00, 0x00,
  0x61, 0x72, 0x69, 0x74, 0x68, 0x2e, 0x63, 0x6f, 0x6e, 0x73, 0x74, 0x61,
  0x6e, 0x74, 0x31, 0x00, 0x01, 0x00, 0x00, 0x00, 0x20, 0x00, 0x00, 0x00,
  0x02, 0xe8, 0xff, 0xff, 0x00, 0x00, 0x00, 0x01, 0x14, 0x00, 0x00, 0x00,
  0x68, 0x02, 0x00, 0x00, 0x11, 0x00, 0x00, 0x00, 0x00, 0x00, 0x00, 0x09,
  0x04, 0x03, 0x00, 0x00, 0xec, 0xe7, 0xff, 0xff, 0x08, 0x00, 0x00, 0x00,
  0x8c, 0x01, 0x00, 0x00, 0x30, 0x00, 0x00, 0x00, 0x00, 0x00, 0x00, 0x00,
  0x00, 0x00, 0x00, 0x00, 0x00, 0x00, 0x00, 0x00, 0x00, 0x00, 0x00, 0x00,
  0x00, 0x00, 0x00, 0x00, 0x00, 0x00, 0x00, 0x00, 0x00, 0x00, 0x00, 0x00,
  0x00, 0x00, 0x00, 0x00, 0x00, 0x00, 0x00, 0x00, 0x00, 0x00, 0x00, 0x00,
  0x00, 0x00, 0x00, 0x00, 0x00, 0x00, 0x00, 0x00, 0x00, 0x00, 0x00, 0x00,
  0x00, 0x00, 0x00, 0x00, 0x00, 0x00, 0x00, 0x00, 0x00, 0x00, 0x00, 0x00,
  0x00, 0x00, 0x00, 0x00, 0x00, 0x00, 0x00, 0x00, 0x00, 0x00, 0x00, 0x00,
  0x00, 0x00, 0x00, 0x00, 0x00, 0x00, 0x00, 0x00, 0x00, 0x00, 0x00, 0x00,
  0x00, 0x00, 0x00, 0x00, 0x00, 0x00, 0x00, 0x00, 0x00, 0x00, 0x00, 0x00,
  0x00, 0x00, 0x00, 0x00, 0x00, 0x00, 0x00, 0x00, 0x00, 0x00, 0x00, 0x00,
  0x00, 0x00, 0x00, 0x00, 0x00, 0x00, 0x00, 0x00, 0x00, 0x00, 0x00, 0x00,
  0x00, 0x00, 0x00, 0x00, 0x00, 0x00, 0x00, 0x00, 0x00, 0x00, 0x00, 0x00,
  0x00, 0x00, 0x00, 0x00, 0x00, 0x00, 0x00, 0x00, 0x00, 0x00, 0x00, 0x00,
  0x00, 0x00, 0x00, 0x00, 0x00, 0x00, 0x00, 0x00, 0x00, 0x00, 0x00, 0x00,
  0x00, 0x00, 0x00, 0x00, 0x00, 0x00, 0x00, 0x00, 0x00, 0x00, 0x00, 0x00,
  0x00, 0x00, 0x00, 0x00, 0x00, 0x00, 0x00, 0x00, 0x00, 0x00, 0x00, 0x00,
  0x00, 0x00, 0x00, 0x00, 0x00, 0x00, 0x00, 0x00, 0x00, 0x00, 0x00, 0x00,
  0x00, 0x00, 0x00, 0x00, 0x00, 0x00, 0x00, 0x00, 0x00, 0x00, 0x00, 0x00,
  0x00, 0x00, 0x00, 0x00, 0x00, 0x00, 0x00, 0x00, 0x00, 0x00, 0x00, 0x00,
  0x00, 0x00, 0x00, 0x00, 0x00, 0x00, 0x00, 0x00, 0x00, 0x00, 0x00, 0x00,
  0x00, 0x00, 0x00, 0x00, 0x00, 0x00, 0x00, 0x00, 0x00, 0x00, 0x00, 0x00,
  0x00, 0x00, 0x00, 0x00, 0x00, 0x00, 0x00, 0x00, 0x00, 0x00, 0x00, 0x00,
  0x00, 0x00, 0x00, 0x00, 0x00, 0x00, 0x00, 0x00, 0x00, 0x00, 0x00, 0x00,
  0x00, 0x00, 0x00, 0x00, 0x00, 0x00, 0x00, 0x00, 0x00, 0x00, 0x00, 0x00,
  0x00, 0x00, 0x00, 0x00, 0x00, 0x00, 0x00, 0x00, 0x00, 0x00, 0x00, 0x00,
  0x00, 0x00, 0x00, 0x00, 0x00, 0x00, 0x00, 0x00, 0x00, 0x00, 0x00, 0x00,
  0x00, 0x00, 0x00, 0x00, 0x00, 0x00, 0x00, 0x00, 0x00, 0x00, 0x00, 0x00,
  0x00, 0x00, 0x00, 0x00, 0x00, 0x00, 0x00, 0x00, 0x00, 0x00, 0x00, 0x00,
  0x00, 0x00, 0x00, 0x00, 0x00, 0x00, 0x00, 0x00, 0x00, 0x00, 0x00, 0x00,
  0x00, 0x00, 0x00, 0x00, 0x00, 0x00, 0x00, 0x00, 0x00, 0x00, 0x00, 0x00,
  0x00, 0x00, 0x00, 0x00, 0x00, 0x00, 0x00, 0x00, 0x00, 0x00, 0x00, 0x00,
  0x00, 0x00, 0x00, 0x00, 0x00, 0x00, 0x00, 0x00, 0x00, 0x00, 0x00, 0x00,
  0x00, 0x00, 0x00, 0x00, 0x00, 0x00, 0x00, 0x00, 0x00, 0x00, 0x00, 0x00,
  0x30, 0x00, 0x00, 0x00, 0x5c, 0x62, 0x48, 0x3c, 0x81, 0x26, 0x63, 0x3c,
  0xf9, 0x02, 0xa6, 0x3c, 0x33, 0xab, 0x46, 0x3c, 0x85, 0x79, 0x43, 0x3c,
  0x5b, 0x85, 0x6d, 0x3c, 0x18, 0x8f, 0x2c, 0x3c, 0x00, 0x61, 0xb1, 0x3c,
  0x63, 0x42, 0x5e, 0x3c, 0x0f, 0xad, 0xa0, 0x3c, 0xf7, 0x64, 0xb2, 0x3c,
  0xca, 0xe7, 0x99, 0x3c, 0x0a, 0x77, 0x2f, 0x3c, 0xda, 0x2e, 0x70, 0x3c,
  0x6d, 0x71, 0x71, 0x3c, 0xcf, 0x03, 0x54, 0x3c, 0xf1, 0x53, 0x67, 0x3c,
  0x63, 0x6b, 0x70, 0x3c, 0xa5, 0x0f, 0x67, 0x3c, 0xea, 0xd7, 0x4a, 0x3c,
  0x69, 0xca, 0x4b, 0x3c, 0x34, 0x62, 0xdb, 0x3c, 0x4d, 0xed, 0x7a, 0x3c,
  0xb9, 0xd0, 0xae, 0x3c, 0xaa, 0x60, 0x26, 0x3c, 0xf4, 0x30, 0xbf, 0x3c,
  0xf1, 0xf8, 0x72, 0x3c, 0x8e, 0xbd, 0x78, 0x3c, 0x94, 0x61, 0x85, 0x3c,
  0x09, 0xb9, 0x8c, 0x3c, 0xcb, 0xff, 0x7b, 0x3c, 0x33, 0x3c, 0x5e, 0x3c,
  0xdb, 0x49, 0xa0, 0x3c, 0x6b, 0xc3, 0x95, 0x3c, 0x2a, 0x6b, 0x83, 0x3c,
  0xaa, 0xe8, 0x85, 0x3c, 0x9b, 0xeb, 0x65, 0x3c, 0xb9, 0x8e, 0x30, 0x3c,
  0x5e, 0x77, 0xc8, 0x3c, 0x8f, 0x55, 0x98, 0x3c, 0x0b, 0x79, 0x8a, 0x3c,
  0x9e, 0x30, 0x62, 0x3c, 0x8e, 0xb5, 0x44, 0x3c, 0xdd, 0x12, 0xad, 0x3c,
  0xd2, 0xf6, 0x5e, 0x3c, 0xe4, 0x02, 0x80, 0x3c, 0xe5, 0xcf, 0xa9, 0x3c,
  0x3c, 0x33, 0x44, 0x3c, 0xa0, 0x00, 0x00, 0x00, 0x6d, 0x6f, 0x64, 0x65,
  0x6c, 0x2f, 0x62, 0x61, 0x74, 0x63, 0x68, 0x5f, 0x6e, 0x6f, 0x72, 0x6d,
  0x61, 0x6c, 0x69, 0x7a, 0x61, 0x74, 0x69, 0x6f, 0x6e, 0x5f, 0x32, 0x2f,
  0x62, 0x61, 0x74, 0x63, 0x68, 0x6e, 0x6f, 0x72, 0x6d, 0x2f, 0x6d, 0x75,
  0x6c, 0x5f, 0x31, 0x3b, 0x6d, 0x6f, 0x64, 0x65, 0x6c, 0x2f, 0x73, 0x65,
  0x70, 0x61, 0x72, 0x61, 0x62, 0x6c, 0x65, 0x5f, 0x63, 0x6f, 0x6e, 0x76,
  0x31, 0x64, 0x5f, 0x31, 0x2f, 0x53, 0x71, 0x75, 0x65, 0x65, 0x7a, 0x65,
  0x3b, 0x6d, 0x6f, 0x64, 0x65, 0x6c, 0x2f, 0x62, 0x61, 0x74, 0x63, 0x68,
  0x5f, 0x6e, 0x6f, 0x72, 0x6d, 0x61, 0x6c, 0x69, 0x7a, 0x61, 0x74, 0x69,
  0x6f, 0x6e, 0x5f, 0x32, 0x2f, 0x62, 0x61, 0x74, 0x63, 0x68, 0x6e, 0x6f,
  0x72, 0x6d, 0x2f, 0x6d, 0x75, 0x6c, 0x3b, 0x6d, 0x6f, 0x64, 0x65, 0x6c,
  0x2f, 0x73, 0x65, 0x70, 0x61, 0x72, 0x61, 0x62, 0x6c, 0x65, 0x5f, 0x63,
  0x6f, 0x6e, 0x76, 0x31, 0x64, 0x5f, 0x31, 0x2f, 0x73, 0x65, 0x70, 0x61,
  0x72, 0x61, 0x62, 0x6c, 0x65, 0x5f, 0x63, 0x6f, 0x6e, 0x76, 0x32, 0x64,
  0x00, 0x00, 0x00, 0x00, 0x04, 0x00, 0x00, 0x00, 0x30, 0x00, 0x00, 0x00,
  0x01, 0x00, 0x00, 0x00, 0x01, 0x00, 0x00, 0x00, 0x20, 0x00, 0x00, 0x00,
  0x32, 0xeb, 0xff, 0xff, 0x00, 0x00, 0x00, 0x01, 0x14, 0x00, 0x00, 0x00,
  0x68, 0x02, 0x00, 0x00, 0x10, 0x00, 0x00, 0x00, 0x00, 0x00, 0x00, 0x02,
  0x70, 0x03, 0x00, 0x00, 0x1c, 0xeb, 0xff, 0xff, 0x08, 0x00, 0x00, 0x00,
  0x8c, 0x01, 0x00, 0x00, 0x30, 0x00, 0x00, 0x00, 0x00, 0x00, 0x00, 0x00,
  0x00, 0x00, 0x00, 0x00, 0x00, 0x00, 0x00, 0x00, 0x00, 0x00, 0x00, 0x00,
  0x00, 0x00, 0x00, 0x00, 0x00, 0x00, 0x00, 0x00, 0x00, 0x00, 0x00, 0x00,
  0x00, 0x00, 0x00, 0x00, 0x00, 0x00, 0x00, 0x00, 0x00, 0x00, 0x00, 0x00,
  0x00, 0x00, 0x00, 0x00, 0x00, 0x00, 0x00, 0x00, 0x00, 0x00, 0x00, 0x00,
  0x00, 0x00, 0x00, 0x00, 0x00, 0x00, 0x00, 0x00, 0x00, 0x00, 0x00, 0x00,
  0x00, 0x00, 0x00, 0x00, 0x00, 0x00, 0x00, 0x00, 0x00, 0x00, 0x00, 0x00,
  0x00, 0x00, 0x00, 0x00, 0x00, 0x00, 0x00, 0x00, 0x00, 0x00, 0x00, 0x00,
  0x00, 0x00, 0x00, 0x00, 0x00, 0x00, 0x00, 0x00, 0x00, 0x00, 0x00, 0x00,
  0x00, 0x00, 0x00, 0x00, 0x00, 0x00, 0x00, 0x00, 0x00, 0x00, 0x00, 0x00,
  0x00, 0x00, 0x00, 0x00, 0x00, 0x00, 0x00, 0x00, 0x00, 0x00, 0x00, 0x00,
  0x00, 0x00, 0x00, 0x00, 0x00, 0x00, 0x00, 0x00, 0x00, 0x00, 0x00, 0x00,
  0x00, 0x00, 0x00, 0x00, 0x00, 0x00, 0x00, 0x00, 0x00, 0x00, 0x00, 0x00,
  0x00, 0x00, 0x00, 0x00, 0x00, 0x00, 0x00, 0x00, 0x00, 0x00, 0x00, 0x00,
  0x00, 0x00, 0x00, 0x00, 0x00, 0x00, 0x00, 0x00, 0x00, 0x00, 0x00, 0x00,
  0x00, 0x00, 0x00, 0x00, 0x00, 0x00, 0x00, 0x00, 0x00, 0x00, 0x00, 0x00,
  0x00, 0x00, 0x00, 0x00, 0x00, 0x00, 0x00, 0x00, 0x00, 0x00, 0x00, 0x00,
  0x00, 0x00, 0x00, 0x00, 0x00, 0x00, 0x00, 0x00, 0x00, 0x00, 0x00, 0x00,
  0x00, 0x00, 0x00, 0x00, 0x00, 0x00, 0x00, 0x00, 0x00, 0x00, 0x00, 0x00,
  0x00, 0x00, 0x00, 0x00, 0x00, 0x00, 0x00, 0x00, 0x00, 0x00, 0x00, 0x00,
  0x00, 0x00, 0x00, 0x00, 0x00, 0x00, 0x00, 0x00, 0x00, 0x00, 0x00, 0x00,
  0x00, 0x00, 0x00, 0x00, 0x00, 0x00, 0x00, 0x00, 0x00, 0x00, 0x00, 0x00,
  0x00, 0x00, 0x00, 0x00, 0x00, 0x00, 0x00, 0x00, 0x00, 0x00, 0x00, 0x00,
  0x00, 0x00, 0x00, 0x00, 0x00, 0x00, 0x00, 0x00, 0x00, 0x00, 0x00, 0x00,
  0x00, 0x00, 0x00, 0x00, 0x00, 0x00, 0x00, 0x00, 0x00, 0x00, 0x00, 0x00,
  0x00, 0x00, 0x00, 0x00, 0x00, 0x00, 0x00, 0x00, 0x00, 0x00, 0x00, 0x00,
  0x00, 0x00, 0x00, 0x00, 0x00, 0x00, 0x00, 0x00, 0x00, 0x00, 0x00, 0x00,
  0x00, 0x00, 0x00, 0x00, 0x00, 0x00, 0x00, 0x00, 0x00, 0x00, 0x00, 0x00,
  0x00, 0x00, 0x00, 0x00, 0x00, 0x00, 0x00, 0x00, 0x00, 0x00, 0x00, 0x00,
  0x00, 0x00, 0x00, 0x00, 0x00, 0x00, 0x00, 0x00, 0x00, 0x00, 0x00, 0x00,
  0x00, 0x00, 0x00, 0x00, 0x00, 0x00, 0x00, 0x00, 0x00, 0x00, 0x00, 0x00,
  0x00, 0x00, 0x00, 0x00, 0x00, 0x00, 0x00, 0x00, 0x00, 0x00, 0x00, 0x00,
  0x00, 0x00, 0x00, 0x00, 0x00, 0x00, 0x00, 0x00, 0x00, 0x00, 0x00, 0x00,
  0x30, 0x00, 0x00, 0x00, 0xbe, 0x92, 0xaa, 0x39, 0x7f, 0x5b, 0xc1, 0x39,
  0x6f, 0x50, 0x0d, 0x3a, 0xea, 0x1c, 0xa9, 0x39, 0xe1, 0x64, 0xa6, 0x39,
  0x63, 0x2f, 0xca, 0x39, 0x33, 0xe3, 0x92, 0x39, 0x89, 0xfd, 0x16, 0x3a,
  0xa8, 0x31, 0xbd, 0x39, 0xb9, 0xc5, 0x08, 0x3a, 0xd4, 0xda, 0x17, 0x3a,
  0x50, 0x02, 0x03, 0x3a, 0x78, 0x5c, 0x95, 0x39, 0x80, 0x73, 0xcc, 0x39,
  0x15, 0x86, 0xcd, 0x39, 0x3d, 0x79, 0xb4, 0x39, 0xd6, 0xe9, 0xc4, 0x39,
  0x07, 0xa7, 0xcc, 0x39, 0xb3, 0xaf, 0xc4, 0x39, 0xa3, 0xaa, 0xac, 0x39,
  0x0f, 0x79, 0xad, 0x39, 0xfe, 0xbe, 0x3a, 0x3a, 0xc4, 0x98, 0xd5, 0x39,
  0xe5, 0xce, 0x14, 0x3a, 0x2f, 0xa0, 0x8d, 0x39, 0x73, 0xbf, 0x22, 0x3a,
  0x5a, 0xd3, 0xce, 0x39, 0x4b, 0xbc, 0xd3, 0x39, 0x88, 0x13, 0xe3, 0x39,
  0x3c, 0x93, 0xef, 0x39, 0x6c, 0x82, 0xd6, 0x39, 0x64, 0x2c, 0xbd, 0x39,
  0x47, 0x71, 0x08, 0x3a, 0x62, 0xf7, 0xfe, 0x39, 0x31, 0xbc, 0xdf, 0x39,
  0x83, 0xf9, 0xe3, 0x39, 0x1b, 0xb7, 0xc3, 0x39, 0x8b, 0x4a, 0x96, 0x39,
  0x9f, 0xa4, 0x2a, 0x3a, 0xec, 0xab, 0x01, 0x3a, 0xa1, 0xbe, 0xeb, 0x39,
  0x31, 0x8a, 0xc0, 0x39, 0xe6, 0x71, 0xa7, 0x39, 0x5d, 0x53, 0x13, 0x3a,
  0x3f, 0xcb, 0xbd, 0x39, 0x2e, 0xef, 0xd9, 0x39, 0x9d, 0x8c, 0x10, 0x3a,
  0xf7, 0x02, 0xa7, 0x39, 0x0f, 0x01, 0x00, 0x00, 0x6d, 0x6f, 0x64, 0x65,
  0x6c, 0x2f, 0x61, 0x63, 0x74, 0x69, 0x76, 0x61, 0x74, 0x69, 0x6f, 0x6e,
  0x5f, 0x32, 0x2f, 0x52, 0x65, 0x6c, 0x75, 0x36, 0x3b, 0x6d, 0x6f, 0x64,
  0x65, 0x6c, 0x2f, 0x62, 0x61, 0x74, 0x63, 0x68, 0x5f, 0x6e, 0x6f, 0x72,
  0x6d, 0x61, 0x6c, 0x69, 0x7a, 0x61, 0x74, 0x69, 0x6f, 0x6e, 0x5f, 0x32,
  0x2f, 0x62, 0x61, 0x74, 0x63, 0x68, 0x6e, 0x6f, 0x72, 0x6d, 0x2f, 0x61,
  0x64, 0x64, 0x5f, 0x31, 0x3b, 0x6d, 0x6f, 0x64, 0x65, 0x6c, 0x2f, 0x73,
  0x65, 0x70, 0x61, 0x72, 0x61, 0x62, 0x6c, 0x65, 0x5f, 0x63, 0x6f, 0x6e,
  0x76, 0x31, 0x64, 0x5f, 0x31, 0x2f, 0x53, 0x71, 0x75, 0x65, 0x65, 0x7a,
  0x65, 0x3b, 0x6d, 0x6f, 0x64, 0x65, 0x6c, 0x2f, 0x62, 0x61, 0x74, 0x63,
  0x68, 0x5f, 0x6e, 0x6f, 0x72, 0x6d, 0x61, 0x6c, 0x69, 0x7a, 0x61, 0x74,
  0x69, 0x6f, 0x6e, 0x5f, 0x32, 0x2f, 0x62, 0x61, 0x74, 0x63, 0x68, 0x6e,
  0x6f, 0x72, 0x6d, 0x2f, 0x6d, 0x75, 0x6c, 0x5f, 0x31, 0x3b, 0x6d, 0x6f,
  0x64, 0x65, 0x6c, 0x2f, 0x62, 0x61, 0x74, 0x63, 0x68, 0x5f, 0x6e, 0x6f,
  0x72, 0x6d, 0x61, 0x6c, 0x69, 0x7a, 0x61, 0x74, 0x69, 0x6f, 0x6e, 0x5f,
  0x32, 0x2f, 0x62, 0x61, 0x74, 0x63, 0x68, 0x6e, 0x6f, 0x72, 0x6d, 0x2f,
  0x6d, 0x75, 0x6c, 0x3b, 0x6d, 0x6f, 0x64, 0x65, 0x6c, 0x2f, 0x62, 0x61,
  0x74, 0x63, 0x68, 0x5f, 0x6e, 0x6f, 0x72, 0x6d, 0x61, 0x6c, 0x69, 0x7a,
  0x61, 0x74, 0x69, 0x6f, 0x6e, 0x5f, 0x32, 0x2f, 0x62, 0x61, 0x74, 0x63,
  0x68, 0x6e, 0x6f, 0x72, 0x6d, 0x2f, 0x73, 0x75, 0x62, 0x3b, 0x6d, 0x6f,
  0x64, 0x65, 0x6c, 0x2f, 0x73, 0x65, 0x70, 0x61, 0x72, 0x61, 0x62, 0x6c,
  0x65, 0x5f, 0x63, 0x6f, 0x6e, 0x76, 0x31, 0x64, 0x5f, 0x31, 0x2f, 0x73,
  0x65, 0x70, 0x61, 0x72, 0x61, 0x62, 0x6c, 0x65, 0x5f, 0x63, 0x6f, 0x6e,
  0x76, 0x32, 0x64, 0x00, 0x01, 0x00, 0x00, 0x00, 0x30, 0x00, 0x00, 0x00,
  0x00, 0x00, 0x16, 0x00, 0x1e, 0x00, 0x18, 0x00, 0x17, 0x00, 0x10, 0x00,
  0x0c, 0x00, 0x08, 0x00, 0x00, 0x00, 0x00, 0x00, 0x00, 0x00, 0x07, 0x00,
  0x16, 0x00, 0x00, 0x00, 0x00, 0x00, 0x00, 0x01, 0x28, 0x00, 0x00, 0x00,
  0x80, 0x02, 0x00, 0x00, 0x0f, 0x00, 0x00, 0x00, 0x00, 0x00, 0x00, 0x09,
  0xac, 0x02, 0x00, 0x00, 0x00, 0x00, 0x12, 0x00, 0x10, 0x00, 0x00, 0x00,
  0x00, 0x00, 0x0c, 0x00, 0x08, 0x00, 0x00, 0x00, 0x00, 0x00, 0x04, 0x00,
  0x12, 0x00, 0x00, 0x00, 0x03, 0x00, 0x00, 0x00, 0x08, 0x00, 0x00, 0x00,
  0x8c, 0x01, 0x00, 0x00, 0x30, 0x00, 0x00, 0x00, 0x00, 0x00, 0x00, 0x00,
  0x00, 0x00, 0x00, 0x00, 0x00, 0x00, 0x00, 0x00, 0x00, 0x00, 0x00, 0x00,
  0x00, 0x00, 0x00, 0x00, 0x00, 0x00, 0x00, 0x00, 0x00, 0x00, 0x00, 0x00,
  0x00, 0x00, 0x00, 0x00, 0x00, 0x00, 0x00, 0x00, 0x00, 0x00, 0x00, 0x00,
  0x00, 0x00, 0x00, 0x00, 0x00, 0x00, 0x00, 0x00, 0x00, 0x00, 0x00, 0x00,
  0x00, 0x00, 0x00, 0x00, 0x00, 0x00, 0x00, 0x00, 0x00, 0x00, 0x00, 0x00,
  0x00, 0x00, 0x00, 0x00, 0x00, 0x00, 0x00, 0x00, 0x00, 0x00, 0x00, 0x00,
  0x00, 0x00, 0x00, 0x00, 0x00, 0x00, 0x00, 0x00, 0x00, 0x00, 0x00, 0x00,
  0x00, 0x00, 0x00, 0x00, 0x00, 0x00, 0x00, 0x00, 0x00, 0x00, 0x00, 0x00,
  0x00, 0x00, 0x00, 0x00, 0x00, 0x00, 0x00, 0x00, 0x00, 0x00, 0x00, 0x00,
  0x00, 0x00, 0x00, 0x00, 0x00, 0x00, 0x00, 0x00, 0x00, 0x00, 0x00, 0x00,
  0x00, 0x00, 0x00, 0x00, 0x00, 0x00, 0x00, 0x00, 0x00, 0x00, 0x00, 0x00,
  0x00, 0x00, 0x00, 0x00, 0x00, 0x00, 0x00, 0x00, 0x00, 0x00, 0x00, 0x00,
  0x00, 0x00, 0x00, 0x00, 0x00, 0x00, 0x00, 0x00, 0x00, 0x00, 0x00, 0x00,
  0x00, 0x00, 0x00, 0x00, 0x00, 0x00, 0x00, 0x00, 0x00, 0x00, 0x00, 0x00,
  0x00, 0x00, 0x00, 0x00, 0x00, 0x00, 0x00, 0x00, 0x00, 0x00, 0x00, 0x00,
  0x00, 0x00, 0x00, 0x00, 0x00, 0x00, 0x00, 0x00, 0x00, 0x00, 0x00, 0x00,
  0x00, 0x00, 0x00, 0x00, 0x00, 0x00, 0x00, 0x00, 0x00, 0x00, 0x00, 0x00,
  0x00, 0x00, 0x00, 0x00, 0x00, 0x00, 0x00, 0x00, 0x00, 0x00, 0x00, 0x00,
  0x00, 0x00, 0x00, 0x00, 0x00, 0x00, 0x00, 0x00, 0x00, 0x00, 0x00, 0x00,
  0x00, 0x00, 0x00, 0x00, 0x00, 0x00, 0x00, 0x00, 0x00, 0x00, 0x00, 0x00,
  0x00, 0x00, 0x00, 0x00, 0x00, 0x00, 0x00, 0x00, 0x00, 0x00, 0x00, 0x00,
  0x00, 0x00, 0x00, 0x00, 0x00, 0x00, 0x00, 0x00, 0x00, 0x00, 0x00, 0x00,
  0x00, 0x00, 0x00, 0x00, 0x00, 0x00, 0x00, 0x00, 0x00, 0x00, 0x00, 0x00,
  0x00, 0x00, 0x00, 0x00, 0x00, 0x00, 0x00, 0x00, 0x00, 0x00, 0x00, 0x00,
  0x00, 0x00, 0x00, 0x00, 0x00, 0x00, 0x00, 0x00, 0x00, 0x00, 0x00, 0x00,
  0x00, 0x00, 0x00, 0x00, 0x00, 0x00, 0x00, 0x00, 0x00, 0x00, 0x00, 0x00,
  0x00, 0x00, 0x00, 0x00, 0x00, 0x00, 0x00, 0x00, 0x00, 0x00, 0x00, 0x00,
  0x00, 0x00, 0x00, 0x00, 0x00, 0x00, 0x00, 0x00, 0x00, 0x00, 0x00, 0x00,
  0x00, 0x00, 0x00, 0x00, 0x00, 0x00, 0x00, 0x00, 0x00, 0x00, 0x00, 0x00,
  0x00, 0x00, 0x00, 0x00, 0x00, 0x00, 0x00, 0x00, 0x00, 0x00, 0x00, 0x00,
  0x00, 0x00, 0x00, 0x00, 0x00, 0x00, 0x00, 0x00, 0x00, 0x00, 0x00, 0x00,
  0x00, 0x00, 0x00, 0x00, 0x00, 0x00, 0x00, 0x00, 0x00, 0x00, 0x00, 0x00,
  0x30, 0x00, 0x00, 0x00, 0xeb, 0x30, 0xd6, 0x3a, 0xfb, 0x3e, 0x50, 0x3a,
  0xd9, 0xd8, 0xd4, 0x3a, 0x08, 0x61, 0xcf, 0x3a, 0xba, 0x0e, 0x8b, 0x3a,
  0x68, 0x11, 0xd7, 0x3a, 0xb4, 0xf1, 0x2d, 0x3b, 0x0b, 0x35, 0xc8, 0x3a,
  0x6a, 0xc9, 0x25, 0x3b, 0xc4, 0x3c, 0xc7, 0x3a, 0x96, 0x36, 0x1a, 0x3b,
  0x4a, 0xbc, 0x7f, 0x3a, 0x6e, 0xfc, 0xa1, 0x3a, 0x53, 0x03, 0x28, 0x3b,
  0xfa, 0xc7, 0xe3, 0x3a, 0x3b, 0xf1, 0xbb, 0x3a, 0x33, 0xae, 0x8c, 0x3a,
  0xf2, 0x06, 0x25, 0x3b, 0x32, 0x04, 0x0d, 0x3b, 0xb6, 0xff, 0xb3, 0x3a,
  0x42, 0x90, 0xfe, 0x3a, 0x31, 0x76, 0x8d, 0x3a, 0xb1, 0xa7, 0x9e, 0x3a,
  0x22, 0xc4, 0xca, 0x3a, 0x2f, 0x2c, 0xf9, 0x3a, 0x7d, 0xba, 0x42, 0x3a,
  0x32, 0xd7, 0x48, 0x3a, 0xa7, 0x27, 0x14, 0x3a, 0x75, 0x98, 0xb8, 0x3a,
  0x38, 0x94, 0x47, 0x3b, 0xc6, 0x4f, 0x92, 0x3a, 0x84, 0xaa, 0x19, 0x3b,
  0xfd, 0x87, 0x10, 0x3b, 0xa8, 0x9b, 0x7f, 0x3a, 0x28, 0x9b, 0xb4, 0x3a,
  0x08, 0x98, 0x05, 0x3b, 0x5a, 0x2f, 0x27, 0x3b, 0xa6, 0xd5, 0x8b, 0x3a,
  0xf9, 0xef, 0xf0, 0x3a, 0x07, 0x4a, 0x45, 0x3b, 0xa7, 0xcd, 0xc6, 0x3a,
  0x80, 0x23, 0xfc, 0x3a, 0x27, 0x4d, 0xcb, 0x3a, 0xc4, 0xf0, 0x98, 0x3a,
  0x89, 0xcb, 0xeb, 0x3a, 0xa7, 0x0d, 0xf1, 0x3a, 0x7c, 0x24, 0xfb, 0x3a,
  0x00, 0x18, 0xd4, 0x3a, 0x33, 0x00, 0x00, 0x00, 0x6d, 0x6f, 0x64, 0x65,
  0x6c, 0x2f, 0x73, 0x65, 0x70, 0x61, 0x72, 0x61, 0x62, 0x6c, 0x65, 0x5f,
  0x63, 0x6f, 0x6e, 0x76, 0x31, 0x64, 0x5f, 0x32, 0x2f, 0x73, 0x65, 0x70,
  0x61, 0x72, 0x61, 0x62, 0x6c, 0x65, 0x5f, 0x63, 0x6f, 0x6e, 0x76, 0x32,
  0x64, 0x2f, 0x64, 0x65, 0x70, 0x74, 0x68, 0x77, 0x69, 0x73, 0x65, 0x00,
  0x04, 0x00, 0x00, 0x00, 0x01, 0x00, 0x00, 0x00, 0x01, 0x00, 0x00, 0x00,
  0x03, 0x00, 0x00, 0x00, 0x30, 0x00, 0x00, 0x00, 0xb2, 0xf1, 0xff, 0xff,
  0x00, 0x00, 0x00, 0x01, 0x14, 0x00, 0x00, 0x00, 0x68, 0x02, 0x00, 0x00,
  0x0e, 0x00, 0x00, 0x00, 0x00, 0x00, 0x00, 0x02, 0x70, 0x02, 0x00, 0x00,
  0x9c, 0xf1, 0xff, 0xff, 0x08, 0x00, 0x00, 0x00, 0x8c, 0x01, 0x00, 0x00,
  0x30, 0x00, 0x00, 0x00, 0x00, 0x00, 0x00, 0x00, 0x00, 0x00, 0x00, 0x00,
  0x00, 0x00, 0x00, 0x00, 0x00, 0x00, 0x00, 0x00, 0x00, 0x00, 0x00, 0x00,
  0x00, 0x00, 0x00, 0x00, 0x00, 0x00, 0x00, 0x00, 0x00, 0x00, 0x00, 0x00,
  0x00, 0x00, 0x00, 0x00, 0x00, 0x00, 0x00, 0x00, 0x00, 0x00, 0x00, 0x00,
  0x00, 0x00, 0x00, 0x00, 0x00, 0x00, 0x00, 0x00, 0x00, 0x00, 0x00, 0x00,
  0x00, 0x00, 0x00, 0x00, 0x00, 0x00, 0x00, 0x00, 0x00, 0x00, 0x00, 0x00,
  0x00, 0x00, 0x00, 0x00, 0x00, 0x00, 0x00, 0x00, 0x00, 0x00, 0x00, 0x00,
  0x00, 0x00, 0x00, 0x00, 0x00, 0x00, 0x00, 0x00, 0x00, 0x00, 0x00, 0x00,
  0x00, 0x00, 0x00, 0x00, 0x00, 0x00, 0x00, 0x00, 0x00, 0x00, 0x00, 0x00,
  0x00, 0x00, 0x00, 0x00, 0x00, 0x00, 0x00, 0x00, 0x00, 0x00, 0x00, 0x00,
  0x00, 0x00, 0x00, 0x00, 0x00, 0x00, 0x00, 0x00, 0x00, 0x00, 0x00, 0x00,
  0x00, 0x00, 0x00, 0x00, 0x00, 0x00, 0x00, 0x00, 0x00, 0x00, 0x00, 0x00,
  0x00, 0x00, 0x00, 0x00, 0x00, 0x00, 0x00, 0x00, 0x00, 0x00, 0x00, 0x00,
  0x00, 0x00, 0x00, 0x00, 0x00, 0x00, 0x00, 0x00, 0x00, 0x00, 0x00, 0x00,
  0x00, 0x00, 0x00, 0x00, 0x00, 0x00, 0x00, 0x00, 0x00, 0x00, 0x00, 0x00,
  0x00, 0x00, 0x00, 0x00, 0x00, 0x00, 0x00, 0x00, 0x00, 0x00, 0x00, 0x00,
  0x00, 0x00, 0x00, 0x00, 0x00, 0x00, 0x00, 0x00, 0x00, 0x00, 0x00, 0x00,
  0x00, 0x00, 0x00, 0x00, 0x00, 0x00, 0x00, 0x00, 0x00, 0x00, 0x00, 0x00,
  0x00, 0x00, 0x00, 0x00, 0x00, 0x00, 0x00, 0x00, 0x00, 0x00, 0x00, 0x00,
  0x00, 0x00, 0x00, 0x00, 0x00, 0x00, 0x00, 0x00, 0x00, 0x00, 0x00, 0x00,
  0x00, 0x00, 0x00, 0x00, 0x00, 0x00, 0x00, 0x00, 0x00, 0x00, 0x00, 0x00,
  0x00, 0x00, 0x00, 0x00, 0x00, 0x00, 0x00, 0x00, 0x00, 0x00, 0x00, 0x00,
  0x00, 0x00, 0x00, 0x00, 0x00, 0x00, 0x00, 0x00, 0x00, 0x00, 0x00, 0x00,
  0x00, 0x00, 0x00, 0x00, 0x00, 0x00, 0x00, 0x00, 0x00, 0x00, 0x00, 0x00,
  0x00, 0x00, 0x00, 0x00, 0x00, 0x00, 0x00, 0x00, 0x00, 0x00, 0x00, 0x00,
  0x00, 0x00, 0x00, 0x00, 0x00, 0x00, 0x00, 0x00, 0x00, 0x00, 0x00, 0x00,
  0x00, 0x00, 0x00, 0x00, 0x00, 0x00, 0x00, 0x00, 0x00, 0x00, 0x00, 0x00,
  0x00, 0x00, 0x00, 0x00, 0x00, 0x00, 0x00, 0x00, 0x00, 0x00, 0x00, 0x00,
  0x00, 0x00, 0x00, 0x00, 0x00, 0x00, 0x00, 0x00, 0x00, 0x00, 0x00, 0x00,
  0x00, 0x00, 0x00, 0x00, 0x00, 0x00, 0x00, 0x00, 0x00, 0x00, 0x00, 0x00,
  0x00, 0x00, 0x00, 0x00, 0x00, 0x00, 0x00, 0x00, 0x00, 0x00, 0x00, 0x00,
  0x00, 0x00, 0x00, 0x00, 0x00, 0x00, 0x00, 0x00, 0x00, 0x00, 0x00, 0x00,
  0x00, 0x00, 0x00, 0x00, 0x00, 0x00, 0x00, 0x00, 0x30, 0x00, 0x00, 0x00,
  0xf6, 0x45, 0x21, 0x38, 0x08, 0xcc, 0x9c, 0x37, 0xe6, 0x42, 0x20, 0x38,
  0xeb, 0x24, 0x1c, 0x38, 0x7f, 0x67, 0xd1, 0x37, 0xfd, 0xee, 0x21, 0x38,
  0x3f, 0xf8, 0x82, 0x38, 0x87, 0xbe, 0x16, 0x38, 0xc7, 0xa7, 0x79, 0x38,
  0x97, 0x03, 0x16, 0x38, 0x1b, 0x3a, 0x68, 0x38, 0xc6, 0x8d, 0xc0, 0x37,
  0x94, 0xee, 0xf3, 0x37, 0xff, 0x01, 0x7d, 0x38, 0x7d, 0x81, 0x2b, 0x38,
  0x6f, 0x82, 0x0d, 0x38, 0x26, 0xd9, 0xd3, 0x37, 0xee, 0x82, 0x78, 0x38,
  0xa6, 0x5a, 0x54, 0x38, 0x50, 0x87, 0x07, 0x38, 0xde, 0xab, 0x3f, 0x38,
  0x50, 0x06, 0xd5, 0x37, 0x74, 0xea, 0xee, 0x37, 0xc5, 0xab, 0x18, 0x38,
  0xc0, 0x9c, 0x3b, 0x38, 0x7c, 0x9e, 0x92, 0x37, 0x9e, 0x38, 0x97, 0x37,
  0x95, 0x1a, 0x5f, 0x37, 0x55, 0xfd, 0x0a, 0x38, 0x70, 0x45, 0x96, 0x38,
  0xfd, 0x53, 0xdc, 0x37, 0x2d, 0x67, 0x67, 0x38, 0xa1, 0xa5, 0x59, 0x38,
  0x33, 0x75, 0xc0, 0x37, 0x5b, 0xfc, 0x07, 0x38, 0x39, 0x2d, 0x49, 0x38,
  0xca, 0xc2, 0x7b, 0x38, 0x0c, 0x93, 0xd2, 0x37, 0x64, 0x69, 0x35, 0x38,
  0x12, 0x8c, 0x94, 0x38, 0xed, 0xaf, 0x15, 0x38, 0x79, 0xd8, 0x3d, 0x38,
  0xf0, 0x12, 0x19, 0x38, 0x76, 0x4f, 0xe6, 0x37, 0x31, 0x8a, 0x31, 0x38,
  0xbd, 0x7f, 0x35, 0x38, 0x76, 0x18, 0x3d, 0x38, 0xb2, 0xb1, 0x1f, 0x38,
  0x0e, 0x00, 0x00, 0x00, 0x61, 0x72, 0x69, 0x74, 0x68, 0x2e, 0x63, 0x6f,
  0x6e, 0x73, 0x74, 0x61, 0x6e, 0x74, 0x00, 0x00, 0x01, 0x00, 0x00, 0x00,
  0x30, 0x00, 0x00, 0x00, 0x42, 0xf4, 0xff, 0xff, 0x00, 0x00, 0x00, 0x01,
  0x14, 0x00, 0x00, 0x00, 0x28, 0x03, 0x00, 0x00, 0x0d, 0x00, 0x00, 0x00,
  0x00, 0x00, 0x00, 0x09, 0xc4, 0x03, 0x00, 0x00, 0x2c, 0xf4, 0xff, 0xff,
  0x08, 0x00, 0x00, 0x00, 0x0c, 0x02, 0x00, 0x00, 0x40, 0x00, 0x00, 0x00,
  0x00, 0x00, 0x00, 0x00, 0x00, 0x00, 0x00, 0x00, 0x00, 0x00, 0x00, 0x00,
  0x00, 0x00, 0x00, 0x00, 0x00, 0x00, 0x00, 0x00, 0x00, 0x00, 0x00, 0x00,
  0x00, 0x00, 0x00, 0x00, 0x00, 0x00, 0x00, 0x00, 0x00, 0x00, 0x00, 0x00,
  0x00, 0x00, 0x00, 0x00, 0x00, 0x00, 0x00, 0x00, 0x00, 0x00, 0x00, 0x00,
  0x00, 0x00, 0x00, 0x00, 0x00, 0x00, 0x00, 0x00, 0x00, 0x00, 0x00, 0x00,
  0x00, 0x00, 0x00, 0x00, 0x00, 0x00, 0x00, 0x00, 0x00, 0x00, 0x00, 0x00,
  0x00, 0x00, 0x00, 0x00, 0x00, 0x00, 0x00, 0x00, 0x00, 0x00, 0x00, 0x00,
  0x00, 0x00, 0x00, 0x00, 0x00, 0x00, 0x00, 0x00, 0x00, 0x00, 0x00, 0x00,
  0x00, 0x00, 0x00, 0x00, 0x00, 0x00, 0x00, 0x00, 0x00, 0x00, 0x00, 0x00,
  0x00, 0x00, 0x00, 0x00, 0x00, 0x00, 0x00, 0x00, 0x00, 0x00, 0x00, 0x00,
  0x00, 0x00, 0x00, 0x00, 0x00, 0x00, 0x00, 0x00, 0x00, 0x00, 0x00, 0x00,
  0x00, 0x00, 0x00, 0x00, 0x00, 0x00, 0x00, 0x00, 0x00, 0x00, 0x00, 0x00,
  0x00, 0x00, 0x00, 0x00, 0x00, 0x00, 0x00, 0x00, 0x00, 0x00, 0x00, 0x00,
  0x00, 0x00, 0x00, 0x00, 0x00, 0x00, 0x00, 0x00, 0x00, 0x00, 0x00, 0x00,
  0x00, 0x00, 0x00, 0x00, 0x00, 0x00, 0x00, 0x00, 0x00, 0x00, 0x00, 0x00,
  0x00, 0x00, 0x00, 0x00, 0x00, 0x00, 0x00, 0x00, 0x00, 0x00, 0x00, 0x00,
  0x00, 0x00, 0x00, 0x00, 0x00, 0x00, 0x00, 0x00, 0x00, 0x00, 0x00, 0x00,
  0x00, 0x00, 0x00, 0x00, 0x00, 0x00, 0x00, 0x00, 0x00, 0x00, 0x00, 0x00,
  0x00, 0x00, 0x00, 0x00, 0x00, 0x00, 0x00, 0x00, 0x00, 0x00, 0x00, 0x00,
  0x00, 0x00, 0x00, 0x00, 0x00, 0x00, 0x00, 0x00, 0x00, 0x00, 0x00, 0x00,
  0x00, 0x00, 0x00, 0x00, 0x00, 0x00, 0x00, 0x00, 0x00, 0x00, 0x00, 0x00,
  0x00, 0x00, 0x00, 0x00, 0x00, 0x00, 0x00, 0x00, 0x00, 0x00, 0x00, 0x00,
  0x00, 0x00, 0x00, 0x00, 0x00, 0x00, 0x00, 0x00, 0x00, 0x00, 0x00, 0x00,
  0x00, 0x00, 0x00, 0x00, 0x00, 0x00, 0x00, 0x00, 0x00, 0x00, 0x00, 0x00,
  0x00, 0x00, 0x00, 0x00, 0x00, 0x00, 0x00, 0x00, 0x00, 0x00, 0x00, 0x00,
  0x00, 0x00, 0x00, 0x00, 0x00, 0x00, 0x00, 0x00, 0x00, 0x00, 0x00, 0x00,
  0x00, 0x00, 0x00, 0x00, 0x00, 0x00, 0x00, 0x00, 0x00, 0x00, 0x00, 0x00,
  0x00, 0x00, 0x00, 0x00, 0x00, 0x00, 0x00, 0x00, 0x00, 0x00, 0x00, 0x00,
  0x00, 0x00, 0x00, 0x00, 0x00, 0x00, 0x00, 0x00, 0x00, 0x00, 0x00, 0x00,
  0x00, 0x00, 0x00, 0x00, 0x00, 0x00, 0x00, 0x00, 0x00, 0x00, 0x00, 0x00,
  0x00, 0x00, 0x00, 0x00, 0x00, 0x00, 0x00, 0x00, 0x00, 0x00, 0x00, 0x00,
  0x00, 0x00, 0x00, 0x00, 0x00, 0x00, 0x00, 0x00, 0x00, 0x00, 0x00, 0x00,
  0x00, 0x00, 0x00, 0x00, 0x00, 0x00, 0x00, 0x00, 0x00, 0x00, 0x00, 0x00,
  0x00, 0x00, 0x00, 0x00, 0x00, 0x00, 0x00, 0x00, 0x00, 0x00, 0x00, 0x00,
  0x00, 0x00, 0x00, 0x00, 0x00, 0x00, 0x00, 0x00, 0x00, 0x00, 0x00, 0x00,
  0x00, 0x00, 0x00, 0x00, 0x00, 0x00, 0x00, 0x00, 0x00, 0x00, 0x00, 0x00,
  0x00, 0x00, 0x00, 0x00, 0x00, 0x00, 0x00, 0x00, 0x00, 0x00, 0x00, 0x00,
  0x00, 0x00, 0x00, 0x00, 0x00, 0x00, 0x00, 0x00, 0x00, 0x00, 0x00, 0x00,
  0x00, 0x00, 0x00, 0x00, 0x00, 0x00, 0x00, 0x00, 0x00, 0x00, 0x00, 0x00,
  0x00, 0x00, 0x00, 0x00, 0x00, 0x00, 0x00, 0x00, 0x00, 0x00, 0x00, 0x00,
  0x00, 0x00, 0x00, 0x00, 0x00, 0x00, 0x00, 0x00, 0x00, 0x00, 0x00, 0x00,
  0x00, 0x00, 0x00, 0x00, 0x00, 0x00, 0x00, 0x00, 0x00, 0x00, 0x00, 0x00,
  0x00, 0x00, 0x00, 0x00, 0x00, 0x00, 0x00, 0x00, 0x00, 0x00, 0x00, 0x00,
  0x40, 0x00, 0x00, 0x00, 0x79, 0x88, 0xe4, 0x3c, 0x47, 0x72, 0xf7, 0x3c,
  0xb5, 0xd4, 0x8f, 0x3c, 0x6c, 0x12, 0xd0, 0x3c, 0xff, 0x7f, 0xd4, 0x3c,
  0xe7, 0xe9, 0xce, 0x3c, 0xd9, 0x21, 0xcd, 0x3c, 0x2c, 0x51, 0xe1, 0x3c,
  0x68, 0xbb, 0xc8, 0x3c, 0xe3, 0x7e, 0x6d, 0x3c, 0xee, 0x27, 0x06, 0x3d,
  0x92, 0xd1, 0xf5, 0x3c, 0x04, 0x61, 0xef, 0x3c, 0x0d, 0x8f, 0x8c, 0x3c,
  0x77, 0xfd, 0x03, 0x3d, 0x21, 0xca, 0xc9, 0x3c, 0x6b, 0x14, 0x8a, 0x3c,
  0x8b, 0xce, 0xbf, 0x3c, 0x8b, 0x0c, 0x0a, 0x3d, 0x84, 0x83, 0x0c, 0x3d,
  0x2d, 0x1c, 0x9b, 0x3c, 0x2a, 0x88, 0xe2, 0x3c, 0x5d, 0xae, 0xff, 0x3c,
  0xe6, 0xac, 0x0b, 0x3d, 0x5b, 0x9d, 0xbe, 0x3c, 0xb8, 0x95, 0xde, 0x3c,
  0x11, 0x8d, 0xc9, 0x3c, 0x79, 0xbe, 0xf9, 0x3c, 0x7c, 0xc0, 0xca, 0x3c,
  0xe6, 0x82, 0xd7, 0x3c, 0x1c, 0x54, 0x03, 0x3d, 0x4a, 0xa9, 0x96, 0x3c,
  0x0c, 0x3d, 0xcd, 0x3c, 0x1f, 0x9e, 0x1e, 0x3d, 0x5c, 0x81, 0x87, 0x3c,
  0xbc, 0x37, 0x94, 0x3c, 0x9b, 0xe1, 0xc0, 0x3c, 0xa9, 0x72, 0xe7, 0x3c,
  0x08, 0xf4, 0xc6, 0x3c, 0x3d, 0xc9, 0xe8, 0x3c, 0x84, 0x3e, 0xae, 0x3c,
  0xfc, 0xb6, 0xb3, 0x3c, 0x17, 0xae, 0x9f, 0x3c, 0x29, 0x7c, 0x12, 0x3d,
  0x80, 0x6b, 0xa2, 0x3c, 0x0e, 0x17, 0xaa, 0x3c, 0x49, 0x70, 0xe0, 0x3c,
  0x4c, 0xb1, 0x6b, 0x3c, 0xaf, 0x77, 0x9d, 0x3c, 0xf7, 0x6d, 0x85, 0x3c,
  0xd4, 0x43, 0x8f, 0x3c, 0xd9, 0xa7, 0xe0, 0x3c, 0x4a, 0xf5, 0xf3, 0x3c,
  0xc4, 0x65, 0xe4, 0x3c, 0xb1, 0xd7, 0xe2, 0x3c, 0x85, 0x94, 0xb0, 0x3c,
  0xd6, 0xc2, 0x96, 0x3c, 0xeb, 0x0b, 0x99, 0x3c, 0x16, 0xe8, 0x73, 0x3c,
  0x9a, 0xfb, 0x78, 0x3c, 0x93, 0x91, 0xba, 0x3c, 0xf9, 0x3d, 0xba, 0x3c,
  0xe0, 0x84, 0xbc, 0x3c, 0xe4, 0x98, 0xdd, 0x3c, 0xa0, 0x00, 0x00, 0x00,
  0x6d, 0x6f, 0x64, 0x65, 0x6c, 0x2f, 0x62, 0x61, 0x74, 0x63, 0x68, 0x5f,
  0x6e, 0x6f, 0x72, 0x6d, 0x61, 0x6c, 0x69, 0x7a, 0x61, 0x74, 0x69, 0x6f,
  0x6e, 0x5f, 0x33, 0x2f, 0x62, 0x61, 0x74, 0x63, 0x68, 0x6e, 0x6f, 0x72,
  0x6d, 0x2f, 0x6d, 0x75, 0x6c, 0x5f, 0x31, 0x3b, 0x6d, 0x6f, 0x64, 0x65,
  0x6c, 0x2f, 0x73, 0x65, 0x70, 0x61, 0x72, 0x61, 0x62, 0x6c, 0x65, 0x5f,
  0x63, 0x6f, 0x6e, 0x76, 0x31, 0x64, 0x5f, 0x32, 0x2f, 0x53, 0x71, 0x75,
  0x65, 0x65, 0x7a, 0x65, 0x3b, 0x6d, 0x6f, 0x64, 0x65, 0x6c, 0x2f, 0x62,
  0x61, 0x74, 0x63, 0x68, 0x5f, 0x6e, 0x6f, 0x72, 0x6d, 0x61, 0x6c, 0x69,
  0x7a, 0x61, 0x74, 0x69, 0x6f, 0x6e, 0x5f, 0x33, 0x2f, 0x62, 0x61, 0x74,
  0x63, 0x68, 0x6e, 0x6f, 0x72, 0x6d, 0x2f, 0x6d, 0x75, 0x6c, 0x3b, 0x6d,
  0x6f, 0x64, 0x65, 0x6c, 0x2f, 0x73, 0x65, 0x70, 0x61, 0x72, 0x61, 0x62,
  0x6c, 0x65, 0x5f, 0x63, 0x6f, 0x6e, 0x76, 0x31, 0x64, 0x5f, 0x32, 0x2f,
  0x73, 0x65, 0x70, 0x61, 0x72, 0x61, 0x62, 0x6c, 0x65, 0x5f, 0x63, 0x6f,
  0x6e, 0x76, 0x32, 0x64, 0x00, 0x00, 0x00, 0x00, 0x04, 0x00, 0x00, 0x00,
  0x40, 0x00, 0x00, 0x00, 0x01, 0x00, 0x00, 0x00, 0x01, 0x00, 0x00, 0x00,
  0x30, 0x00, 0x00, 0x00, 0x32, 0xf8, 0xff, 0xff, 0x00, 0x00, 0x00, 0x01,
  0x14, 0x00, 0x00, 0x00, 0x28, 0x03, 0x00, 0x00, 0x0c, 0x00, 0x00, 0x00,
  0x00, 0x00, 0x00, 0x02, 0x30, 0x04, 0x00, 0x00, 0x1c, 0xf8, 0xff, 0xff,
  0x08, 0x00, 0x00, 0x00, 0x0c, 0x02, 0x00, 0x00, 0x40, 0x00, 0x00, 0x00,
  0x00, 0x00, 0x00, 0x00, 0x00, 0x00, 0x00, 0x00, 0x00, 0x00, 0x00, 0x00,
  0x00, 0x00, 0x00, 0x00, 0x00, 0x00, 0x00, 0x00, 0x00, 0x00, 0x00, 0x00,
  0x00, 0x00, 0x00, 0x00, 0x00, 0x00, 0x00, 0x00, 0x00, 0x00, 0x00, 0x00,
  0x00, 0x00, 0x00, 0x00, 0x00, 0x00, 0x00, 0x00, 0x00, 0x00, 0x00, 0x00,
  0x00, 0x00, 0x00, 0x00, 0x00, 0x00, 0x00, 0x00, 0x00, 0x00, 0x00, 0x00,
  0x00, 0x00, 0x00, 0x00, 0x00, 0x00, 0x00, 0x00, 0x00, 0x00, 0x00, 0x00,
  0x00, 0x00, 0x00, 0x00, 0x00, 0x00, 0x00, 0x00, 0x00, 0x00, 0x00, 0x00,
  0x00, 0x00, 0x00, 0x00, 0x00, 0x00, 0x00, 0x00, 0x00, 0x00, 0x00, 0x00,
  0x00, 0x00, 0x00, 0x00, 0x00, 0x00, 0x00, 0x00, 0x00, 0x00, 0x00, 0x00,
  0x00, 0x00, 0x00, 0x00, 0x00, 0x00, 0x00, 0x00, 0x00, 0x00, 0x00, 0x00,
  0x00, 0x00, 0x00, 0x00, 0x00, 0x00, 0x00, 0x00, 0x00, 0x00, 0x00, 0x00,
  0x00, 0x00, 0x00, 0x00, 0x00, 0x00, 0x00, 0x00, 0x00, 0x00, 0x00, 0x00,
  0x00, 0x00, 0x00, 0x00, 0x00, 0x00, 0x00, 0x00, 0x00, 0x00, 0x00, 0x00,
  0x00, 0x00, 0x00, 0x00, 0x00, 0x00, 0x00, 0x00, 0x00, 0x00, 0x00, 0x00,
  0x00, 0x00, 0x00, 0x00, 0x00, 0x00, 0x00, 0x00, 0x00, 0x00, 0x00, 0x00,
  0x00, 0x00, 0x00, 0x00, 0x00, 0x00, 0x00, 0x00, 0x00, 0x00, 0x00, 0x00,
  0x00, 0x00, 0x00, 0x00, 0x00, 0x00, 0x00, 0x00, 0x00, 0x00, 0x00, 0x00,
  0x00, 0x00, 0x00, 0x00, 0x00, 0x00, 0x00, 0x00, 0x00, 0x00, 0x00, 0x00,
  0x00, 0x00, 0x00, 0x00, 0x00, 0x00, 0x00, 0x00, 0x00, 0x00, 0x00, 0x00,
  0x00, 0x00, 0x00, 0x00, 0x00, 0x00, 0x00, 0x00, 0x00, 0x00, 0x00, 0x00,
  0x00, 0x00, 0x00, 0x00, 0x00, 0x00, 0x00, 0x00, 0x00, 0x00, 0x00, 0x00,
  0x00, 0x00, 0x00, 0x00, 0x00, 0x00, 0x00, 0x00, 0x00, 0x00, 0x00, 0x00,
  0x00, 0x00, 0x00, 0x00, 0x00, 0x00, 0x00, 0x00, 0x00, 0x00, 0x00, 0x00,
  0x00, 0x00, 0x00, 0x00, 0x00, 0x00, 0x00, 0x00, 0x00, 0x00, 0x00, 0x00,
  0x00, 0x00, 0x00, 0x00, 0x00, 0x00, 0x00, 0x00, 0x00, 0x00, 0x00, 0x00,
  0x00, 0x00, 0x00, 0x00, 0x00, 0x00, 0x00, 0x00, 0x00, 0x00, 0x00, 0x00,
  0x00, 0x00, 0x00, 0x00, 0x00, 0x00, 0x00, 0x00, 0x00, 0x00, 0x00, 0x00,
  0x00, 0x00, 0x00, 0x00, 0x00, 0x00, 0x00, 0x00, 0x00, 0x00, 0x00, 0x00,
  0x00, 0x00, 0x00, 0x00, 0x00, 0x00, 0x00, 0x00, 0x00, 0x00, 0x00, 0x00,
  0x00, 0x00, 0x00, 0x00, 0x00, 0x00, 0x00, 0x00, 0x00, 0x00, 0x00, 0x00,
  0x00, 0x00, 0x00, 0x00, 0x00, 0x00, 0x00, 0x00, 0x00, 0x00, 0x00, 0x00,
  0x00, 0x00, 0x00, 0x00, 0x00, 0x00, 0x00, 0x00, 0x00, 0x00, 0x00, 0x00,
  0x00, 0x00, 0x00, 0x00, 0x00, 0x00, 0x00, 0x00, 0x00, 0x00, 0x00, 0x00,
  0x00, 0x00, 0x00, 0x00, 0x00, 0x00, 0x00, 0x00, 0x00, 0x00, 0x00, 0x00,
  0x00, 0x00, 0x00, 0x00, 0x00, 0x00, 0x00, 0x00, 0x00, 0x00, 0x00, 0x00,
  0x00, 0x00, 0x00, 0x00, 0x00, 0x00, 0x00, 0x00, 0x00, 0x00, 0x00, 0x00,
  0x00, 0x00, 0x00, 0x00, 0x00, 0x00, 0x00, 0x00, 0x00, 0x00, 0x00, 0x00,
  0x00, 0x00, 0x00, 0x00, 0x00, 0x00, 0x00, 0x00, 0x00, 0x00, 0x00, 0x00,
  0x00, 0x00, 0x00, 0x00, 0x00, 0x00, 0x00, 0x00, 0x00, 0x00, 0x00, 0x00,
  0x00, 0x00, 0x00, 0x00, 0x00, 0x00, 0x00, 0x00, 0x00, 0x00, 0x00, 0x00,
  0x00, 0x00, 0x00, 0x00, 0x00, 0x00, 0x00, 0x00, 0x00, 0x00, 0x00, 0x00,
  0x00, 0x00, 0x00, 0x00, 0x00, 0x00, 0x00, 0x00, 0x00, 0x00, 0x00, 0x00,
  0x00, 0x00, 0x00, 0x00, 0x00, 0x00, 0x00, 0x00, 0x00, 0x00, 0x00, 0x00,
  0x40, 0x00, 0x00, 0x00, 0x44, 0x56, 0xf7, 0x39, 0x3a, 0xe7, 0x05, 0x3a,
  0x58, 0xaa, 0x9b, 0x39, 0x39, 0x31, 0xe1, 0x39, 0x12, 0xfc, 0xe5, 0x39,
  0x4e, 0xf0, 0xdf, 0x39, 0xba, 0x02, 0xde, 0x39, 0x39, 0xdb, 0xf3, 0x39,
  0x9a, 0x3f, 0xd9, 0x39, 0xbc, 0x84, 0x80, 0x39, 0xc6, 0x31, 0x11, 0x3a,
  0xbb, 0x05, 0x05, 0x3a, 0xa2, 0x89, 0x01, 0x3a, 0xc3, 0x1f, 0x98, 0x39,
  0xb0, 0xd9, 0x0e, 0x3a, 0x99, 0x64, 0xda, 0x39, 0xea, 0x70, 0x95, 0x39,
  0xbd, 0x96, 0xcf, 0x39, 0x64, 0x68, 0x15, 0x3a, 0x47, 0x13, 0x18, 0x3a,
  0x65, 0xdf, 0xa7, 0x39, 0xce, 0x2b, 0xf5, 0x39, 0x00, 0x5c, 0x0a, 0x3a,
  0x01, 0x2b, 0x17, 0x3a, 0x70, 0x4c, 0xce, 0x39, 0x38, 0xe6, 0xf0, 0x39,
  0x83, 0x22, 0xda, 0x39, 0x86, 0x25, 0x07, 0x3a, 0x39, 0x6f, 0xdb, 0x39,
  0x67, 0x3e, 0xe9, 0x39, 0x66, 0x22, 0x0e, 0x3a, 0xcd, 0x0e, 0xa3, 0x39,
  0x2a, 0x20, 0xde, 0x39, 0x39, 0xab, 0x2b, 0x3a, 0xa0, 0xa7, 0x92, 0x39,
  0xc6, 0x69, 0xa0, 0x39, 0x6f, 0xc0, 0xd0, 0x39, 0xd9, 0x7d, 0xfa, 0x39,
  0xc2, 0x52, 0xd7, 0x39, 0x9d, 0xf0, 0xfb, 0x39, 0xc6, 0x94, 0xbc, 0x39,
  0x79, 0x80, 0xc2, 0x39, 0x92, 0xd1, 0xac, 0x39, 0xb4, 0x89, 0x1e, 0x3a,
  0xb1, 0xc8, 0xaf, 0x39, 0xcf, 0x15, 0xb8, 0x39, 0xd5, 0xe7, 0xf2, 0x39,
  0xe5, 0x15, 0x7f, 0x39, 0x8f, 0x6c, 0xaa, 0x39, 0x82, 0x68, 0x90, 0x39,
  0x8b, 0x0d, 0x9b, 0x39, 0xf7, 0x23, 0xf3, 0x39, 0xff, 0x03, 0x04, 0x3a,
  0xb4, 0x30, 0xf7, 0x39, 0xe0, 0x81, 0xf5, 0x39, 0xfb, 0x1b, 0xbf, 0x39,
  0x73, 0x2a, 0xa3, 0x39, 0xac, 0xa3, 0xa5, 0x39, 0xda, 0xfc, 0x83, 0x39,
  0x12, 0xbc, 0x86, 0x39, 0x6f, 0xeb, 0xc9, 0x39, 0xf4, 0x90, 0xc9, 0x39,
  0xd1, 0x07, 0xcc, 0x39, 0x96, 0xd4, 0xef, 0x39, 0x0f, 0x01, 0x00, 0x00,
  0x6d, 0x6f, 0x64, 0x65, 0x6c, 0x2f, 0x61, 0x63, 0x74, 0x69, 0x76, 0x61,
  0x74, 0x69, 0x6f, 0x6e, 0x5f, 0x33, 0x2f, 0x52, 0x65, 0x6c, 0x75, 0x36,
  0x3b, 0x6d, 0x6f, 0x64, 0x65, 0x6c, 0x2f, 0x62, 0x61, 0x74, 0x63, 0x68,
  0x5f, 0x6e, 0x6f, 0x72, 0x6d, 0x61, 0x6c, 0x69, 0x7a, 0x61, 0x74, 0x69,
  0x6f, 0x6e, 0x5f, 0x33, 0x2f, 0x62, 0x61, 0x74, 0x63, 0x68, 0x6e, 0x6f,
  0x72, 0x6d, 0x2f, 0x61, 0x64, 0x64, 0x5f, 0x31, 0x3b, 0x6d, 0x6f, 0x64,
  0x65, 0x6c, 0x2f, 0x73, 0x65, 0x70, 0x61, 0x72, 0x61, 0x62, 0x6c, 0x65,
  0x5f, 0x63, 0x6f, 0x6e, 0x76, 0x31, 0x64, 0x5f, 0x32, 0x2f, 0x53, 0x71,
  0x75, 0x65, 0x65, 0x7a, 0x65, 0x3b, 0x6d, 0x6f, 0x64, 0x65, 0x6c, 0x2f,
  0x62, 0x61, 0x74, 0x63, 0x68, 0x5f, 0x6e, 0x6f, 0x72, 0x6d, 0x61, 0x6c,
  0x69, 0x7a, 0x61, 0x74, 0x69, 0x6f, 0x6e, 0x5f, 0x33, 0x2f, 0x62, 0x61,
  0x74, 0x63, 0x68, 0x6e, 0x6f, 0x72, 0x6d, 0x2f, 0x6d, 0x75, 0x6c, 0x5f,
  0x31, 0x3b, 0x6d, 0x6f, 0x64, 0x65, 0x6c, 0x2f, 0x62, 0x61, 0x74, 0x63,
  0x68, 0x5f, 0x6e, 0x6f, 0x72, 0x6d, 0x61, 0x6c, 0x69, 0x7a, 0x61, 0x74,
  0x69, 0x6f, 0x6e, 0x5f, 0x33, 0x2f, 0x62, 0x61, 0x74, 0x63, 0x68, 0x6e,
  0x6f, 0x72, 0x6d, 0x2f, 0x6d, 0x75, 0x6c, 0x3b, 0x6d, 0x6f, 0x64, 0x65,
  0x6c, 0x2f, 0x62, 0x61, 0x74, 0x63, 0x68, 0x5f, 0x6e, 0x6f, 0x72, 0x6d,
  0x61, 0x6c, 0x69, 0x7a, 0x61, 0x74, 0x69, 0x6f, 0x6e, 0x5f, 0x33, 0x2f,
  0x62, 0x61, 0x74, 0x63, 0x68, 0x6e, 0x6f, 0x72, 0x6d, 0x2f, 0x73, 0x75,
  0x62, 0x3b, 0x6d, 0x6f, 0x64, 0x65, 0x6c, 0x2f, 0x73, 0x65, 0x70, 0x61,
  0x72, 0x61, 0x62, 0x6c, 0x65, 0x5f, 0x63, 0x6f, 0x6e, 0x76, 0x31, 0x64,
  0x5f, 0x32, 0x2f, 0x73, 0x65, 0x70, 0x61, 0x72, 0x61, 0x62, 0x6c, 0x65,
  0x5f, 0x63, 0x6f, 0x6e, 0x76, 0x32, 0x64, 0x00, 0x01, 0x00, 0x00, 0x00,
  0x40, 0x00, 0x00, 0x00, 0x82, 0xfc, 0xff, 0xff, 0x00, 0x00, 0x00, 0x01,
  0x14, 0x00, 0x00, 0x00, 0x60, 0x00, 0x00, 0x00, 0x0b, 0x00, 0x00, 0x00,
  0x00, 0x00, 0x00, 0x09, 0x6c, 0x00, 0x00, 0x00, 0x6c, 0xfc, 0xff, 0xff,
  0x08, 0x00, 0x00, 0x00, 0x30, 0x00, 0x00, 0x00, 0x05, 0x00, 0x00, 0x00,
  0x00, 0x00, 0x00, 0x00, 0x00, 0x00, 0x00, 0x00, 0x00, 0x00, 0x00, 0x00,
  0x00, 0x00, 0x00, 0x00, 0x00, 0x00, 0x00, 0x00, 0x00, 0x00, 0x00, 0x00,
  0x00, 0x00, 0x00, 0x00, 0x00, 0x00, 0x00, 0x00, 0x00, 0x00, 0x00, 0x00,
  0x00, 0x00, 0x00, 0x00, 0x05, 0x00, 0x00, 0x00, 0xda, 0x74, 0x06, 0x3c,
  0xe1, 0xcc, 0xc0, 0x3b, 0x5b, 0x5a, 0x05, 0x3c, 0xfc, 0x7e, 0xe5, 0x3b,
  0x32, 0x3a, 0xa0, 0x3b, 0x12, 0x00, 0x00, 0x00, 0x6d, 0x6f, 0x64, 0x65,
  0x6c, 0x2f, 0x64, 0x65, 0x6e, 0x73, 0x65, 0x2f, 0x4d, 0x61, 0x74, 0x4d,
  0x75, 0x6c, 0x00, 0x00, 0x02, 0x00, 0x00, 0x00, 0x05, 0x00, 0x00, 0x00,
  0x40, 0x00, 0x00, 0x00, 0x12, 0xfd, 0xff, 0xff, 0x00, 0x00, 0x00, 0x01,
  0x14, 0x00, 0x00, 0x00, 0x60, 0x00, 0x00, 0x00, 0x0a, 0x00, 0x00, 0x00,
  0x00, 0x00, 0x00, 0x02, 0x6c, 0x00, 0x00, 0x00, 0xfc, 0xfc, 0xff, 0xff,
  0x08, 0x00, 0x00, 0x00, 0x30, 0x00, 0x00, 0x00, 0x05, 0x00, 0x00, 0x00,
  0x00, 0x00, 0x00, 0x00, 0x00, 0x00, 0x00, 0x00, 0x00, 0x00, 0x00, 0x00,
  0x00, 0x00, 0x00, 0x00, 0x00, 0x00, 0x00, 0x00, 0x00, 0x00, 0x00, 0x00,
  0x00, 0x00, 0x00, 0x00, 0x00, 0x00, 0x00, 0x00, 0x00, 0x00, 0x00, 0x00,
  0x00, 0x00, 0x00, 0x00, 0x05, 0x00, 0x00, 0x00, 0xf9, 0x7c, 0xbc, 0x38,
  0x8b, 0x23, 0x87, 0x38, 0xf4, 0xf0, 0xba, 0x38, 0x1f, 0xdc, 0xa0, 0x38,
  0x7b, 0x9d, 0x60, 0x38, 0x13, 0x00, 0x00, 0x00, 0x6d, 0x6f, 0x64, 0x65,
  0x6c, 0x2f, 0x64, 0x65, 0x6e, 0x73, 0x65, 0x2f, 0x42, 0x69, 0x61, 0x73,
  0x41, 0x64, 0x64, 0x00, 0x01, 0x00, 0x00, 0x00, 0x05, 0x00, 0x00, 0x00,
  0x9e, 0xfd, 0xff, 0xff, 0x00, 0x00, 0x00, 0x01, 0x14, 0x00, 0x00, 0x00,
  0x14, 0x00, 0x00, 0x00, 0x09, 0x00, 0x00, 0x00, 0x00, 0x00, 0x00, 0x02,
  0x1c, 0x00, 0x00, 0x00, 0xf0, 0xfd, 0xff, 0xff, 0x0f, 0x00, 0x00, 0x00,
  0x61, 0x72, 0x69, 0x74, 0x68, 0x2e, 0x63, 0x6f, 0x6e, 0x73, 0x74, 0x61,
  0x6e, 0x74, 0x33, 0x00, 0x00, 0x00, 0x00, 0x00, 0xd6, 0xfd, 0xff, 0xff,
  0x00, 0x00, 0x00, 0x01, 0x14, 0x00, 0x00, 0x00, 0x14, 0x00, 0x00, 0x00,
  0x08, 0x00, 0x00, 0x00, 0x00, 0x00, 0x00, 0x02, 0x2c, 0x00, 0x00, 0x00,
  0x28, 0xfe, 0xff, 0xff, 0x1d, 0x00, 0x00, 0x00, 0x6d, 0x6f, 0x64, 0x65,
  0x6c, 0x2f, 0x6d, 0x61, 0x78, 0x5f, 0x70, 0x6f, 0x6f, 0x6c, 0x69, 0x6e,
  0x67, 0x31, 0x64, 0x5f, 0x32, 0x2f, 0x53, 0x71, 0x75, 0x65, 0x65, 0x7a,
  0x65, 0x00, 0x00, 0x00, 0x01, 0x00, 0x00, 0x00, 0x03, 0x00, 0x00, 0x00,
  0x22, 0xfe, 0xff, 0xff, 0x00, 0x00, 0x00, 0x01, 0x14, 0x00, 0x00, 0x00,
  0x14, 0x00, 0x00, 0x00, 0x07, 0x00, 0x00, 0x00, 0x00, 0x00, 0x00, 0x02,
  0x30, 0x00, 0x00, 0x00, 0x74, 0xfe, 0xff, 0xff, 0x20, 0x00, 0x00, 0x00,
  0x6d, 0x6f, 0x64, 0x65, 0x6c, 0x2f, 0x6d, 0x61, 0x78, 0x5f, 0x70, 0x6f,
  0x6f, 0x6c, 0x69, 0x6e, 0x67, 0x31, 0x64, 0x5f, 0x32, 0x2f, 0x45, 0x78,
  0x70, 0x61, 0x6e, 0x64, 0x44, 0x69, 0x6d, 0x73, 0x00, 0x00, 0x00, 0x00,
  0x01, 0x00, 0x00, 0x00, 0x04, 0x00, 0x00, 0x00, 0x72, 0xfe, 0xff, 0xff,
  0x00, 0x00, 0x00, 0x01, 0x14, 0x00, 0x00, 0x00, 0x14, 0x00, 0x00, 0x00,
  0x06, 0x00, 0x00, 0x00, 0x00, 0x00, 0x00, 0x02, 0x30, 0x00, 0x00, 0x00,
  0xc4, 0xfe, 0xff, 0xff, 0x23, 0x00, 0x00, 0x00, 0x6d, 0x6f, 0x64, 0x65,
  0x6c, 0x2f, 0x73, 0x65, 0x70, 0x61, 0x72, 0x61, 0x62, 0x6c, 0x65, 0x5f,
  0x63, 0x6f, 0x6e, 0x76, 0x31, 0x64, 0x5f, 0x32, 0x2f, 0x45, 0x78, 0x70,
  0x61, 0x6e, 0x64, 0x44, 0x69, 0x6d, 0x73, 0x00, 0x01, 0x00, 0x00, 0x00,
  0x04, 0x00, 0x00, 0x00, 0xc2, 0xfe, 0xff, 0xff, 0x00, 0x00, 0x00, 0x01,
  0x14, 0x00, 0x00, 0x00, 0x14, 0x00, 0x00, 0x00, 0x05, 0x00, 0x00, 0x00,
  0x00, 0x00, 0x00, 0x02, 0x30, 0x00, 0x00, 0x00, 0x14, 0xff, 0xff, 0xff,
  0x20, 0x00, 0x00, 0x00, 0x6d, 0x6f, 0x64, 0x65, 0x6c, 0x2f, 0x6d, 0x61,
  0x78, 0x5f, 0x70, 0x6f, 0x6f, 0x6c, 0x69, 0x6e, 0x67, 0x31, 0x64, 0x5f,
  0x31, 0x2f, 0x45, 0x78, 0x70, 0x61, 0x6e, 0x64, 0x44, 0x69, 0x6d, 0x73,
  0x00, 0x00, 0x00, 0x00, 0x01, 0x00, 0x00, 0x00, 0x04, 0x00, 0x00, 0x00,
  0x12, 0xff, 0xff, 0xff, 0x00, 0x00, 0x00, 0x01, 0x14, 0x00, 0x00, 0x00,
  0x14, 0x00, 0x00, 0x00, 0x04, 0x00, 0x00, 0x00, 0x00, 0x00, 0x00, 0x02,
  0x30, 0x00, 0x00, 0x00, 0x64, 0xff, 0xff, 0xff, 0x23, 0x00, 0x00, 0x00,
  0x6d, 0x6f, 0x64, 0x65, 0x6c, 0x2f, 0x73, 0x65, 0x70, 0x61, 0x72, 0x61,
  0x62, 0x6c, 0x65, 0x5f, 0x63, 0x6f, 0x6e, 0x76, 0x31, 0x64, 0x5f, 0x31,
  0x2f, 0x45, 0x78, 0x70, 0x61, 0x6e, 0x64, 0x44, 0x69, 0x6d, 0x73, 0x00,
  0x01, 0x00, 0x00, 0x00, 0x04, 0x00, 0x00, 0x00, 0x62, 0xff, 0xff, 0xff,
  0x00, 0x00, 0x00, 0x01, 0x14, 0x00, 0x00, 0x00, 0x14, 0x00, 0x00, 0x00,
  0x03, 0x00, 0x00, 0x00, 0x00, 0x00, 0x00, 0x02, 0x2c, 0x00, 0x00, 0x00,
  0xb4, 0xff, 0xff, 0xff, 0x1e, 0x00, 0x00, 0x00, 0x6d, 0x6f, 0x64, 0x65,
  0x6c, 0x2f, 0x6d, 0x61, 0x78, 0x5f, 0x70, 0x6f, 0x6f, 0x6c, 0x69, 0x6e,
  0x67, 0x31, 0x64, 0x2f, 0x45, 0x78, 0x70, 0x61, 0x6e, 0x64, 0x44, 0x69,
  0x6d, 0x73, 0x00, 0x00, 0x01, 0x00, 0x00, 0x00, 0x04, 0x00, 0x00, 0x00,
  0xae, 0xff, 0xff, 0xff, 0x00, 0x00, 0x00, 0x01, 0x18, 0x00, 0x00, 0x00,
  0x18, 0x00, 0x00, 0x00, 0x02, 0x00, 0x00, 0x00, 0x00, 0x00, 0x00, 0x02,
  0x30, 0x00, 0x00, 0x00, 0x04, 0x00, 0x04, 0x00, 0x04, 0x00, 0x00, 0x00,
  0x1e, 0x00, 0x00, 0x00, 0x6d, 0x6f, 0x64, 0x65, 0x6c, 0x2f, 0x63, 0x6f,
  0x6e, 0x76, 0x31, 0x64, 0x2f, 0x43, 0x6f, 0x6e, 0x76, 0x31, 0x44, 0x2f,
  0x45, 0x78, 0x70, 0x61, 0x6e, 0x64, 0x44, 0x69, 0x6d, 0x73, 0x00, 0x00,
  0x01, 0x00, 0x00, 0x00, 0x04, 0x00, 0x00, 0x00, 0x00, 0x00, 0x16, 0x00,
  0x1c, 0x00, 0x18, 0x00, 0x17, 0x00, 0x10, 0x00, 0x0c, 0x00, 0x08, 0x00,
  0x00, 0x00, 0x00, 0x00, 0x00, 0x00, 0x07, 0x00, 0x16, 0x00, 0x00, 0x00,
  0x00, 0x00, 0x00, 0x01, 0x20, 0x00, 0x00, 0x00, 0x40, 0x00, 0x00, 0x00,
  0x01, 0x00, 0x00, 0x00, 0x00, 0x00, 0x00, 0x09, 0x54, 0x00, 0x00, 0x00,
  0x0c, 0x00, 0x0c, 0x00, 0x00, 0x00, 0x00, 0x00, 0x08, 0x00, 0x04, 0x00,
  0x0c, 0x00, 0x00, 0x00, 0x08, 0x00, 0x00, 0x00, 0x14, 0x00, 0x00, 0x00,
  0x01, 0x00, 0x00, 0x00, 0xff, 0xff, 0xff, 0xff, 0xff, 0xff, 0xff, 0xff,
  0x00, 0x00, 0x00, 0x00, 0x01, 0x00, 0x00, 0x00, 0x81, 0x80, 0x00, 0x3c,
  0x19, 0x00, 0x00, 0x00, 0x73, 0x65, 0x72, 0x76, 0x69, 0x6e, 0x67, 0x5f,
  0x64, 0x65, 0x66, 0x61, 0x75, 0x6c, 0x74, 0x5f, 0x69, 0x6e, 0x70, 0x75,
  0x74, 0x5f, 0x32, 0x3a, 0x30, 0x00, 0x00, 0x00, 0x03, 0x00, 0x00, 0x00,
  0x01, 0x00, 0x00, 0x00, 0xc8, 0x00, 0x00, 0x00, 0x06, 0x00, 0x00, 0x00,
  0x07, 0x00, 0x00, 0x00, 0x94, 0x00, 0x00, 0x00, 0x74, 0x00, 0x00, 0x00,
  0x54, 0x00, 0x00, 0x00, 0x40, 0x00, 0x00, 0x00, 0x2c, 0x00, 0x00, 0x00,
  0x18, 0x00, 0x00, 0x00, 0x04, 0x00, 0x00, 0x00, 0xb0, 0xff, 0xff, 0xff,
  0x19, 0x00, 0x00, 0x00, 0x02, 0x00, 0x00, 0x00, 0x00, 0x00, 0x00, 0x19,
  0xc0, 0xff, 0xff, 0xff, 0x09, 0x00, 0x00, 0x00, 0x04, 0x00, 0x00, 0x00,
  0x00, 0x00, 0x00, 0x09, 0xd0, 0xff, 0xff, 0xff, 0x28, 0x00, 0x00, 0x00,
  0x02, 0x00, 0x00, 0x00, 0x00, 0x00, 0x00, 0x28, 0xe0, 0xff, 0xff, 0xff,
  0x11, 0x00, 0x00, 0x00, 0x02, 0x00, 0x00, 0x00, 0x00, 0x00, 0x00, 0x11,
  0xf0, 0xff, 0xff, 0xff, 0x04, 0x00, 0x00, 0x00, 0x03, 0x00, 0x00, 0x00,
  0x00, 0x00, 0x00, 0x04, 0x0c, 0x00, 0x10, 0x00, 0x0f, 0x00, 0x00, 0x00,
  0x08, 0x00, 0x04, 0x00, 0x0c, 0x00, 0x00, 0x00, 0x03, 0x00, 0x00, 0x00,
  0x03, 0x00, 0x00, 0x00, 0x00, 0x00, 0x00, 0x03, 0x0c, 0x00, 0x0c, 0x00,
  0x0b, 0x00, 0x00, 0x00, 0x00, 0x00, 0x04, 0x00, 0x0c, 0x00, 0x00, 0x00,
  0x16, 0x00, 0x00, 0x00, 0x00, 0x00, 0x00, 0x16
};

const unsigned int g_model_data_len = 24128;
