// ============================================================
// AUTO-GENERATED model data  --  v31
// TFLite INT8 size : 24936 bytes
// ------------------------------------------------------------
// Input  : shape=[np.int32(1), np.int32(200), np.int32(4)] dtype=int8 quant(scale=0.0078431377, zero_point=-1)
// Output : shape=[np.int32(1), np.int32(5)] dtype=int8 quant(scale=0.00390625, zero_point=-128)
// INT8<->real:  q = round(real/scale)+zero_point ; real = (q-zero_point)*scale
// ------------------------------------------------------------
// OPS cua mang (8) -- dang ky DUNG nhung op nay:
//   - CONCATENATION
//   - CONV_2D
//   - DEPTHWISE_CONV_2D
//   - FULLY_CONNECTED
//   - MAX_POOL_2D
//   - MEAN
//   - RESHAPE
//   - SOFTMAX
// (Bo qua pseudo-op: DELEGATE)
//
// GOI Y MicroMutableOpResolver (so op = 8):
//   static tflite::MicroMutableOpResolver<8> resolver;
//   resolver.AddConcatenation();
//   resolver.AddConv2D();
//   resolver.AddDepthwiseConv2D();
//   resolver.AddFullyConnected();
//   resolver.AddMaxPool2D();
//   resolver.AddMean();
//   resolver.AddReshape();
//   resolver.AddSoftmax();
// ============================================================
#include "model_data.h"

const unsigned char g_model_data[] alignas(16) = {
  0x20, 0x00, 0x00, 0x00, 0x54, 0x46, 0x4c, 0x33, 0x00, 0x00, 0x00, 0x00,
  0x14, 0x00, 0x20, 0x00, 0x1c, 0x00, 0x18, 0x00, 0x14, 0x00, 0x10, 0x00,
  0x0c, 0x00, 0x00, 0x00, 0x08, 0x00, 0x04, 0x00, 0x14, 0x00, 0x00, 0x00,
  0x1c, 0x00, 0x00, 0x00, 0x8c, 0x00, 0x00, 0x00, 0xe4, 0x00, 0x00, 0x00,
  0x70, 0x22, 0x00, 0x00, 0x80, 0x22, 0x00, 0x00, 0x78, 0x60, 0x00, 0x00,
  0x03, 0x00, 0x00, 0x00, 0x01, 0x00, 0x00, 0x00, 0x10, 0x00, 0x00, 0x00,
  0x00, 0x00, 0x0a, 0x00, 0x10, 0x00, 0x0c, 0x00, 0x08, 0x00, 0x04, 0x00,
  0x0a, 0x00, 0x00, 0x00, 0x0c, 0x00, 0x00, 0x00, 0x1c, 0x00, 0x00, 0x00,
  0x38, 0x00, 0x00, 0x00, 0x0f, 0x00, 0x00, 0x00, 0x73, 0x65, 0x72, 0x76,
  0x69, 0x6e, 0x67, 0x5f, 0x64, 0x65, 0x66, 0x61, 0x75, 0x6c, 0x74, 0x00,
  0x01, 0x00, 0x00, 0x00, 0x04, 0x00, 0x00, 0x00, 0x9c, 0xff, 0xff, 0xff,
  0x30, 0x00, 0x00, 0x00, 0x04, 0x00, 0x00, 0x00, 0x05, 0x00, 0x00, 0x00,
  0x64, 0x65, 0x6e, 0x73, 0x65, 0x00, 0x00, 0x00, 0x01, 0x00, 0x00, 0x00,
  0x04, 0x00, 0x00, 0x00, 0xd2, 0xdc, 0xff, 0xff, 0x04, 0x00, 0x00, 0x00,
  0x07, 0x00, 0x00, 0x00, 0x69, 0x6e, 0x70, 0x75, 0x74, 0x5f, 0x32, 0x00,
  0x02, 0x00, 0x00, 0x00, 0x34, 0x00, 0x00, 0x00, 0x04, 0x00, 0x00, 0x00,
  0xdc, 0xff, 0xff, 0xff, 0x33, 0x00, 0x00, 0x00, 0x04, 0x00, 0x00, 0x00,
  0x13, 0x00, 0x00, 0x00, 0x43, 0x4f, 0x4e, 0x56, 0x45, 0x52, 0x53, 0x49,
  0x4f, 0x4e, 0x5f, 0x4d, 0x45, 0x54, 0x41, 0x44, 0x41, 0x54, 0x41, 0x00,
  0x08, 0x00, 0x0c, 0x00, 0x08, 0x00, 0x04, 0x00, 0x08, 0x00, 0x00, 0x00,
  0x32, 0x00, 0x00, 0x00, 0x04, 0x00, 0x00, 0x00, 0x13, 0x00, 0x00, 0x00,
  0x6d, 0x69, 0x6e, 0x5f, 0x72, 0x75, 0x6e, 0x74, 0x69, 0x6d, 0x65, 0x5f,
  0x76, 0x65, 0x72, 0x73, 0x69, 0x6f, 0x6e, 0x00, 0x34, 0x00, 0x00, 0x00,
  0x88, 0x21, 0x00, 0x00, 0x80, 0x21, 0x00, 0x00, 0x60, 0x21, 0x00, 0x00,
  0x40, 0x21, 0x00, 0x00, 0x20, 0x21, 0x00, 0x00, 0x00, 0x21, 0x00, 0x00,
  0xe0, 0x20, 0x00, 0x00, 0xc0, 0x20, 0x00, 0x00, 0xa4, 0x20, 0x00, 0x00,
  0x90, 0x20, 0x00, 0x00, 0x78, 0x20, 0x00, 0x00, 0x54, 0x20, 0x00, 0x00,
  0xc4, 0x1d, 0x00, 0x00, 0xb4, 0x1c, 0x00, 0x00, 0xa4, 0x10, 0x00, 0x00,
  0xd4, 0x0f, 0x00, 0x00, 0x34, 0x0f, 0x00, 0x00, 0x64, 0x0e, 0x00, 0x00,
  0x54, 0x08, 0x00, 0x00, 0xc4, 0x07, 0x00, 0x00, 0x54, 0x07, 0x00, 0x00,
  0xc4, 0x06, 0x00, 0x00, 0xb4, 0x03, 0x00, 0x00, 0x44, 0x03, 0x00, 0x00,
  0xec, 0x02, 0x00, 0x00, 0x7c, 0x02, 0x00, 0x00, 0x4c, 0x01, 0x00, 0x00,
  0x44, 0x01, 0x00, 0x00, 0x3c, 0x01, 0x00, 0x00, 0x34, 0x01, 0x00, 0x00,
  0x2c, 0x01, 0x00, 0x00, 0x24, 0x01, 0x00, 0x00, 0x1c, 0x01, 0x00, 0x00,
  0x14, 0x01, 0x00, 0x00, 0x0c, 0x01, 0x00, 0x00, 0x04, 0x01, 0x00, 0x00,
  0xfc, 0x00, 0x00, 0x00, 0xf4, 0x00, 0x00, 0x00, 0xec, 0x00, 0x00, 0x00,
  0xe4, 0x00, 0x00, 0x00, 0xdc, 0x00, 0x00, 0x00, 0xd4, 0x00, 0x00, 0x00,
  0xcc, 0x00, 0x00, 0x00, 0xc4, 0x00, 0x00, 0x00, 0xbc, 0x00, 0x00, 0x00,
  0xb4, 0x00, 0x00, 0x00, 0xac, 0x00, 0x00, 0x00, 0xa4, 0x00, 0x00, 0x00,
  0x9c, 0x00, 0x00, 0x00, 0x94, 0x00, 0x00, 0x00, 0x74, 0x00, 0x00, 0x00,
  0x04, 0x00, 0x00, 0x00, 0x16, 0xde, 0xff, 0xff, 0x04, 0x00, 0x00, 0x00,
  0x60, 0x00, 0x00, 0x00, 0x0c, 0x00, 0x00, 0x00, 0x08, 0x00, 0x0e, 0x00,
  0x08, 0x00, 0x04, 0x00, 0x08, 0x00, 0x00, 0x00, 0x10, 0x00, 0x00, 0x00,
  0x28, 0x00, 0x00, 0x00, 0x00, 0x00, 0x06, 0x00, 0x08, 0x00, 0x04, 0x00,
  0x06, 0x00, 0x00, 0x00, 0x04, 0x00, 0x00, 0x00, 0x01, 0x00, 0x00, 0x00,
  0xeb, 0x03, 0x00, 0x00, 0x0c, 0x00, 0x18, 0x00, 0x14, 0x00, 0x10, 0x00,
  0x0c, 0x00, 0x04, 0x00, 0x0c, 0x00, 0x00, 0x00, 0xbf, 0x9a, 0x33, 0x3d,
  0xb2, 0x69, 0x5b, 0x1c, 0x02, 0x00, 0x00, 0x00, 0x02, 0x00, 0x00, 0x00,
  0x04, 0x00, 0x00, 0x00, 0x06, 0x00, 0x00, 0x00, 0x32, 0x2e, 0x32, 0x31,
  0x2e, 0x30, 0x00, 0x00, 0x82, 0xde, 0xff, 0xff, 0x04, 0x00, 0x00, 0x00,
  0x10, 0x00, 0x00, 0x00, 0x31, 0x2e, 0x31, 0x34, 0x2e, 0x30, 0x00, 0x00,
  0x00, 0x00, 0x00, 0x00, 0x00, 0x00, 0x00, 0x00, 0x80, 0xa2, 0xff, 0xff,
  0x84, 0xa2, 0xff, 0xff, 0x88, 0xa2, 0xff, 0xff, 0x8c, 0xa2, 0xff, 0xff,
  0x90, 0xa2, 0xff, 0xff, 0x94, 0xa2, 0xff, 0xff, 0x98, 0xa2, 0xff, 0xff,
  0x9c, 0xa2, 0xff, 0xff, 0xa0, 0xa2, 0xff, 0xff, 0xa4, 0xa2, 0xff, 0xff,
  0xa8, 0xa2, 0xff, 0xff, 0xac, 0xa2, 0xff, 0xff, 0xb0, 0xa2, 0xff, 0xff,
  0xb4, 0xa2, 0xff, 0xff, 0xb8, 0xa2, 0xff, 0xff, 0xbc, 0xa2, 0xff, 0xff,
  0xc0, 0xa2, 0xff, 0xff, 0xc4, 0xa2, 0xff, 0xff, 0xc8, 0xa2, 0xff, 0xff,
  0xcc, 0xa2, 0xff, 0xff, 0xd0, 0xa2, 0xff, 0xff, 0xd4, 0xa2, 0xff, 0xff,
  0xd8, 0xa2, 0xff, 0xff, 0xfa, 0xde, 0xff, 0xff, 0x04, 0x00, 0x00, 0x00,
  0x20, 0x01, 0x00, 0x00, 0xfe, 0x56, 0xf0, 0x69, 0x35, 0x22, 0x38, 0x32,
  0xd0, 0x7f, 0x30, 0xe4, 0x25, 0x00, 0x03, 0xf3, 0x15, 0x02, 0xe6, 0x0d,
  0x21, 0x81, 0x2d, 0x10, 0xe7, 0x4d, 0xf9, 0x7f, 0xcb, 0x6c, 0x3b, 0x2d,
  0x04, 0x38, 0x10, 0x13, 0x83, 0x9c, 0x38, 0x03, 0x81, 0x21, 0xcc, 0xfe,
  0x88, 0x07, 0x64, 0x08, 0x1f, 0x6b, 0x5c, 0xe9, 0xf9, 0x7f, 0xa3, 0x31,
  0xb3, 0x22, 0x7a, 0x7e, 0x25, 0x0f, 0xf5, 0xaa, 0xe6, 0x99, 0x22, 0x38,
  0x53, 0x95, 0xee, 0x81, 0x3a, 0x37, 0xdb, 0x21, 0xd8, 0xfb, 0xe1, 0xfe,
  0x11, 0xe1, 0x10, 0x7f, 0x7f, 0x28, 0xa9, 0xc5, 0xa6, 0xfc, 0x42, 0xf3,
  0xc7, 0x5f, 0x98, 0x4a, 0xb3, 0xe6, 0xc1, 0x34, 0x21, 0x81, 0xed, 0x0f,
  0xfb, 0xdf, 0x10, 0xd0, 0xcb, 0x47, 0xcb, 0x63, 0xbf, 0x21, 0xfe, 0xb4,
  0xb6, 0x7f, 0xce, 0x66, 0x03, 0x09, 0xfb, 0x46, 0x96, 0x3a, 0x6b, 0x37,
  0x81, 0xbd, 0x72, 0xfc, 0xd5, 0xc4, 0x12, 0xa2, 0x00, 0x34, 0x17, 0x81,
  0x32, 0x69, 0x07, 0x83, 0x71, 0x04, 0x0b, 0x81, 0x37, 0x9c, 0x29, 0xe0,
  0x37, 0x05, 0xe0, 0xa6, 0xd2, 0x7e, 0xf6, 0x8e, 0xe5, 0x76, 0xff, 0xd2,
  0x2d, 0x2f, 0x62, 0x7f, 0x22, 0x3c, 0xb0, 0xe1, 0xf2, 0xaf, 0x9f, 0x2e,
  0xde, 0x7f, 0x07, 0xa9, 0x8c, 0xfe, 0xf6, 0x2d, 0xea, 0xd5, 0x2b, 0x06,
  0x49, 0x7d, 0x7f, 0x9f, 0xf7, 0xc9, 0x4d, 0xf5, 0xf1, 0x8c, 0x36, 0x4b,
  0xf7, 0x81, 0x35, 0xc8, 0x81, 0x4d, 0xc7, 0x97, 0x1e, 0x3c, 0x27, 0x7f,
  0x3a, 0x9c, 0x13, 0x26, 0x44, 0xec, 0x14, 0x22, 0x40, 0x1b, 0x2b, 0xe9,
  0x12, 0x7f, 0x2a, 0xff, 0x0e, 0x81, 0xf3, 0x3c, 0xac, 0x34, 0x3c, 0xbd,
  0x3a, 0x1f, 0x40, 0x10, 0x42, 0xf7, 0x05, 0xf0, 0x7f, 0xe9, 0x1c, 0xfb,
  0x2a, 0xbc, 0x43, 0x33, 0x51, 0x33, 0xc2, 0xf7, 0x7f, 0x37, 0x39, 0xe0,
  0x70, 0xb7, 0xfa, 0x24, 0xa8, 0x60, 0x37, 0x99, 0xc7, 0x23, 0x40, 0x01,
  0xa6, 0x7f, 0x41, 0x40, 0xed, 0x1f, 0xea, 0x92, 0xe3, 0x21, 0xb6, 0x81,
  0x24, 0xaf, 0x16, 0xdb, 0x26, 0xe0, 0xff, 0xff, 0x04, 0x00, 0x00, 0x00,
  0x60, 0x00, 0x00, 0x00, 0x8e, 0x06, 0x00, 0x00, 0x31, 0xfa, 0xff, 0xff,
  0x18, 0x05, 0x00, 0x00, 0x09, 0xfd, 0xff, 0xff, 0x36, 0x09, 0x00, 0x00,
  0xd3, 0xfd, 0xff, 0xff, 0x2b, 0xf9, 0xff, 0xff, 0xe8, 0x05, 0x00, 0x00,
  0x4d, 0xf6, 0xff, 0xff, 0xc0, 0x07, 0x00, 0x00, 0xe1, 0xfe, 0xff, 0xff,
  0xf7, 0x11, 0x00, 0x00, 0x5c, 0x06, 0x00, 0x00, 0x4b, 0x12, 0x00, 0x00,
  0xa7, 0x08, 0x00, 0x00, 0xb8, 0x06, 0x00, 0x00, 0x2e, 0xf2, 0xff, 0xff,
  0x24, 0xff, 0xff, 0xff, 0xc1, 0x07, 0x00, 0x00, 0x81, 0xfe, 0xff, 0xff,
  0x2c, 0xf9, 0xff, 0xff, 0x30, 0x03, 0x00, 0x00, 0xfa, 0x12, 0x00, 0x00,
  0x6a, 0x07, 0x00, 0x00, 0x92, 0xe0, 0xff, 0xff, 0x04, 0x00, 0x00, 0x00,
  0x48, 0x00, 0x00, 0x00, 0xcb, 0x8d, 0x72, 0x7f, 0x54, 0x16, 0x4e, 0xa7,
  0x7f, 0x81, 0xf3, 0x7f, 0x81, 0x64, 0x1a, 0xff, 0x7f, 0x47, 0x7f, 0xbb,
  0x35, 0x7f, 0x7f, 0x30, 0x5d, 0x81, 0x88, 0x05, 0x01, 0x7f, 0xc3, 0xc9,
  0x46, 0xd8, 0x7f, 0xea, 0x30, 0x7f, 0x7f, 0x30, 0x0e, 0x81, 0xb7, 0x7f,
  0x13, 0xbe, 0x9c, 0x7f, 0x81, 0xd9, 0x7f, 0x45, 0x7f, 0x69, 0x81, 0x81,
  0x54, 0x88, 0x61, 0x7e, 0x39, 0x10, 0x82, 0x81, 0x29, 0x89, 0x7b, 0x48,
  0x7f, 0xec, 0xe3, 0x6f, 0xe6, 0xe0, 0xff, 0xff, 0x04, 0x00, 0x00, 0x00,
  0x60, 0x00, 0x00, 0x00, 0x00, 0x00, 0x00, 0x00, 0x00, 0x00, 0x00, 0x00,
  0x00, 0x00, 0x00, 0x00, 0x00, 0x00, 0x00, 0x00, 0x00, 0x00, 0x00, 0x00,
  0x00, 0x00, 0x00, 0x00, 0x00, 0x00, 0x00, 0x00, 0x00, 0x00, 0x00, 0x00,
  0x00, 0x00, 0x00, 0x00, 0x00, 0x00, 0x00, 0x00, 0x00, 0x00, 0x00, 0x00,
  0x00, 0x00, 0x00, 0x00, 0x00, 0x00, 0x00, 0x00, 0x00, 0x00, 0x00, 0x00,
  0x00, 0x00, 0x00, 0x00, 0x00, 0x00, 0x00, 0x00, 0x00, 0x00, 0x00, 0x00,
  0x00, 0x00, 0x00, 0x00, 0x00, 0x00, 0x00, 0x00, 0x00, 0x00, 0x00, 0x00,
  0x00, 0x00, 0x00, 0x00, 0x00, 0x00, 0x00, 0x00, 0x00, 0x00, 0x00, 0x00,
  0x00, 0x00, 0x00, 0x00, 0x52, 0xe1, 0xff, 0xff, 0x04, 0x00, 0x00, 0x00,
  0x00, 0x03, 0x00, 0x00, 0x5d, 0x34, 0xed, 0x2a, 0xb2, 0xbe, 0xa9, 0xfa,
  0x48, 0xd7, 0x01, 0x14, 0xef, 0xd0, 0x2f, 0xee, 0x81, 0x01, 0xae, 0x4c,
  0x44, 0x00, 0xb7, 0x4b, 0xa1, 0x0a, 0x2f, 0x50, 0x18, 0x1a, 0xfa, 0xa3,
  0x96, 0xd8, 0xd7, 0xc1, 0x9c, 0xde, 0x25, 0x2e, 0x29, 0x5d, 0x7f, 0x61,
  0x05, 0xf3, 0x45, 0xae, 0x20, 0x3e, 0xaf, 0xc3, 0xb7, 0xf3, 0x32, 0x36,
  0xe4, 0xc3, 0xe7, 0x81, 0x24, 0xd9, 0x2d, 0xef, 0x2d, 0x3d, 0x29, 0x1b,
  0xdb, 0xfa, 0x1c, 0xa8, 0xc0, 0xbb, 0x18, 0x4e, 0xd5, 0xb5, 0x5f, 0xf3,
  0xa5, 0xd2, 0x6f, 0x5f, 0x8d, 0x2f, 0x3b, 0x50, 0xbc, 0x9f, 0x5d, 0x57,
  0x7f, 0x31, 0xf9, 0xc9, 0x28, 0x27, 0x28, 0x98, 0xd1, 0x24, 0xdc, 0x12,
  0x2d, 0x29, 0x30, 0x14, 0x07, 0xbc, 0x81, 0x90, 0xe3, 0x0e, 0x0a, 0x13,
  0xa2, 0x00, 0x1a, 0xde, 0xb8, 0xe8, 0xcf, 0xc3, 0xcd, 0x3b, 0xc6, 0x81,
  0xf5, 0xc8, 0xde, 0x91, 0x1f, 0x0b, 0xf5, 0xae, 0x42, 0xc2, 0xd7, 0x01,
  0x69, 0x6b, 0xf1, 0x29, 0xeb, 0x5d, 0xce, 0xb2, 0xf8, 0xc7, 0x57, 0xb8,
  0x4d, 0x00, 0xf9, 0x25, 0x57, 0x7f, 0xb6, 0xb1, 0x03, 0x00, 0x75, 0xc9,
  0x23, 0x08, 0xae, 0xe2, 0x2e, 0x1e, 0x42, 0x3b, 0x3d, 0x0a, 0xfa, 0x52,
  0x23, 0xd9, 0x81, 0x43, 0x4c, 0xf0, 0x77, 0x61, 0x18, 0xd2, 0x0e, 0x00,
  0xf2, 0x37, 0xc5, 0x0d, 0xfe, 0x0b, 0xed, 0x60, 0xb1, 0x0e, 0xb9, 0xef,
  0x32, 0xbc, 0x4a, 0xe5, 0x28, 0xab, 0xec, 0x03, 0xc1, 0x35, 0x67, 0x64,
  0x7f, 0x09, 0xd0, 0x88, 0x13, 0xbf, 0xdc, 0x02, 0xdc, 0x2c, 0x0a, 0xfc,
  0xe4, 0xcf, 0xe4, 0xee, 0xcc, 0xc7, 0x81, 0x9a, 0x2a, 0xde, 0x28, 0xf4,
  0xcf, 0xdb, 0x6a, 0x4c, 0xdb, 0x5c, 0xe6, 0x10, 0xd4, 0x01, 0xf2, 0x5d,
  0x81, 0x2f, 0x42, 0x2a, 0xf5, 0xe8, 0xe6, 0x00, 0xb5, 0x3b, 0xc7, 0x10,
  0x2a, 0x0b, 0x08, 0x11, 0xb5, 0x3f, 0xd1, 0xea, 0xbf, 0x23, 0x30, 0xf0,
  0x45, 0x72, 0xe5, 0x6e, 0x1c, 0xa5, 0xed, 0x28, 0xf4, 0x1d, 0x0d, 0x7f,
  0x31, 0xae, 0x6e, 0xb1, 0xfb, 0xf7, 0xee, 0xe7, 0x64, 0xe0, 0x0c, 0xe2,
  0x15, 0xdb, 0xfa, 0xe3, 0x0a, 0x1f, 0x7f, 0xd7, 0xad, 0xfa, 0x3d, 0x26,
  0xf0, 0x11, 0x05, 0x87, 0xee, 0x25, 0xaf, 0x67, 0xaa, 0xe3, 0xfc, 0x19,
  0x1a, 0x27, 0xb2, 0xd3, 0x7f, 0x19, 0xf9, 0xd9, 0xc9, 0x27, 0x16, 0x08,
  0x6f, 0x2d, 0xf1, 0xf8, 0x13, 0xf0, 0xcf, 0x13, 0x03, 0x23, 0x54, 0x7f,
  0xb9, 0x3f, 0xaf, 0xe8, 0xfe, 0x18, 0x40, 0x1c, 0x05, 0x3f, 0x3a, 0xa7,
  0x2a, 0x11, 0x6c, 0x16, 0x5a, 0xb2, 0x3b, 0xfe, 0xdf, 0xd3, 0xee, 0x16,
  0x7f, 0x6e, 0xeb, 0xd2, 0xca, 0xe2, 0x09, 0xb6, 0xfe, 0x2c, 0x35, 0x2a,
  0x07, 0xa6, 0x13, 0xa6, 0x41, 0x75, 0x30, 0x61, 0x1a, 0xe6, 0x7f, 0x15,
  0x18, 0xe2, 0x1c, 0x51, 0x05, 0xff, 0x08, 0xcd, 0xcc, 0x17, 0x2e, 0xdf,
  0xd1, 0xc5, 0x20, 0xa1, 0xbb, 0xc8, 0x6a, 0x58, 0x20, 0x04, 0x4d, 0x07,
  0x43, 0xd7, 0xb8, 0xa7, 0x73, 0x27, 0x7f, 0x0c, 0x0a, 0x21, 0xd8, 0x0c,
  0x0c, 0xad, 0x3f, 0x56, 0x20, 0x17, 0xa3, 0xea, 0x49, 0x30, 0xd0, 0xc1,
  0xba, 0xd6, 0xf4, 0x53, 0x00, 0xf5, 0x81, 0x1a, 0xee, 0xc2, 0x3d, 0x2f,
  0x40, 0xdf, 0x6b, 0xd6, 0x11, 0xee, 0x6c, 0xbe, 0x43, 0x04, 0x1a, 0xef,
  0xdf, 0xba, 0xab, 0x96, 0xa6, 0x93, 0x91, 0xad, 0x36, 0x14, 0xba, 0x9a,
  0xc2, 0x7f, 0x9e, 0x63, 0xeb, 0xb5, 0xc8, 0x2c, 0x06, 0xaa, 0xb3, 0xdd,
  0x6a, 0xf4, 0xbf, 0x5e, 0xc0, 0xae, 0xda, 0xd1, 0xc0, 0xdd, 0xed, 0x7f,
  0x0a, 0x7e, 0xcf, 0xe5, 0xca, 0x7f, 0xa4, 0xd6, 0xbd, 0xd6, 0x42, 0xc0,
  0xb3, 0xe9, 0x99, 0xcf, 0x52, 0xe8, 0x60, 0xea, 0x9e, 0xd7, 0xb7, 0xf8,
  0x1a, 0x3e, 0x6b, 0x38, 0x22, 0x16, 0x3b, 0x26, 0x1e, 0xc2, 0xbf, 0x81,
  0x31, 0xe5, 0x98, 0x8e, 0x07, 0xc2, 0xf7, 0x42, 0x92, 0x4a, 0x3d, 0x19,
  0x04, 0x69, 0x55, 0x9c, 0x12, 0x98, 0x1c, 0xf0, 0x3e, 0x17, 0xd6, 0x8b,
  0x7f, 0x92, 0x7b, 0x23, 0x99, 0xd6, 0x0c, 0xf0, 0xdd, 0xe4, 0x31, 0x96,
  0x2f, 0x54, 0xf2, 0xd6, 0x1f, 0x1b, 0xbc, 0xe4, 0x26, 0xe6, 0xb9, 0x39,
  0x10, 0x34, 0xff, 0xc5, 0x1e, 0xc7, 0x2b, 0x7f, 0xf9, 0x2a, 0x96, 0x44,
  0xf9, 0xed, 0xc4, 0x15, 0xf9, 0x13, 0x1c, 0x22, 0x18, 0xdb, 0xff, 0xf7,
  0x2e, 0x07, 0x1b, 0xff, 0x0e, 0x17, 0x22, 0x01, 0x06, 0x29, 0x0a, 0x49,
  0x2f, 0x66, 0x1b, 0x7f, 0xaa, 0x2f, 0xa3, 0xf0, 0xf2, 0x81, 0xde, 0x47,
  0xc4, 0x43, 0x56, 0xb6, 0xa0, 0x85, 0xd3, 0xed, 0x2c, 0x10, 0xc9, 0xd4,
  0xed, 0xf1, 0xec, 0x37, 0x09, 0xcf, 0xd8, 0x81, 0x59, 0xb3, 0xf7, 0x0f,
  0x4b, 0x64, 0x09, 0x0d, 0xa9, 0x1e, 0x15, 0x44, 0x74, 0xe2, 0x4f, 0xcc,
  0x63, 0x3e, 0xb6, 0x37, 0x04, 0xce, 0xe0, 0x12, 0xa2, 0x22, 0x7f, 0x11,
  0xac, 0x34, 0xd1, 0xa0, 0x41, 0xe8, 0x1d, 0xe6, 0xd6, 0x68, 0xd2, 0xd1,
  0xe5, 0xb7, 0x21, 0xc7, 0x38, 0x01, 0x29, 0xee, 0xd0, 0xe3, 0xe3, 0xe7,
  0x25, 0x25, 0xae, 0xb7, 0x6d, 0x51, 0xd7, 0xee, 0xbd, 0xde, 0xf9, 0x12,
  0x81, 0xeb, 0xaf, 0x38, 0xdc, 0xc3, 0x5f, 0x0d, 0x54, 0xd9, 0x4b, 0xd1,
  0xb0, 0xf7, 0xf3, 0x13, 0x08, 0xb1, 0xfa, 0xa4, 0x23, 0xfc, 0x7f, 0x72,
  0xa2, 0x5f, 0xba, 0x56, 0x1e, 0xeb, 0x2c, 0xdf, 0xe7, 0xa7, 0xf2, 0x35,
  0x87, 0x1d, 0xca, 0x02, 0x10, 0x12, 0xdd, 0x22, 0x81, 0xcc, 0xf0, 0x09,
  0xbb, 0xee, 0xfd, 0xcb, 0x5e, 0xe4, 0xff, 0xff, 0x04, 0x00, 0x00, 0x00,
  0x80, 0x00, 0x00, 0x00, 0x35, 0x02, 0x00, 0x00, 0xb5, 0xff, 0xff, 0xff,
  0xef, 0x0d, 0x00, 0x00, 0x33, 0xfa, 0xff, 0xff, 0xdb, 0x05, 0x00, 0x00,
  0x4e, 0xff, 0xff, 0xff, 0xc4, 0xfc, 0xff, 0xff, 0x8c, 0xfb, 0xff, 0xff,
  0x4f, 0xfe, 0xff, 0xff, 0x59, 0xff, 0xff, 0xff, 0xab, 0x0b, 0x00, 0x00,
  0x6c, 0x06, 0x00, 0x00, 0x55, 0xfd, 0xff, 0xff, 0x39, 0x04, 0x00, 0x00,
  0x09, 0x08, 0x00, 0x00, 0xdf, 0x06, 0x00, 0x00, 0xf8, 0x00, 0x00, 0x00,
  0xfb, 0xfc, 0xff, 0xff, 0xee, 0xfc, 0xff, 0xff, 0x78, 0x01, 0x00, 0x00,
  0xaa, 0xf9, 0xff, 0xff, 0x37, 0x0b, 0x00, 0x00, 0xb9, 0x03, 0x00, 0x00,
  0xc8, 0xf1, 0xff, 0xff, 0x7f, 0x07, 0x00, 0x00, 0x69, 0xf9, 0xff, 0xff,
  0xcf, 0x0c, 0x00, 0x00, 0x45, 0xfb, 0xff, 0xff, 0xc9, 0x0c, 0x00, 0x00,
  0x10, 0x03, 0x00, 0x00, 0x3d, 0xf9, 0xff, 0xff, 0xa3, 0x0b, 0x00, 0x00,
  0xea, 0xe4, 0xff, 0xff, 0x04, 0x00, 0x00, 0x00, 0x60, 0x00, 0x00, 0x00,
  0x7f, 0x29, 0x56, 0x2f, 0x6b, 0xc2, 0x81, 0x7f, 0x88, 0x19, 0x7f, 0x8b,
  0x85, 0x7f, 0x07, 0x94, 0x28, 0x81, 0x63, 0xd3, 0x81, 0x7f, 0x7f, 0x74,
  0x31, 0xbf, 0x81, 0x1a, 0x81, 0x81, 0x7f, 0xcf, 0xe1, 0x01, 0xfc, 0x81,
  0x67, 0xa3, 0x6f, 0xcf, 0x81, 0x7f, 0xd3, 0xd7, 0xa2, 0x00, 0x81, 0xeb,
  0x94, 0x5e, 0x7f, 0x81, 0x9f, 0xba, 0xd9, 0x81, 0x6a, 0x81, 0x61, 0x81,
  0xd2, 0xb0, 0x41, 0xbd, 0xa5, 0x7f, 0x7f, 0xe5, 0x81, 0x7f, 0x29, 0xf5,
  0x83, 0x5d, 0xb9, 0x81, 0x81, 0xf8, 0x12, 0x81, 0x81, 0x18, 0x23, 0xb9,
  0x8a, 0xa3, 0xa5, 0x91, 0x81, 0xf6, 0x15, 0x84, 0x9b, 0x0c, 0x32, 0x81,
  0x56, 0xe5, 0xff, 0xff, 0x04, 0x00, 0x00, 0x00, 0x80, 0x00, 0x00, 0x00,
  0x00, 0x00, 0x00, 0x00, 0x00, 0x00, 0x00, 0x00, 0x00, 0x00, 0x00, 0x00,
  0x00, 0x00, 0x00, 0x00, 0x00, 0x00, 0x00, 0x00, 0x00, 0x00, 0x00, 0x00,
  0x00, 0x00, 0x00, 0x00, 0x00, 0x00, 0x00, 0x00, 0x00, 0x00, 0x00, 0x00,
  0x00, 0x00, 0x00, 0x00, 0x00, 0x00, 0x00, 0x00, 0x00, 0x00, 0x00, 0x00,
  0x00, 0x00, 0x00, 0x00, 0x00, 0x00, 0x00, 0x00, 0x00, 0x00, 0x00, 0x00,
  0x00, 0x00, 0x00, 0x00, 0x00, 0x00, 0x00, 0x00, 0x00, 0x00, 0x00, 0x00,
  0x00, 0x00, 0x00, 0x00, 0x00, 0x00, 0x00, 0x00, 0x00, 0x00, 0x00, 0x00,
  0x00, 0x00, 0x00, 0x00, 0x00, 0x00, 0x00, 0x00, 0x00, 0x00, 0x00, 0x00,
  0x00, 0x00, 0x00, 0x00, 0x00, 0x00, 0x00, 0x00, 0x00, 0x00, 0x00, 0x00,
  0x00, 0x00, 0x00, 0x00, 0x00, 0x00, 0x00, 0x00, 0x00, 0x00, 0x00, 0x00,
  0x00, 0x00, 0x00, 0x00, 0x00, 0x00, 0x00, 0x00, 0xe2, 0xe5, 0xff, 0xff,
  0x04, 0x00, 0x00, 0x00, 0x00, 0x06, 0x00, 0x00, 0xd9, 0x7f, 0xb7, 0xdb,
  0x97, 0x11, 0x11, 0xb8, 0xf7, 0xdb, 0x69, 0x12, 0xeb, 0xcb, 0xe2, 0x27,
  0xed, 0x24, 0x58, 0xf1, 0x34, 0xae, 0xcf, 0x0b, 0x0f, 0xba, 0x16, 0x0a,
  0xea, 0xae, 0x15, 0xd8, 0x3b, 0xe4, 0x38, 0xd0, 0x7f, 0x41, 0xaf, 0x07,
  0x72, 0xc8, 0xd9, 0xbb, 0xf3, 0xb3, 0xf9, 0xca, 0x32, 0xa4, 0x19, 0x90,
  0x51, 0x46, 0x77, 0x33, 0x36, 0x2a, 0x23, 0xf8, 0xa4, 0xa2, 0xd9, 0xed,
  0x38, 0xd3, 0xad, 0x15, 0x4e, 0x29, 0x34, 0xf8, 0x40, 0x1d, 0x25, 0xb4,
  0x61, 0xc7, 0xbb, 0x7f, 0x03, 0xe1, 0x2e, 0x43, 0xa8, 0x3e, 0x16, 0x1b,
  0x67, 0xe7, 0x3f, 0x14, 0x24, 0x08, 0x3a, 0x50, 0x28, 0xc9, 0x94, 0xf7,
  0xfe, 0xee, 0xff, 0xe0, 0x44, 0xc0, 0x7f, 0x4e, 0xd5, 0x9c, 0xd3, 0x27,
  0x3d, 0x18, 0x23, 0xa3, 0xf3, 0xf5, 0x2b, 0x1e, 0xde, 0x56, 0xfe, 0x4e,
  0xd9, 0x3a, 0x9f, 0xe9, 0xe1, 0x5d, 0xc6, 0xe0, 0x7f, 0x4b, 0xf1, 0xb1,
  0xc3, 0x1e, 0x2d, 0xc4, 0x18, 0xbc, 0x40, 0x3b, 0x11, 0x12, 0xd3, 0xb6,
  0x12, 0x2f, 0xda, 0xb1, 0xe7, 0x34, 0x2a, 0x1f, 0xfd, 0x57, 0xff, 0xf9,
  0xf6, 0xf3, 0xa3, 0xa9, 0x08, 0xae, 0x2b, 0xe9, 0x81, 0xe3, 0xe4, 0x46,
  0x9d, 0x3c, 0xc6, 0x13, 0xfa, 0xc5, 0xcb, 0xfc, 0xe6, 0x46, 0xdb, 0x3f,
  0xa4, 0xc7, 0x41, 0xc3, 0x21, 0xfb, 0x30, 0x3b, 0xdd, 0x9d, 0xed, 0x05,
  0x10, 0xcb, 0xe6, 0xf4, 0x03, 0x09, 0xae, 0x25, 0x25, 0xc5, 0x47, 0xcf,
  0x0e, 0xd8, 0xe2, 0x44, 0xe3, 0x65, 0x5d, 0x0e, 0xff, 0x2f, 0x52, 0xd0,
  0xb2, 0x17, 0xe0, 0x7f, 0xdb, 0xfb, 0xb7, 0xed, 0xf9, 0x26, 0xf4, 0x00,
  0x0e, 0x1d, 0x01, 0x12, 0x58, 0xfd, 0xd4, 0x53, 0xc2, 0x0f, 0x03, 0x7f,
  0x40, 0x41, 0x31, 0xe5, 0x22, 0x07, 0x1b, 0xa1, 0xf6, 0x66, 0xd9, 0xf0,
  0xc4, 0x38, 0xb4, 0xd0, 0xd2, 0xd6, 0x3a, 0x1c, 0x1d, 0xbf, 0x37, 0x1e,
  0x33, 0xba, 0xeb, 0x5b, 0xa1, 0x7f, 0xc6, 0x18, 0x49, 0x04, 0x02, 0xd5,
  0x12, 0x30, 0x60, 0xa2, 0x77, 0x51, 0xe6, 0xab, 0x08, 0x6a, 0x07, 0xe5,
  0x03, 0x12, 0xba, 0x37, 0xf2, 0xfb, 0x5b, 0xc5, 0x07, 0x04, 0xb8, 0x22,
  0x32, 0x8d, 0x22, 0xb8, 0xe6, 0x99, 0x1b, 0x25, 0xf2, 0x81, 0xe8, 0x5a,
  0xaa, 0xc3, 0x7e, 0xf7, 0x37, 0x12, 0x21, 0xca, 0xd7, 0x47, 0xe4, 0xf2,
  0xeb, 0xaa, 0x5e, 0x4a, 0x0f, 0x32, 0xc1, 0x3a, 0xe1, 0xfe, 0xcd, 0x3d,
  0x7f, 0x38, 0x1b, 0xf4, 0xf6, 0x0a, 0x7c, 0x07, 0xcd, 0xe8, 0xc2, 0x06,
  0x01, 0x00, 0x09, 0x6a, 0x39, 0xe9, 0x7b, 0xc6, 0xf7, 0x7f, 0xd5, 0x29,
  0xee, 0xd8, 0xab, 0xe1, 0x35, 0x0d, 0x19, 0xd2, 0x0c, 0xf4, 0x0d, 0xee,
  0x48, 0x55, 0xe9, 0x17, 0x13, 0x0a, 0x1e, 0x0d, 0x00, 0xb5, 0x31, 0x00,
  0xa6, 0x81, 0x5e, 0xcf, 0x1a, 0xbf, 0x85, 0x31, 0xed, 0xf8, 0xcf, 0x2b,
  0x4a, 0xbd, 0x8a, 0xec, 0xfc, 0x0c, 0xd5, 0xf4, 0xd3, 0x17, 0xde, 0x34,
  0x58, 0xe4, 0x11, 0xfc, 0x1e, 0x30, 0xa1, 0xcc, 0x17, 0x53, 0xcf, 0xca,
  0xc1, 0xd7, 0xc8, 0x03, 0xdb, 0x13, 0xf0, 0x18, 0xe8, 0xe1, 0xf8, 0x09,
  0xe9, 0x31, 0xf0, 0xf8, 0xc3, 0x02, 0xe6, 0xfa, 0x7f, 0x2b, 0x17, 0x0e,
  0x29, 0x2b, 0x02, 0xd8, 0x46, 0x09, 0xcb, 0x14, 0xc5, 0x15, 0x03, 0xf1,
  0xcc, 0xdd, 0xbe, 0x22, 0x03, 0xcb, 0xcf, 0x36, 0xcf, 0xd7, 0x07, 0xd9,
  0xb7, 0xab, 0x3b, 0xd6, 0x81, 0x01, 0x0a, 0xc2, 0xcd, 0xc3, 0x86, 0xea,
  0xf4, 0x2c, 0x40, 0xff, 0x23, 0x41, 0xfb, 0x81, 0x14, 0xa9, 0x15, 0x42,
  0x07, 0xdf, 0x33, 0x01, 0x0e, 0xf1, 0xf6, 0xf7, 0x90, 0xe9, 0xef, 0xf9,
  0x04, 0x09, 0xe8, 0x1d, 0x39, 0xd3, 0x97, 0xc8, 0x0d, 0x92, 0x25, 0x13,
  0x91, 0x0e, 0x40, 0x7f, 0xd3, 0xc7, 0xe3, 0x92, 0x51, 0x8e, 0xab, 0x1e,
  0xc3, 0xe8, 0xc8, 0xe5, 0xf1, 0x48, 0x09, 0x19, 0x02, 0x03, 0x97, 0x20,
  0xfe, 0x0a, 0xe0, 0x1c, 0xd1, 0xf8, 0xef, 0xda, 0xc8, 0xb7, 0xad, 0x5b,
  0xc9, 0x24, 0xea, 0xe6, 0x2c, 0xad, 0x06, 0xce, 0xc6, 0x1f, 0x24, 0x45,
  0x0a, 0x13, 0x13, 0x2d, 0x7f, 0xeb, 0x57, 0xe8, 0xcc, 0xa7, 0x5f, 0x3f,
  0x04, 0x90, 0xa1, 0x77, 0xcc, 0xf4, 0xcc, 0xd0, 0xf2, 0xfd, 0xe7, 0x1a,
  0xd8, 0x81, 0xee, 0xf6, 0x1c, 0xe0, 0xfe, 0xd1, 0x2b, 0x05, 0xf0, 0xc3,
  0xe1, 0xef, 0xab, 0x91, 0xea, 0x23, 0xd1, 0x9e, 0x67, 0x0c, 0x0e, 0xff,
  0xb7, 0xed, 0x17, 0x36, 0x44, 0xc7, 0xa2, 0x04, 0xc5, 0xfd, 0xb5, 0xfa,
  0xff, 0x8b, 0xcd, 0x37, 0x13, 0xf5, 0x97, 0xc4, 0xd8, 0x81, 0x38, 0x19,
  0xf8, 0xa4, 0x94, 0xb1, 0x81, 0xaf, 0xdd, 0x07, 0x25, 0x0d, 0xd7, 0x9a,
  0x53, 0x83, 0xbb, 0x32, 0x1d, 0xc7, 0x06, 0xd1, 0x49, 0xd5, 0x1f, 0x32,
  0xf8, 0x03, 0x2a, 0x1d, 0x5f, 0x11, 0x25, 0x4c, 0x81, 0xd4, 0xfd, 0x10,
  0xf0, 0x09, 0x7a, 0xf2, 0xde, 0x03, 0xd4, 0x49, 0x3d, 0x30, 0x1f, 0x18,
  0x3e, 0x04, 0x01, 0xf7, 0x11, 0xc5, 0xbf, 0xd2, 0x2b, 0x1e, 0x5e, 0x2c,
  0x02, 0x3d, 0xfc, 0xd6, 0x96, 0x58, 0xd4, 0xc6, 0xfd, 0x3f, 0x42, 0x20,
  0xb4, 0xfd, 0x34, 0xe4, 0x1f, 0x26, 0x1f, 0xb5, 0xaf, 0x26, 0xd9, 0x46,
  0xcc, 0xd2, 0xf2, 0x0e, 0x81, 0x42, 0xcb, 0x06, 0x10, 0x76, 0x05, 0xc5,
  0xe1, 0x59, 0x2c, 0xe5, 0xe9, 0xc3, 0xe2, 0xe8, 0xdf, 0xe2, 0xd1, 0xec,
  0xf0, 0xfc, 0xd3, 0xe9, 0xf1, 0xc5, 0x2f, 0x2c, 0x3f, 0xff, 0x09, 0x2f,
  0xcb, 0x10, 0xf4, 0xf9, 0x22, 0x7f, 0x25, 0xe7, 0x7f, 0x01, 0x26, 0x5a,
  0x3a, 0x63, 0xf0, 0xe5, 0xec, 0xfd, 0x2b, 0xdd, 0x11, 0xfc, 0xfb, 0x3a,
  0xd2, 0x3c, 0xac, 0x4c, 0x32, 0xc8, 0x0b, 0x1b, 0x72, 0xab, 0xa6, 0xe6,
  0x27, 0x00, 0x25, 0xbd, 0x05, 0x3e, 0xc4, 0x26, 0x05, 0xe8, 0xe6, 0xe7,
  0xfa, 0x0f, 0x81, 0xf1, 0x10, 0xc3, 0xdc, 0xe9, 0x20, 0x08, 0x09, 0x32,
  0xef, 0xe4, 0xfc, 0xed, 0xf9, 0x2f, 0x0c, 0x47, 0x0e, 0xf1, 0x3f, 0x0f,
  0xf3, 0x02, 0xf3, 0xd6, 0x21, 0xfc, 0x70, 0x16, 0xc4, 0x9e, 0xfc, 0xec,
  0x34, 0xd0, 0xe8, 0xe8, 0xb6, 0xec, 0xab, 0x06, 0x7c, 0x14, 0xf1, 0xdb,
  0x25, 0x7f, 0x0b, 0xd8, 0xd0, 0x20, 0xd7, 0xe2, 0xd2, 0xd5, 0xeb, 0x7a,
  0xed, 0x42, 0xd1, 0xac, 0xd3, 0x67, 0x77, 0xca, 0x27, 0x95, 0xfd, 0x7f,
  0xe6, 0x20, 0x43, 0x15, 0x36, 0xca, 0xec, 0x32, 0xe4, 0x00, 0xef, 0xd0,
  0x71, 0xf3, 0xbc, 0xe1, 0xca, 0x4a, 0xab, 0x1b, 0xd2, 0xec, 0xf4, 0x73,
  0x34, 0xc2, 0xdd, 0x34, 0x81, 0xc6, 0x56, 0x3c, 0xe2, 0x19, 0x76, 0x21,
  0x15, 0x3f, 0x1d, 0x9a, 0xa6, 0xb9, 0xd3, 0x1d, 0x28, 0x2f, 0x39, 0xea,
  0x3d, 0xed, 0x7f, 0x49, 0x7d, 0xb2, 0xbc, 0x14, 0xa1, 0xa6, 0xc8, 0xcd,
  0x47, 0x54, 0xfe, 0xb7, 0xfa, 0x1f, 0x40, 0x57, 0xc8, 0xb0, 0x2d, 0x2c,
  0xf1, 0x33, 0xd9, 0xa4, 0xaf, 0x19, 0x8e, 0xe8, 0x12, 0x18, 0x16, 0x18,
  0x3a, 0x6d, 0x2b, 0xfe, 0x4b, 0xc8, 0xf9, 0xaf, 0x52, 0xf4, 0x50, 0x2e,
  0x25, 0x1b, 0x32, 0xfb, 0x03, 0xb1, 0x94, 0x08, 0x43, 0xfb, 0x81, 0x2c,
  0xce, 0xf0, 0xfe, 0xc0, 0xe3, 0x05, 0x0e, 0x1e, 0xe0, 0xde, 0x16, 0xc7,
  0xdc, 0x23, 0x6c, 0x9a, 0xde, 0x00, 0xf3, 0x14, 0x42, 0x2b, 0xd0, 0x2b,
  0x4d, 0x33, 0x08, 0xf0, 0xd0, 0x03, 0xdd, 0x34, 0xd7, 0xb3, 0x0f, 0x7f,
  0x9f, 0x33, 0x99, 0xe1, 0x37, 0x18, 0x0c, 0xff, 0x00, 0x77, 0x77, 0x53,
  0x6a, 0xcb, 0x2a, 0xda, 0xe4, 0x65, 0xec, 0xd2, 0x08, 0x81, 0x90, 0xde,
  0x54, 0x4f, 0x12, 0xca, 0x2f, 0x34, 0x22, 0x96, 0x03, 0xcf, 0x21, 0x18,
  0x2a, 0xa0, 0x0f, 0xfc, 0x04, 0xd9, 0xd9, 0xd1, 0x45, 0x3d, 0x36, 0x33,
  0x7f, 0xf4, 0x09, 0x16, 0xef, 0xe0, 0x42, 0xe6, 0x0b, 0xe9, 0x2c, 0x13,
  0xec, 0x03, 0x09, 0xfd, 0x1e, 0xda, 0x39, 0x2b, 0xa8, 0x2f, 0x0e, 0xf3,
  0x8d, 0xd9, 0xef, 0x1d, 0x2c, 0x29, 0xbe, 0x42, 0xdb, 0x23, 0x00, 0x25,
  0x38, 0xd4, 0x70, 0x2c, 0x8c, 0x4a, 0x1c, 0x7f, 0x84, 0xe9, 0xf3, 0x0d,
  0x00, 0x42, 0xd1, 0xe3, 0x37, 0xea, 0xc6, 0xf5, 0xc4, 0x0d, 0xe9, 0x19,
  0xf4, 0x1d, 0xc5, 0x0b, 0x28, 0xf7, 0x0e, 0x04, 0xdd, 0x2e, 0xea, 0x12,
  0xef, 0xd5, 0x21, 0xef, 0xa0, 0x81, 0x29, 0x07, 0xea, 0xf8, 0x0d, 0xfd,
  0xf4, 0x20, 0xec, 0x04, 0xf9, 0x12, 0x08, 0x15, 0x22, 0x19, 0xda, 0xea,
  0x2d, 0x05, 0x08, 0x02, 0x13, 0xe7, 0x11, 0xe1, 0x08, 0xf6, 0xe5, 0x18,
  0xd0, 0xf3, 0xef, 0x7f, 0x49, 0x56, 0x81, 0xff, 0x47, 0xdd, 0x34, 0xc1,
  0x08, 0xe5, 0x0e, 0x38, 0xe6, 0x4d, 0xdd, 0xfa, 0xcf, 0xc4, 0xc6, 0x07,
  0x30, 0x2d, 0x30, 0x45, 0x26, 0x75, 0x06, 0xc3, 0x1c, 0x0b, 0x5a, 0x16,
  0xf4, 0xdd, 0x81, 0xfe, 0xb0, 0x2b, 0xea, 0x28, 0x11, 0xee, 0x20, 0xe9,
  0x0b, 0xfd, 0x3d, 0x1f, 0x1d, 0x36, 0x22, 0xc5, 0x9f, 0xe9, 0x27, 0xdf,
  0xfc, 0xd4, 0xcc, 0xcf, 0x79, 0x2b, 0x0a, 0x0a, 0xba, 0x12, 0x92, 0xde,
  0x7f, 0x23, 0xff, 0xe2, 0x6b, 0xdb, 0x70, 0x4d, 0xe4, 0x37, 0xfb, 0x41,
  0xd8, 0x08, 0x23, 0x1c, 0x38, 0xfc, 0xe2, 0xf3, 0x47, 0xd6, 0x58, 0x14,
  0x0a, 0x61, 0x0b, 0x5e, 0xda, 0xfd, 0x0c, 0xe7, 0xf7, 0x2f, 0x0d, 0x0a,
  0x1d, 0xd8, 0xb7, 0xeb, 0xf6, 0x03, 0x0a, 0xf4, 0x02, 0xf6, 0x1a, 0xf5,
  0xe0, 0xed, 0xbe, 0x00, 0x22, 0xd7, 0x7f, 0x07, 0x1d, 0x14, 0xed, 0xfd,
  0xfc, 0xfc, 0x38, 0xe5, 0x32, 0x09, 0x27, 0xda, 0x3e, 0x1b, 0xbb, 0xe6,
  0xd1, 0xb0, 0xea, 0xb5, 0x17, 0xe1, 0xdb, 0xfd, 0xed, 0x31, 0x09, 0x2f,
  0x1e, 0x14, 0x3a, 0xe3, 0x29, 0xcb, 0xd5, 0x7f, 0xb5, 0xdd, 0xdc, 0xc2,
  0xdc, 0xe7, 0x50, 0x38, 0x1d, 0xba, 0x81, 0x37, 0xe8, 0xea, 0x14, 0x41,
  0xf7, 0x10, 0xa4, 0xf2, 0x1a, 0xf6, 0xb0, 0x0f, 0x11, 0x1c, 0x48, 0x18,
  0x21, 0xc3, 0xe8, 0xe1, 0xdd, 0xc5, 0xd7, 0x4e, 0x10, 0x18, 0xf4, 0x00,
  0xe1, 0xf0, 0x0f, 0x17, 0xd9, 0x01, 0x09, 0xdd, 0x4f, 0x03, 0xce, 0xeb,
  0x16, 0xb9, 0x08, 0x05, 0x36, 0x51, 0x81, 0x24, 0xc8, 0x02, 0x04, 0x37,
  0x94, 0xbc, 0x1f, 0x0f, 0x52, 0x21, 0x13, 0x19, 0x33, 0x06, 0x7f, 0x04,
  0xe4, 0x28, 0x29, 0xaa, 0x1d, 0x3f, 0x38, 0x32, 0xef, 0x3e, 0x26, 0xc9,
  0xe0, 0xd2, 0xeb, 0xb9, 0xb7, 0x0d, 0xf0, 0x1d, 0x31, 0x06, 0xf7, 0x2a,
  0xf0, 0xf1, 0x2d, 0x38, 0xd7, 0xdf, 0xb4, 0x17, 0x4e, 0x2c, 0x21, 0xda,
  0x0d, 0x1c, 0xfe, 0x0a, 0xfa, 0x35, 0xf0, 0xd3, 0x45, 0xde, 0x04, 0xf7,
  0x36, 0xbc, 0xa4, 0x81, 0xb9, 0xe1, 0x02, 0xeb, 0xe2, 0xfd, 0x1d, 0xeb,
  0x07, 0x2a, 0x7f, 0xca, 0xe1, 0x3c, 0x95, 0x0b, 0xd5, 0x21, 0xd3, 0xcc,
  0xf8, 0xfa, 0xc9, 0x42, 0xf8, 0x42, 0xd9, 0x2c, 0xe5, 0x14, 0xf0, 0x39,
  0x16, 0x1c, 0x13, 0x36, 0x35, 0xe0, 0x18, 0x02, 0xfe, 0xeb, 0x57, 0xea,
  0x2f, 0xc0, 0xde, 0xd6, 0xef, 0x10, 0xe1, 0x45, 0x44, 0xde, 0xc8, 0x18,
  0xed, 0xf4, 0xde, 0x02, 0x00, 0x7f, 0xc9, 0x0e, 0xee, 0xeb, 0xff, 0xff,
  0x04, 0x00, 0x00, 0x00, 0xc0, 0x00, 0x00, 0x00, 0x68, 0xf7, 0xff, 0xff,
  0x7f, 0xf8, 0xff, 0xff, 0x78, 0x0b, 0x00, 0x00, 0xb6, 0x14, 0x00, 0x00,
  0x85, 0xfe, 0xff, 0xff, 0x5e, 0x07, 0x00, 0x00, 0x97, 0x12, 0x00, 0x00,
  0x24, 0x0d, 0x00, 0x00, 0x30, 0x0c, 0x00, 0x00, 0x5f, 0xf1, 0xff, 0xff,
  0x54, 0x08, 0x00, 0x00, 0xb8, 0xfd, 0xff, 0xff, 0xc3, 0x0d, 0x00, 0x00,
  0x05, 0x05, 0x00, 0x00, 0x8b, 0xee, 0xff, 0xff, 0xb9, 0x08, 0x00, 0x00,
  0x57, 0x05, 0x00, 0x00, 0xbd, 0x03, 0x00, 0x00, 0xeb, 0xf6, 0xff, 0xff,
  0x79, 0xfb, 0xff, 0xff, 0x94, 0x12, 0x00, 0x00, 0x82, 0x08, 0x00, 0x00,
  0x60, 0xf7, 0xff, 0xff, 0x4a, 0xf8, 0xff, 0xff, 0x09, 0xff, 0xff, 0xff,
  0xfd, 0xff, 0xff, 0xff, 0xf9, 0x02, 0x00, 0x00, 0x5b, 0x07, 0x00, 0x00,
  0x1e, 0x01, 0x00, 0x00, 0x66, 0xe7, 0xff, 0xff, 0xa3, 0xfd, 0xff, 0xff,
  0xdb, 0xff, 0xff, 0xff, 0xef, 0xfd, 0xff, 0xff, 0xb4, 0x04, 0x00, 0x00,
  0x68, 0x01, 0x00, 0x00, 0x24, 0xf7, 0xff, 0xff, 0x9b, 0x03, 0x00, 0x00,
  0x70, 0x05, 0x00, 0x00, 0x8d, 0x08, 0x00, 0x00, 0x8a, 0x16, 0x00, 0x00,
  0xf6, 0xff, 0xff, 0xff, 0xdc, 0x03, 0x00, 0x00, 0x81, 0x0e, 0x00, 0x00,
  0xaa, 0x06, 0x00, 0x00, 0x1a, 0xfe, 0xff, 0xff, 0x7c, 0xfc, 0xff, 0xff,
  0xfd, 0xfb, 0xff, 0xff, 0xa1, 0x03, 0x00, 0x00, 0xba, 0xec, 0xff, 0xff,
  0x04, 0x00, 0x00, 0x00, 0x90, 0x00, 0x00, 0x00, 0xe9, 0xec, 0x41, 0x81,
  0x2d, 0x7f, 0xbb, 0x33, 0x7f, 0x7f, 0x41, 0xaf, 0x05, 0x05, 0x18, 0x49,
  0x81, 0x7f, 0x93, 0x70, 0x23, 0x96, 0x6f, 0x81, 0x51, 0x33, 0x60, 0x81,
  0x89, 0xc6, 0x08, 0x22, 0xa5, 0xc0, 0x51, 0x6f, 0x84, 0x1b, 0x41, 0xcb,
  0x83, 0x1b, 0x72, 0x81, 0x74, 0x81, 0x81, 0x7f, 0x81, 0xba, 0x12, 0xbf,
  0xf3, 0xef, 0xd0, 0x1f, 0x83, 0xb1, 0x58, 0x03, 0x5b, 0x39, 0x81, 0x3a,
  0x17, 0xda, 0xb4, 0x7f, 0x43, 0x81, 0x42, 0x2e, 0x7f, 0x7f, 0x81, 0xb7,
  0x7f, 0x7f, 0x7f, 0x26, 0x2b, 0xf5, 0x2a, 0x20, 0x81, 0x7f, 0xda, 0xa9,
  0xa0, 0x30, 0x4e, 0xea, 0xe5, 0xf8, 0x9a, 0xc3, 0x65, 0x81, 0x7f, 0x1c,
  0x81, 0x83, 0x81, 0x7f, 0x45, 0xe0, 0x7f, 0x7f, 0x7f, 0x81, 0x29, 0x81,
  0xb0, 0x6f, 0x81, 0xe5, 0x81, 0x97, 0x81, 0x40, 0x6b, 0x34, 0xf3, 0xee,
  0xdf, 0x5c, 0x5c, 0x81, 0x81, 0x7f, 0x7f, 0x81, 0x12, 0x66, 0x81, 0x7f,
  0x81, 0x7f, 0x81, 0xca, 0x81, 0x95, 0xec, 0x9e, 0x56, 0xed, 0xff, 0xff,
  0x04, 0x00, 0x00, 0x00, 0xc0, 0x00, 0x00, 0x00, 0x00, 0x00, 0x00, 0x00,
  0x00, 0x00, 0x00, 0x00, 0x00, 0x00, 0x00, 0x00, 0x00, 0x00, 0x00, 0x00,
  0x00, 0x00, 0x00, 0x00, 0x00, 0x00, 0x00, 0x00, 0x00, 0x00, 0x00, 0x00,
  0x00, 0x00, 0x00, 0x00, 0x00, 0x00, 0x00, 0x00, 0x00, 0x00, 0x00, 0x00,
  0x00, 0x00, 0x00, 0x00, 0x00, 0x00, 0x00, 0x00, 0x00, 0x00, 0x00, 0x00,
  0x00, 0x00, 0x00, 0x00, 0x00, 0x00, 0x00, 0x00, 0x00, 0x00, 0x00, 0x00,
  0x00, 0x00, 0x00, 0x00, 0x00, 0x00, 0x00, 0x00, 0x00, 0x00, 0x00, 0x00,
  0x00, 0x00, 0x00, 0x00, 0x00, 0x00, 0x00, 0x00, 0x00, 0x00, 0x00, 0x00,
  0x00, 0x00, 0x00, 0x00, 0x00, 0x00, 0x00, 0x00, 0x00, 0x00, 0x00, 0x00,
  0x00, 0x00, 0x00, 0x00, 0x00, 0x00, 0x00, 0x00, 0x00, 0x00, 0x00, 0x00,
  0x00, 0x00, 0x00, 0x00, 0x00, 0x00, 0x00, 0x00, 0x00, 0x00, 0x00, 0x00,
  0x00, 0x00, 0x00, 0x00, 0x00, 0x00, 0x00, 0x00, 0x00, 0x00, 0x00, 0x00,
  0x00, 0x00, 0x00, 0x00, 0x00, 0x00, 0x00, 0x00, 0x00, 0x00, 0x00, 0x00,
  0x00, 0x00, 0x00, 0x00, 0x00, 0x00, 0x00, 0x00, 0x00, 0x00, 0x00, 0x00,
  0x00, 0x00, 0x00, 0x00, 0x00, 0x00, 0x00, 0x00, 0x00, 0x00, 0x00, 0x00,
  0x00, 0x00, 0x00, 0x00, 0x00, 0x00, 0x00, 0x00, 0x00, 0x00, 0x00, 0x00,
  0x00, 0x00, 0x00, 0x00, 0x00, 0x00, 0x00, 0x00, 0x22, 0xee, 0xff, 0xff,
  0x04, 0x00, 0x00, 0x00, 0x00, 0x0c, 0x00, 0x00, 0x0b, 0xc7, 0xd3, 0xd1,
  0x1d, 0xc6, 0xbe, 0xd6, 0xcc, 0x19, 0x9d, 0x02, 0x81, 0x11, 0x0c, 0xe9,
  0xdb, 0x15, 0x08, 0x0c, 0xfb, 0xf2, 0xfe, 0x19, 0x5e, 0x3b, 0x36, 0xb6,
  0x1a, 0x04, 0x26, 0xe6, 0xf1, 0x07, 0x29, 0xaa, 0x4e, 0x3a, 0xe3, 0x33,
  0x46, 0x32, 0xe6, 0x59, 0x62, 0xf3, 0x3a, 0x42, 0x0f, 0xe9, 0x13, 0xf1,
  0xee, 0xfd, 0xef, 0x81, 0xf9, 0x5b, 0xe4, 0xd5, 0xb8, 0xda, 0x34, 0x4f,
  0xd3, 0xbb, 0x18, 0x0e, 0xdb, 0x76, 0x35, 0x09, 0x1b, 0x3f, 0xb0, 0xbc,
  0xfb, 0xca, 0xb7, 0xf2, 0x0f, 0x05, 0x34, 0x68, 0xe5, 0x02, 0x14, 0xda,
  0xfe, 0x20, 0xed, 0x3a, 0x01, 0xc0, 0x39, 0x00, 0x16, 0xc6, 0xbc, 0x2f,
  0xff, 0xee, 0xda, 0xe6, 0x00, 0x0e, 0xe9, 0xc1, 0xa0, 0x3e, 0xf7, 0xd6,
  0x1a, 0x0b, 0x2c, 0x13, 0xa6, 0x7f, 0x26, 0xd2, 0x83, 0xd9, 0xd4, 0xc3,
  0x04, 0xbb, 0xaa, 0xee, 0xf7, 0x39, 0x10, 0xd7, 0x10, 0xd5, 0x3f, 0x05,
  0x6d, 0xdc, 0xee, 0xe1, 0x41, 0xe1, 0x5e, 0x1d, 0xd6, 0xf7, 0xc6, 0x12,
  0x2a, 0xf3, 0xe1, 0xea, 0x81, 0x0d, 0xbb, 0xf0, 0x04, 0x23, 0xe8, 0x07,
  0x15, 0x19, 0xf1, 0x38, 0x03, 0xc5, 0xcc, 0x33, 0xf5, 0xc3, 0xd3, 0xfe,
  0xe9, 0xeb, 0xe4, 0xff, 0x6c, 0xfd, 0xcd, 0xc8, 0x47, 0xfc, 0x0d, 0xcf,
  0x18, 0x13, 0xee, 0x3e, 0xef, 0x08, 0xf2, 0xea, 0xfc, 0x02, 0xff, 0xd1,
  0xf4, 0x03, 0xd2, 0xf1, 0x08, 0xfe, 0x43, 0xea, 0xe8, 0x05, 0xfc, 0x7f,
  0x12, 0xfd, 0x02, 0xf9, 0x6a, 0x4a, 0x06, 0xf2, 0xe7, 0xd9, 0xf9, 0xec,
  0x05, 0x07, 0xef, 0xd6, 0xef, 0xf7, 0x0c, 0x0e, 0xe5, 0x25, 0xed, 0xf1,
  0x09, 0x02, 0xfb, 0xfd, 0xd4, 0x01, 0x04, 0x1b, 0x45, 0x4b, 0xef, 0x94,
  0x21, 0x2c, 0x30, 0xc9, 0x1b, 0xec, 0xb6, 0xcf, 0x01, 0x10, 0xd2, 0x12,
  0xf2, 0x1c, 0x5c, 0x19, 0xd8, 0xe6, 0x02, 0x00, 0x13, 0x41, 0x7f, 0x31,
  0xd6, 0x09, 0x54, 0xef, 0x17, 0x66, 0x44, 0x24, 0xd5, 0x22, 0xd5, 0xc7,
  0xe8, 0xe2, 0xbb, 0x9e, 0x2b, 0x02, 0x91, 0x02, 0xc9, 0xdb, 0x23, 0xcd,
  0x0e, 0x27, 0xf5, 0xcd, 0xb6, 0x24, 0xbe, 0x1c, 0xfa, 0x20, 0x43, 0x45,
  0xd4, 0xed, 0x43, 0x10, 0x81, 0x0a, 0x35, 0xc8, 0x3d, 0x24, 0xff, 0x11,
  0x4c, 0xce, 0xe8, 0x16, 0x13, 0xf2, 0xee, 0x32, 0x3b, 0x1f, 0x70, 0xda,
  0x2c, 0xae, 0xea, 0x17, 0xba, 0x1c, 0xc0, 0xff, 0xff, 0x29, 0x1d, 0x0b,
  0x23, 0x36, 0x14, 0x17, 0x13, 0xf5, 0x0f, 0xd5, 0xe2, 0xf7, 0x02, 0xcf,
  0x1a, 0x24, 0x13, 0xd2, 0x0f, 0xa5, 0x28, 0xfc, 0x26, 0x0a, 0xda, 0xc7,
  0xe8, 0x39, 0xb2, 0x1a, 0x04, 0x2c, 0x19, 0x1d, 0xe6, 0xb4, 0x62, 0x35,
  0x4f, 0x03, 0x08, 0x7f, 0x2c, 0xc3, 0xdd, 0xbd, 0xd0, 0x47, 0x66, 0x1e,
  0x25, 0x20, 0xb6, 0xec, 0xbd, 0xd8, 0x06, 0xe1, 0xfb, 0xe3, 0x41, 0x81,
  0xe2, 0xc5, 0xeb, 0x1f, 0x49, 0x1d, 0x20, 0x2d, 0xdb, 0x22, 0xc0, 0xdb,
  0x36, 0xf3, 0xe1, 0x3c, 0xe2, 0x07, 0xa6, 0x00, 0x52, 0xc6, 0xcb, 0xc9,
  0xf9, 0xfa, 0x0e, 0x4b, 0xd9, 0x2d, 0xfa, 0x37, 0xc6, 0x02, 0x54, 0xdf,
  0x3a, 0xca, 0x99, 0x1f, 0xb9, 0x51, 0xb7, 0xff, 0xc9, 0x44, 0xdb, 0x28,
  0x07, 0xa0, 0xe5, 0x28, 0xdd, 0x22, 0xfb, 0xed, 0xb2, 0xbf, 0x6a, 0xe7,
  0xd2, 0x3e, 0x1c, 0xf4, 0xe5, 0x2a, 0xa9, 0x05, 0x20, 0x07, 0x57, 0x89,
  0x46, 0xd9, 0xd1, 0x6e, 0xc2, 0xfd, 0x48, 0x7f, 0x16, 0x52, 0x46, 0xf7,
  0xdc, 0x24, 0x16, 0x5f, 0x31, 0xf2, 0xf5, 0x0e, 0x1c, 0x15, 0xc1, 0xc7,
  0xb9, 0xe8, 0x68, 0xf5, 0xec, 0x5f, 0xd6, 0x0c, 0xd8, 0xfc, 0x27, 0x81,
  0xd5, 0xf6, 0x18, 0x16, 0x07, 0x1a, 0xad, 0xa4, 0xd1, 0xf2, 0x81, 0xf8,
  0x1c, 0xbb, 0x86, 0xee, 0x09, 0x2d, 0x21, 0x51, 0xfe, 0x18, 0xe6, 0xb5,
  0x1c, 0xf7, 0x43, 0xdb, 0x19, 0xca, 0xac, 0x1b, 0x14, 0x0b, 0xdb, 0xec,
  0xf6, 0x19, 0x1e, 0x2f, 0x06, 0xf7, 0x05, 0xba, 0x1f, 0x35, 0x7f, 0x0c,
  0xe7, 0x0c, 0x31, 0x35, 0x1d, 0x4c, 0x19, 0x19, 0xd5, 0xfb, 0xf7, 0xd0,
  0xfb, 0xd7, 0xef, 0xa5, 0x04, 0x19, 0xb5, 0xec, 0x03, 0xe6, 0x15, 0xfc,
  0x50, 0x25, 0xe3, 0x41, 0xad, 0xd0, 0xcc, 0x7f, 0x25, 0xfa, 0x39, 0x27,
  0xe2, 0xff, 0xef, 0x11, 0xf2, 0x21, 0xe5, 0x0e, 0x46, 0xd8, 0xbd, 0x0c,
  0xca, 0xfd, 0xff, 0x08, 0x31, 0xed, 0x17, 0x2a, 0xf7, 0xfe, 0xf4, 0x5c,
  0xf3, 0x11, 0x27, 0x22, 0x34, 0xf3, 0x04, 0x50, 0xfc, 0xcb, 0x2f, 0xdd,
  0x16, 0x19, 0xe4, 0xee, 0xe8, 0x19, 0x01, 0xf7, 0x33, 0x21, 0x08, 0x1f,
  0x36, 0xe9, 0x19, 0xba, 0xdb, 0x0c, 0xf3, 0xf7, 0x21, 0x28, 0x08, 0x38,
  0xe7, 0xc5, 0x81, 0xd8, 0x3e, 0xe7, 0xee, 0x0d, 0x2f, 0xd6, 0x0a, 0xf2,
  0xd5, 0x84, 0x0a, 0xf4, 0xe0, 0x13, 0xfa, 0xd0, 0x60, 0x19, 0x09, 0x8e,
  0xf4, 0x33, 0x44, 0x9d, 0x09, 0x6b, 0xe4, 0xce, 0xe0, 0x0f, 0x1e, 0x1e,
  0x84, 0x91, 0x63, 0x1b, 0xce, 0x22, 0xff, 0xd7, 0x77, 0x25, 0x65, 0xe2,
  0x2f, 0x13, 0x07, 0x19, 0x52, 0x5b, 0x1c, 0x78, 0xaf, 0x61, 0x26, 0xfb,
  0x41, 0xd7, 0xc3, 0xd5, 0x7f, 0x30, 0x91, 0x58, 0xf0, 0xf2, 0xe7, 0xf8,
  0xf3, 0xee, 0x1b, 0x9d, 0xf8, 0xdd, 0xe8, 0xe9, 0xf6, 0x31, 0x9c, 0xe6,
  0xc1, 0xfd, 0x58, 0x16, 0x3c, 0x7f, 0x14, 0x06, 0xba, 0x5b, 0x12, 0xd3,
  0x2c, 0x37, 0xda, 0xf2, 0xde, 0x33, 0x7f, 0x65, 0x08, 0x12, 0xbb, 0xf1,
  0x05, 0x47, 0xf2, 0xd6, 0x1e, 0x09, 0x48, 0xca, 0xbc, 0x2d, 0x0c, 0xef,
  0x3e, 0x1f, 0xd6, 0xcf, 0xc8, 0x24, 0x23, 0x1c, 0xbe, 0xeb, 0x2b, 0xfb,
  0xe3, 0xc3, 0x0c, 0x3c, 0x03, 0x0f, 0xe4, 0x02, 0x1d, 0xd1, 0x14, 0xfa,
  0xe3, 0x1f, 0x19, 0x81, 0x11, 0x14, 0xd9, 0x08, 0x65, 0xe1, 0xea, 0xeb,
  0x08, 0xe9, 0xf7, 0x06, 0x0e, 0x42, 0xd9, 0x34, 0xcc, 0xe2, 0xda, 0xdb,
  0x9a, 0x0c, 0x7f, 0x04, 0x15, 0xfc, 0xc4, 0xdf, 0xfe, 0xcf, 0xe2, 0x17,
  0xe6, 0x00, 0xda, 0xc0, 0x27, 0xdc, 0xc8, 0xeb, 0x28, 0xec, 0x43, 0x19,
  0xd9, 0xcb, 0x2b, 0xf8, 0xd2, 0x43, 0x04, 0xae, 0x5f, 0xeb, 0x4d, 0x0d,
  0x57, 0xb8, 0x03, 0x59, 0x21, 0xd4, 0x0f, 0x2a, 0xd5, 0x48, 0xed, 0x4d,
  0x48, 0xe9, 0x13, 0x0a, 0x8d, 0xc6, 0x37, 0xf0, 0xfd, 0x75, 0x0a, 0x37,
  0x37, 0xfb, 0x35, 0x03, 0xdf, 0x35, 0xb6, 0x68, 0xf5, 0xc4, 0x9c, 0xd7,
  0x4a, 0x05, 0xae, 0xfe, 0xc1, 0x12, 0x69, 0x03, 0xde, 0x1a, 0xe9, 0x31,
  0x56, 0x7f, 0x22, 0x07, 0x2c, 0xfa, 0x50, 0x41, 0xe2, 0x60, 0xd6, 0xb9,
  0x34, 0x45, 0xfc, 0xb1, 0x4e, 0xb2, 0x81, 0x12, 0x4d, 0xc8, 0xdd, 0xde,
  0x17, 0xf4, 0xf3, 0xf7, 0x21, 0xdc, 0x0a, 0x06, 0x02, 0x0d, 0x41, 0x23,
  0xf5, 0xdb, 0x06, 0x70, 0x1a, 0x10, 0xe5, 0x15, 0xe1, 0x06, 0x1f, 0x36,
  0xfc, 0xb3, 0xdb, 0xbc, 0xd7, 0xfc, 0xc1, 0x8e, 0x14, 0x5d, 0x4a, 0xdf,
  0x0b, 0x06, 0xd2, 0x1b, 0x06, 0x0b, 0x81, 0xd6, 0x17, 0x1a, 0xf8, 0x05,
  0x2e, 0x0a, 0xee, 0x0c, 0xdc, 0x0a, 0x21, 0xd2, 0x06, 0xdb, 0xea, 0xaf,
  0x06, 0x1a, 0x01, 0xe8, 0xda, 0xfe, 0xde, 0x02, 0x08, 0xa6, 0x41, 0x42,
  0x14, 0xdb, 0xaa, 0x23, 0x22, 0xd7, 0xf7, 0x1e, 0xfb, 0xf3, 0x5c, 0xe5,
  0x60, 0x3f, 0x0a, 0x01, 0x81, 0xc4, 0xb5, 0x52, 0x4e, 0xc1, 0xee, 0xfe,
  0xd6, 0x0b, 0xd5, 0x06, 0x14, 0x38, 0xd0, 0x00, 0x20, 0xb0, 0x9c, 0x2e,
  0x32, 0xf0, 0xfd, 0xf4, 0x30, 0xd4, 0x3f, 0x22, 0x10, 0x51, 0xd2, 0x77,
  0x30, 0x1a, 0x23, 0x18, 0x55, 0x17, 0xe9, 0x16, 0x2f, 0x22, 0x00, 0xad,
  0x0d, 0xe9, 0xee, 0xc7, 0x81, 0x46, 0x9e, 0x1a, 0x19, 0xd0, 0xc7, 0xfb,
  0x00, 0x13, 0x4c, 0xf9, 0xd4, 0x06, 0xda, 0xf2, 0x1d, 0xbe, 0x31, 0xe5,
  0xbf, 0x27, 0x03, 0x44, 0x79, 0x7e, 0xba, 0xe7, 0xd4, 0xc6, 0x27, 0xbe,
  0xb0, 0xb0, 0xb8, 0x09, 0x3a, 0x01, 0xc1, 0x08, 0x0b, 0x14, 0x6b, 0x8d,
  0x4a, 0xbe, 0x6a, 0x4a, 0xce, 0xb4, 0xad, 0x38, 0x0c, 0x3b, 0x2c, 0xa5,
  0x4a, 0x2f, 0xa4, 0x8b, 0x5b, 0x1e, 0xc1, 0xed, 0x53, 0x23, 0xca, 0x1d,
  0xcb, 0x2f, 0xe3, 0x04, 0x22, 0xef, 0x50, 0xe6, 0xbb, 0xd0, 0x21, 0x7f,
  0x4a, 0x04, 0x22, 0x02, 0xcc, 0x03, 0xd2, 0xfb, 0xe6, 0xec, 0xfa, 0xd4,
  0x2e, 0xd7, 0x3e, 0xe4, 0xaf, 0xf8, 0xbf, 0x23, 0xd5, 0xcf, 0xc2, 0x1a,
  0xdf, 0x44, 0x65, 0xea, 0x81, 0xb8, 0xfd, 0x2a, 0x35, 0x57, 0xcb, 0x03,
  0xd9, 0x17, 0xf2, 0xf7, 0x0a, 0xee, 0x66, 0xc3, 0x0f, 0x12, 0x22, 0x0f,
  0xf2, 0x24, 0xe8, 0x1c, 0xfa, 0xe2, 0xe8, 0x1b, 0xcb, 0x7f, 0xe8, 0xd7,
  0x10, 0xe4, 0xd6, 0xcd, 0x05, 0x1f, 0x16, 0xff, 0xbf, 0x0d, 0x00, 0x1f,
  0x55, 0xfa, 0xd8, 0x04, 0xe2, 0xed, 0x21, 0xb2, 0x02, 0xdd, 0x60, 0x9e,
  0xfd, 0xef, 0x3f, 0x28, 0x3d, 0x00, 0xe3, 0xf2, 0x10, 0x36, 0x3a, 0xa0,
  0x2e, 0x0b, 0xb0, 0xeb, 0xc3, 0x36, 0x74, 0x61, 0xbf, 0x30, 0xf0, 0xac,
  0xe9, 0x21, 0x17, 0xb5, 0xc4, 0xf6, 0x8d, 0xee, 0x81, 0x1d, 0xed, 0xd8,
  0x23, 0x12, 0x35, 0x32, 0x19, 0x19, 0x0f, 0x54, 0x48, 0xcb, 0x60, 0xd7,
  0xd9, 0x2a, 0x43, 0xf4, 0x0a, 0xf7, 0x3a, 0x98, 0x25, 0x2a, 0x19, 0x18,
  0x1b, 0xed, 0xcf, 0x18, 0xe8, 0xb1, 0x07, 0x54, 0x28, 0xf0, 0x6e, 0xf9,
  0x32, 0xe7, 0x1c, 0x3a, 0xf7, 0xc0, 0x94, 0xa8, 0x05, 0x02, 0x9a, 0x20,
  0xf4, 0x1d, 0x67, 0x16, 0xce, 0x1a, 0x05, 0x38, 0x0d, 0xdb, 0xcd, 0xda,
  0xf3, 0xfa, 0xc0, 0xdb, 0xf0, 0x5f, 0x1a, 0x0c, 0xe3, 0xe9, 0x34, 0x06,
  0x10, 0xb2, 0xbe, 0x02, 0xd1, 0x14, 0x2e, 0x7f, 0xd1, 0xa5, 0xe4, 0x81,
  0xf2, 0x03, 0x28, 0x20, 0xc9, 0x18, 0x17, 0xfb, 0x2f, 0x18, 0xca, 0x07,
  0x36, 0x2a, 0xe3, 0xdf, 0xd5, 0x16, 0xe3, 0xe0, 0x01, 0x14, 0x05, 0x2a,
  0xdb, 0xc7, 0xf1, 0x06, 0xf3, 0x0e, 0x0b, 0x26, 0xff, 0x1c, 0x0b, 0x05,
  0x1f, 0xd6, 0x29, 0x25, 0xef, 0xf2, 0x22, 0x10, 0xba, 0xff, 0xe5, 0xd1,
  0x0f, 0x4c, 0x40, 0x32, 0x30, 0x1b, 0xf5, 0xb6, 0xde, 0x14, 0x02, 0x81,
  0xf2, 0x07, 0xda, 0xde, 0xd2, 0xf7, 0x37, 0xc1, 0xf8, 0xe6, 0x1e, 0xfe,
  0xe4, 0xf5, 0xfe, 0xf0, 0x2a, 0x0f, 0x15, 0xeb, 0xb5, 0xd4, 0x38, 0xe2,
  0x40, 0x31, 0xe1, 0x11, 0x16, 0xd9, 0x2e, 0xea, 0x24, 0x6c, 0xb0, 0xaf,
  0x32, 0xc6, 0x6b, 0xde, 0xf6, 0x0f, 0x1c, 0xda, 0x23, 0xe4, 0x32, 0x0b,
  0xdd, 0xa5, 0x3c, 0x1a, 0xcb, 0x22, 0x2c, 0xef, 0x23, 0xf4, 0x3a, 0x81,
  0x52, 0x39, 0x01, 0x0b, 0xe9, 0xf7, 0x31, 0xfb, 0xe4, 0x4b, 0x59, 0x01,
  0x17, 0xe2, 0xaa, 0x40, 0x68, 0x5f, 0x44, 0x0a, 0xde, 0xb3, 0x08, 0xe7,
  0x09, 0xec, 0xa8, 0xca, 0xde, 0x66, 0xa0, 0xe2, 0xb6, 0xd2, 0x46, 0xdf,
  0x25, 0x41, 0x2b, 0xed, 0xaa, 0x7f, 0x25, 0xba, 0xed, 0xf8, 0x34, 0xe6,
  0x4e, 0x16, 0x54, 0xe8, 0x0a, 0x13, 0xbd, 0xc5, 0x39, 0x3f, 0xd7, 0x0d,
  0xc5, 0x3c, 0x0a, 0xe2, 0x21, 0xcc, 0x7e, 0x07, 0xd3, 0x0f, 0x56, 0xad,
  0x0f, 0xc4, 0xe8, 0x4e, 0x48, 0xf0, 0x0f, 0x22, 0x1d, 0xeb, 0x10, 0xfa,
  0xde, 0xd2, 0xea, 0x15, 0x09, 0x7f, 0x19, 0xe2, 0x57, 0xac, 0x0f, 0x66,
  0xd1, 0xf4, 0x26, 0xd1, 0xc9, 0x09, 0x17, 0x0b, 0xdd, 0x15, 0x18, 0x20,
  0x27, 0x99, 0xc3, 0xd4, 0xf6, 0x5c, 0xcf, 0x04, 0x3a, 0x4d, 0x0d, 0xe2,
  0x17, 0xd5, 0x01, 0xcf, 0x29, 0xe3, 0xe8, 0xfd, 0xb9, 0x02, 0xac, 0xf4,
  0xa3, 0xca, 0x4a, 0x0d, 0x64, 0x3a, 0x2f, 0xf4, 0x16, 0x1d, 0x4d, 0xb5,
  0xcd, 0xea, 0xce, 0x08, 0x06, 0xf1, 0x0e, 0x7f, 0x12, 0xd7, 0xf1, 0xd3,
  0xea, 0x31, 0xb6, 0xef, 0xb6, 0xfc, 0x29, 0x0f, 0x21, 0x02, 0xc3, 0xdb,
  0x04, 0xb0, 0xe5, 0xd5, 0x22, 0x1f, 0xef, 0xd9, 0x8d, 0xda, 0x1a, 0xe5,
  0xf3, 0xd8, 0x40, 0xd9, 0xf7, 0x0f, 0x32, 0x4f, 0xf2, 0x0b, 0x37, 0xdd,
  0x02, 0x2a, 0x39, 0x81, 0x2d, 0xc8, 0x1d, 0xa9, 0x7e, 0x07, 0x34, 0x4f,
  0xd9, 0x20, 0xdd, 0xf9, 0xc9, 0x1c, 0xd2, 0xeb, 0x3a, 0x10, 0x14, 0x92,
  0x60, 0x0d, 0xb6, 0x1c, 0x31, 0xb5, 0x1f, 0x07, 0xcf, 0xcc, 0x52, 0x0d,
  0xba, 0x0f, 0x4e, 0xc1, 0x00, 0xfe, 0xec, 0x14, 0xba, 0xd0, 0xd1, 0x25,
  0xe1, 0x02, 0x02, 0x81, 0x41, 0xd3, 0xea, 0xfe, 0x6b, 0xa0, 0xd0, 0x1e,
  0xd7, 0xb1, 0xdf, 0xa2, 0x1b, 0xf8, 0xeb, 0x31, 0x16, 0x11, 0xee, 0x0a,
  0xe7, 0xbf, 0xef, 0xd9, 0x17, 0x32, 0xe0, 0xfc, 0x12, 0x1a, 0x39, 0x0e,
  0x1f, 0xfb, 0xf6, 0x20, 0xd5, 0x07, 0xe5, 0xef, 0x08, 0x02, 0x3e, 0xe6,
  0xf8, 0xe4, 0x31, 0x20, 0xeb, 0x7f, 0xfa, 0xb7, 0xec, 0x1c, 0xde, 0x12,
  0xf1, 0x1f, 0xd8, 0x05, 0xfd, 0x0d, 0xba, 0xed, 0x0c, 0x35, 0xfe, 0x34,
  0x53, 0x61, 0x0d, 0x12, 0x02, 0x12, 0x1c, 0x0d, 0xc0, 0x12, 0x44, 0x20,
  0x0e, 0xa6, 0xf0, 0x31, 0xcb, 0x01, 0x0b, 0x7a, 0xe2, 0xd5, 0x6a, 0xb1,
  0x26, 0x0c, 0x9f, 0xe5, 0x17, 0x4c, 0x7f, 0x40, 0x24, 0xfa, 0x46, 0xb3,
  0xd0, 0xf6, 0x53, 0x2a, 0x65, 0xdb, 0x2f, 0x3e, 0xc1, 0xe9, 0xc4, 0xe1,
  0xbf, 0x31, 0x19, 0x72, 0x12, 0x0f, 0xcd, 0xb1, 0x06, 0x11, 0x0d, 0x8e,
  0xae, 0x01, 0xbe, 0xc0, 0x81, 0xfa, 0x33, 0xc8, 0x3d, 0xcc, 0x18, 0x12,
  0xa4, 0x0c, 0xf5, 0xf6, 0x1c, 0x34, 0x22, 0x17, 0x96, 0xb6, 0x08, 0xbf,
  0xfa, 0x22, 0xcc, 0x59, 0xe6, 0xed, 0x38, 0x4e, 0xd4, 0x1f, 0x06, 0x0a,
  0x16, 0xe9, 0x5e, 0xe5, 0xd0, 0x00, 0xc7, 0x0c, 0xf9, 0x3b, 0x1c, 0x52,
  0x1a, 0x27, 0xe7, 0xef, 0x81, 0xe3, 0xc6, 0x2d, 0x23, 0x1c, 0xe4, 0xfd,
  0xe4, 0xfb, 0xc2, 0xf5, 0x0f, 0x11, 0x46, 0xd6, 0x0b, 0x37, 0x01, 0xcd,
  0xf5, 0xf9, 0x19, 0x1c, 0x25, 0x26, 0xfb, 0x12, 0xe8, 0x50, 0x78, 0x39,
  0x15, 0x20, 0x3a, 0x36, 0xe6, 0xf6, 0x11, 0xb2, 0x1d, 0xe6, 0xd8, 0xef,
  0xef, 0xff, 0xf5, 0x36, 0x09, 0x25, 0x2b, 0x47, 0xc2, 0xf9, 0xcf, 0x90,
  0xf4, 0xff, 0x8f, 0xe4, 0xe6, 0x5d, 0x69, 0x13, 0xe6, 0x81, 0x07, 0x13,
  0x0d, 0xcb, 0xc7, 0x13, 0x06, 0x0e, 0x37, 0x61, 0xfa, 0x2a, 0x1c, 0x87,
  0x16, 0xd1, 0xc4, 0xab, 0xd0, 0xcd, 0xa1, 0xcc, 0xb6, 0xf9, 0xb1, 0xbf,
  0x0b, 0xe2, 0x16, 0x2c, 0x4a, 0x1e, 0x61, 0x07, 0x23, 0xc0, 0x33, 0x16,
  0x1c, 0x03, 0x18, 0x81, 0x26, 0xce, 0x0f, 0xb8, 0x45, 0x13, 0x26, 0x13,
  0x55, 0xb9, 0xbc, 0x40, 0xc7, 0xfe, 0xd2, 0x1a, 0xc6, 0x7f, 0xa8, 0xba,
  0x8b, 0x1f, 0x19, 0x9f, 0x1f, 0x06, 0xac, 0x18, 0x65, 0x45, 0xcf, 0xff,
  0xd4, 0x27, 0x09, 0xc5, 0xdb, 0xcd, 0xd9, 0x4a, 0xbf, 0xef, 0x4e, 0x07,
  0x34, 0x27, 0x23, 0xfc, 0x58, 0x72, 0x8c, 0xdc, 0xd9, 0x46, 0x34, 0xaa,
  0xfc, 0x87, 0x26, 0xa7, 0x30, 0x24, 0x90, 0xe9, 0x11, 0xe8, 0x06, 0xf4,
  0xd2, 0xee, 0xb4, 0xf2, 0xaa, 0xa1, 0xf6, 0x23, 0x57, 0x48, 0xe5, 0x2e,
  0xf0, 0xa3, 0xde, 0xd2, 0x9b, 0x05, 0xaa, 0x2a, 0xfb, 0xc6, 0xc9, 0xef,
  0xd8, 0xfe, 0xbe, 0x69, 0x7f, 0x1c, 0xa8, 0x29, 0xe9, 0x34, 0xeb, 0xb4,
  0xc6, 0xb6, 0x85, 0x40, 0x34, 0x1c, 0xf9, 0x23, 0x1b, 0xff, 0xbd, 0xcd,
  0x20, 0x3d, 0xdf, 0x18, 0xe7, 0x6b, 0xfe, 0xe8, 0x08, 0x2a, 0xa2, 0x7f,
  0x31, 0xc6, 0xcb, 0x90, 0x15, 0x6d, 0x4f, 0x13, 0x0b, 0xf3, 0xeb, 0x9f,
  0x1d, 0x49, 0x9a, 0xd9, 0x21, 0xfc, 0x2b, 0xe3, 0xaa, 0xf6, 0xf8, 0x9f,
  0x29, 0xe1, 0x00, 0x3a, 0x20, 0xd5, 0x42, 0xdb, 0x4b, 0xf8, 0x11, 0xdf,
  0xdb, 0x3d, 0x9e, 0x05, 0xb3, 0x69, 0xaa, 0xdc, 0x58, 0x33, 0xd4, 0x44,
  0x14, 0xba, 0xf5, 0x1d, 0xcb, 0x3f, 0x05, 0xe9, 0x5b, 0x10, 0x52, 0xf7,
  0xdd, 0xc3, 0xe6, 0x3d, 0x0c, 0x1d, 0x04, 0x2a, 0x02, 0x2e, 0x04, 0x04,
  0xe3, 0x9c, 0xce, 0xa5, 0x33, 0x58, 0xcf, 0x7f, 0x0d, 0xe5, 0xef, 0x3c,
  0x3c, 0x01, 0xe6, 0xfb, 0x93, 0xf7, 0x16, 0x6d, 0xe3, 0x15, 0xf0, 0x4b,
  0xdd, 0xb4, 0x32, 0xf5, 0xda, 0x97, 0xc5, 0xfc, 0xc6, 0xc7, 0xbc, 0x44,
  0xf8, 0x05, 0x81, 0x2b, 0xdc, 0x3a, 0x2a, 0xef, 0x21, 0x68, 0x3c, 0xf1,
  0x13, 0xf2, 0x48, 0xe0, 0xc2, 0x28, 0x18, 0xfd, 0x7f, 0x43, 0xf2, 0x0b,
  0xac, 0x45, 0xd8, 0xc2, 0x34, 0xb4, 0xde, 0x15, 0xd8, 0xeb, 0x61, 0x15,
  0x53, 0xc0, 0x5e, 0x9f, 0xb5, 0x29, 0xa8, 0x53, 0x46, 0xa0, 0xe9, 0xc2,
  0xf3, 0x3d, 0x13, 0xff, 0x51, 0xb2, 0xb6, 0xf4, 0xde, 0x04, 0x0f, 0x23,
  0xd4, 0x8d, 0xc5, 0x02, 0x06, 0xbd, 0xfc, 0x24, 0xff, 0xe5, 0x06, 0x24,
  0x00, 0xeb, 0xb1, 0x07, 0x1a, 0x1a, 0xf2, 0xc6, 0x13, 0x05, 0xfd, 0xeb,
  0x10, 0xd7, 0x36, 0x00, 0xde, 0x7f, 0xf8, 0x44, 0xae, 0xc5, 0x25, 0x1a,
  0x3c, 0x29, 0xb2, 0xe8, 0xcc, 0xb8, 0x25, 0x1a, 0xc4, 0xab, 0xce, 0x27,
  0xe8, 0xe8, 0x07, 0x0b, 0x29, 0x31, 0x59, 0xd6, 0x06, 0x25, 0x55, 0xd0,
  0x71, 0x06, 0xd1, 0x30, 0xdb, 0x41, 0xea, 0x7f, 0xe7, 0x22, 0x0b, 0x17,
  0xe1, 0x06, 0xf0, 0xe0, 0x29, 0x4c, 0x14, 0xcd, 0x3c, 0xb8, 0xf4, 0x1c,
  0x0a, 0x36, 0x02, 0xc9, 0xdb, 0x47, 0x49, 0x10, 0x2b, 0xe1, 0xd4, 0xfa,
  0xf2, 0xed, 0xd9, 0x00, 0x23, 0x27, 0x0e, 0x44, 0x39, 0x14, 0xd6, 0xcf,
  0xd9, 0xe9, 0xda, 0x33, 0xe7, 0x20, 0xc8, 0xba, 0x3f, 0xf1, 0xe9, 0xd4,
  0xd7, 0x31, 0xc7, 0xb1, 0xb8, 0xf9, 0xdd, 0x12, 0x11, 0xb1, 0x52, 0x6f,
  0xc9, 0x81, 0xda, 0xbb, 0x77, 0x18, 0xf0, 0x07, 0x03, 0xc1, 0x13, 0x00,
  0xda, 0xb7, 0xfa, 0xb4, 0x30, 0x16, 0xdf, 0x43, 0x24, 0x7f, 0xe4, 0xb1,
  0x23, 0xf1, 0xec, 0xfd, 0x04, 0xa6, 0x22, 0xef, 0x6c, 0x27, 0x2b, 0x0d,
  0xaf, 0x29, 0xfd, 0xda, 0x05, 0xfb, 0x09, 0xe2, 0xaf, 0xc9, 0xe1, 0x43,
  0x49, 0xa7, 0xf9, 0xb9, 0x4a, 0x25, 0xdc, 0x16, 0xc3, 0x06, 0x17, 0xd3,
  0xf6, 0x04, 0x0a, 0xc3, 0xc8, 0x2b, 0xb1, 0x32, 0xf5, 0x3d, 0xe8, 0x1d,
  0x18, 0xe5, 0x34, 0xf1, 0x0e, 0x15, 0x29, 0x02, 0x14, 0x15, 0xed, 0x30,
  0x44, 0xeb, 0x10, 0xf6, 0xa3, 0xf4, 0xe4, 0xb6, 0xe0, 0xf1, 0x2c, 0xb6,
  0x1d, 0xd0, 0xba, 0xfd, 0xf6, 0x30, 0x7f, 0x23, 0xe5, 0x25, 0xcc, 0xf0,
  0xd9, 0xbc, 0x1d, 0x15, 0x25, 0x57, 0x2d, 0x10, 0xd0, 0x15, 0x2d, 0xd4,
  0xe2, 0x22, 0xd2, 0x45, 0x29, 0x5f, 0xc1, 0x0a, 0xf5, 0x1b, 0x36, 0x1b,
  0x15, 0x0e, 0x01, 0xf1, 0x10, 0x5f, 0x09, 0xf4, 0xff, 0xf5, 0x3e, 0xcb,
  0x24, 0x10, 0xe2, 0xc9, 0x09, 0x74, 0xab, 0xda, 0x44, 0xb8, 0xf4, 0xf0,
  0x2e, 0x10, 0xce, 0x37, 0x0b, 0x0e, 0x3b, 0x7f, 0xe4, 0x2f, 0x49, 0x48,
  0x01, 0x05, 0x32, 0x37, 0x21, 0xe1, 0x18, 0xcf, 0xc7, 0x1f, 0xc9, 0x1a,
  0x30, 0xb4, 0xed, 0xa9, 0xe8, 0x05, 0xfc, 0xf0, 0xdd, 0xc0, 0xf7, 0x01,
  0x42, 0xfa, 0xcd, 0x08, 0x03, 0x57, 0x27, 0x23, 0x00, 0x81, 0xf7, 0x43,
  0xf0, 0xda, 0x2f, 0x06, 0x19, 0x47, 0xb2, 0xd1, 0x1c, 0xf0, 0xe5, 0x09,
  0xf6, 0xfb, 0xcd, 0xd2, 0xf7, 0xf9, 0xf0, 0xf7, 0xb8, 0xfb, 0xf0, 0xb5,
  0x12, 0xd3, 0x47, 0xf5, 0xb9, 0x5c, 0x1c, 0xfa, 0xd3, 0x0b, 0x3b, 0x04,
  0xee, 0x09, 0x0f, 0x00, 0xfc, 0x11, 0xe6, 0xeb, 0xfa, 0x21, 0xf9, 0x1d,
  0x3b, 0x20, 0xeb, 0xcf, 0x1c, 0xf5, 0x7f, 0xe5, 0x0a, 0x2f, 0x7f, 0x2b,
  0xee, 0x2c, 0x04, 0xe1, 0x01, 0x44, 0xd2, 0x90, 0x5a, 0x18, 0xc6, 0x2e,
  0x25, 0xf9, 0x57, 0xf9, 0x8c, 0xef, 0x04, 0x3b, 0xc1, 0xcd, 0xf9, 0xb5,
  0xd1, 0x33, 0xb6, 0x30, 0x04, 0x23, 0xfe, 0x47, 0xf4, 0x17, 0x55, 0x4c,
  0x2a, 0xa7, 0x03, 0x51, 0x01, 0x61, 0x0b, 0x42, 0x1e, 0xf8, 0xf3, 0x16,
  0xfa, 0x5e, 0x28, 0x3d, 0x10, 0x2f, 0x04, 0xe5, 0x3b, 0xf7, 0xeb, 0xbd,
  0xd8, 0x5b, 0xa4, 0xce, 0xef, 0x43, 0x35, 0xfe, 0xb6, 0xd2, 0x22, 0xfc,
  0xc8, 0x81, 0x07, 0xdc, 0x55, 0x0d, 0x25, 0xd9, 0xcd, 0x8c, 0xd6, 0xaf,
  0x0e, 0x0f, 0x11, 0xe6, 0xf5, 0x09, 0x1a, 0x0d, 0x1d, 0x60, 0x7f, 0x23,
  0xd8, 0x27, 0x18, 0x00, 0x27, 0x1e, 0x0d, 0xaf, 0xed, 0xc3, 0xb7, 0xcc,
  0x00, 0xf1, 0x54, 0x08, 0xff, 0xc6, 0xf2, 0x44, 0x0c, 0xf8, 0xa3, 0xb1,
  0x0e, 0xfc, 0xc5, 0x34, 0x03, 0x19, 0xe3, 0xfd, 0x00, 0xed, 0x06, 0x19,
  0xc7, 0xfd, 0x27, 0x15, 0x26, 0x11, 0xe1, 0xba, 0xd5, 0x0f, 0x79, 0x3b,
  0xd8, 0x25, 0xf8, 0x38, 0x16, 0x3a, 0x04, 0x9c, 0xec, 0x0d, 0xeb, 0x19,
  0x2d, 0x12, 0x50, 0xda, 0xa7, 0xc5, 0x17, 0x1c, 0x9c, 0x08, 0xc2, 0xb8,
  0xe9, 0xba, 0xd2, 0x42, 0xef, 0x1e, 0xbd, 0x02, 0xcf, 0x31, 0x23, 0x0c,
  0x0a, 0xfe, 0x6b, 0x7f, 0x5d, 0x74, 0x06, 0xec, 0xc9, 0x37, 0x3f, 0xc9,
  0x19, 0x1b, 0xa8, 0x29, 0xae, 0x2a, 0xe7, 0xf1, 0xaa, 0x00, 0x2b, 0xf0,
  0xdd, 0xa3, 0xda, 0x32, 0x19, 0x15, 0xe4, 0xfb, 0x07, 0x13, 0x7e, 0xde,
  0x00, 0xdd, 0xf3, 0xeb, 0xe5, 0x7f, 0xa6, 0xfd, 0x37, 0xfa, 0x36, 0xa2,
  0x1b, 0xd6, 0xff, 0x37, 0xc5, 0x42, 0x0e, 0x7e, 0xf3, 0xf3, 0xdb, 0xbc,
  0xe7, 0xf7, 0x39, 0x09, 0x0e, 0x15, 0x27, 0x07, 0xf2, 0xf3, 0xf9, 0x62,
  0x49, 0x0d, 0xc6, 0x12, 0x7f, 0x27, 0xf2, 0x1f, 0x05, 0xeb, 0xe0, 0xe5,
  0xf4, 0xcd, 0x1b, 0xfe, 0x09, 0x00, 0xff, 0x1b, 0xd9, 0x32, 0x04, 0xeb,
  0x46, 0x2c, 0xe6, 0x33, 0x0c, 0xfe, 0x0a, 0x1e, 0x02, 0x14, 0x06, 0xe3,
  0xf8, 0xf5, 0x39, 0xd9, 0xc5, 0x44, 0xf3, 0xc4, 0x36, 0x27, 0xc9, 0x13,
  0xf8, 0xce, 0x46, 0x64, 0xf6, 0x35, 0x0d, 0xfb, 0x41, 0xff, 0xff, 0x4b,
  0x16, 0xab, 0x2b, 0x41, 0x1d, 0x77, 0x11, 0x56, 0xce, 0x26, 0xf7, 0x9a,
  0x3a, 0x08, 0x05, 0x03, 0x66, 0x19, 0x81, 0x6b, 0x0e, 0xfc, 0x06, 0xf3,
  0x66, 0x12, 0x11, 0xe3, 0x12, 0x09, 0x01, 0xfb, 0x20, 0x29, 0x03, 0x1b,
  0x7f, 0x39, 0x1a, 0x9f, 0xb3, 0x53, 0x21, 0x4a, 0x00, 0xfa, 0x0d, 0x0d,
  0x0d, 0xe7, 0xcb, 0xf4, 0x10, 0xfe, 0x38, 0x2d, 0xed, 0x06, 0xd3, 0xe2,
  0x16, 0xbd, 0x23, 0xd7, 0x2a, 0x69, 0x33, 0xc5, 0x2e, 0xfa, 0xff, 0xff,
  0x04, 0x00, 0x00, 0x00, 0x00, 0x01, 0x00, 0x00, 0xef, 0xf6, 0xff, 0xff,
  0x27, 0x02, 0x00, 0x00, 0xd3, 0x1c, 0x00, 0x00, 0x3c, 0x0e, 0x00, 0x00,
  0x39, 0xf5, 0xff, 0xff, 0x95, 0xe6, 0xff, 0xff, 0xd7, 0x00, 0x00, 0x00,
  0x02, 0xf3, 0xff, 0xff, 0xf8, 0x04, 0x00, 0x00, 0xab, 0x07, 0x00, 0x00,
  0x57, 0xfb, 0xff, 0xff, 0x2c, 0xef, 0xff, 0xff, 0xe2, 0xf0, 0xff, 0xff,
  0x51, 0x0f, 0x00, 0x00, 0x77, 0xed, 0xff, 0xff, 0x64, 0xfb, 0xff, 0xff,
  0xe3, 0x04, 0x00, 0x00, 0x36, 0x05, 0x00, 0x00, 0xda, 0x05, 0x00, 0x00,
  0xbd, 0x01, 0x00, 0x00, 0x1b, 0xf4, 0xff, 0xff, 0xae, 0xeb, 0xff, 0xff,
  0xe3, 0x03, 0x00, 0x00, 0xd1, 0xe3, 0xff, 0xff, 0xff, 0xee, 0xff, 0xff,
  0x1c, 0x04, 0x00, 0x00, 0x10, 0x03, 0x00, 0x00, 0x0d, 0x01, 0x00, 0x00,
  0x4d, 0xf6, 0xff, 0xff, 0xa4, 0xfa, 0xff, 0xff, 0x02, 0x09, 0x00, 0x00,
  0xe9, 0xfc, 0xff, 0xff, 0x03, 0xf0, 0xff, 0xff, 0x04, 0xff, 0xff, 0xff,
  0x46, 0xff, 0xff, 0xff, 0x94, 0xfc, 0xff, 0xff, 0xed, 0xef, 0xff, 0xff,
  0xc2, 0xfd, 0xff, 0xff, 0xe4, 0xf3, 0xff, 0xff, 0xf6, 0x00, 0x00, 0x00,
  0x73, 0xfa, 0xff, 0xff, 0xa4, 0x08, 0x00, 0x00, 0xc6, 0x00, 0x00, 0x00,
  0x66, 0x05, 0x00, 0x00, 0x7d, 0xfc, 0xff, 0xff, 0xb8, 0xf4, 0xff, 0xff,
  0x2c, 0x02, 0x00, 0x00, 0x8d, 0x11, 0x00, 0x00, 0xee, 0x0c, 0x00, 0x00,
  0xd8, 0xf0, 0xff, 0xff, 0xe5, 0x03, 0x00, 0x00, 0x1f, 0xf4, 0xff, 0xff,
  0x8d, 0x04, 0x00, 0x00, 0x71, 0x03, 0x00, 0x00, 0xba, 0x04, 0x00, 0x00,
  0x10, 0x0f, 0x00, 0x00, 0xa9, 0x0c, 0x00, 0x00, 0xf0, 0xf9, 0xff, 0xff,
  0x10, 0xf3, 0xff, 0xff, 0x04, 0xfc, 0xff, 0xff, 0x50, 0xfd, 0xff, 0xff,
  0x16, 0xf7, 0xff, 0xff, 0x43, 0xf0, 0xff, 0xff, 0x4c, 0x16, 0x00, 0x00,
  0x3a, 0xfb, 0xff, 0xff, 0x04, 0x00, 0x00, 0x00, 0x80, 0x02, 0x00, 0x00,
  0xd3, 0xef, 0x81, 0x35, 0x5d, 0x16, 0xf8, 0xbc, 0x1e, 0x10, 0x23, 0x27,
  0x45, 0x2c, 0x19, 0xf1, 0x2c, 0x08, 0xc6, 0x1e, 0x0e, 0x56, 0x1f, 0x3c,
  0xdf, 0xa9, 0xf9, 0x06, 0x15, 0x26, 0xd9, 0x09, 0x37, 0xcf, 0x4d, 0x76,
  0x2a, 0xb2, 0x2f, 0x02, 0xe5, 0x0e, 0x3e, 0x38, 0xfb, 0x25, 0x42, 0xd6,
  0xae, 0x29, 0x38, 0x5e, 0xeb, 0xdf, 0xf5, 0xf9, 0xf0, 0x2c, 0x09, 0xfd,
  0x13, 0x19, 0x55, 0xf3, 0xfd, 0x04, 0xca, 0x16, 0x04, 0x13, 0xee, 0xa1,
  0xc3, 0xb8, 0xdc, 0x16, 0x06, 0x19, 0x3b, 0xfb, 0xfe, 0x10, 0xe8, 0x0d,
  0xf2, 0x2a, 0x43, 0x1a, 0xf2, 0xc8, 0x01, 0xd6, 0x1b, 0x0a, 0xce, 0xdf,
  0x1d, 0xb7, 0x08, 0x27, 0x37, 0xd9, 0x1f, 0xf2, 0xb7, 0xfd, 0x15, 0x1e,
  0x16, 0xef, 0xfe, 0xf4, 0xc0, 0x0e, 0x13, 0x44, 0xf7, 0xcf, 0xef, 0xcd,
  0xfa, 0xdf, 0x07, 0xc6, 0xc5, 0xdb, 0x13, 0x01, 0x1c, 0x1e, 0x2a, 0x26,
  0x62, 0xe0, 0x26, 0x13, 0x3d, 0x3e, 0xef, 0xdb, 0x58, 0xbf, 0xe4, 0x1d,
  0x3c, 0xdc, 0x38, 0x16, 0xf8, 0xe0, 0x19, 0xf0, 0xf6, 0x4e, 0x54, 0xfd,
  0xa1, 0x30, 0xdd, 0x31, 0xeb, 0x0a, 0x4e, 0xf2, 0x1f, 0x08, 0x1b, 0xf3,
  0xcc, 0x40, 0xf6, 0x3b, 0x4e, 0xc9, 0xec, 0x53, 0x45, 0x31, 0xae, 0xdc,
  0xcc, 0x14, 0xdd, 0x3a, 0xd6, 0x93, 0xfa, 0xde, 0x4b, 0xd0, 0x0a, 0x81,
  0x25, 0x19, 0x0e, 0x17, 0x05, 0xf7, 0x01, 0xf3, 0xee, 0xef, 0xdb, 0xfb,
  0xff, 0xe6, 0x15, 0x0a, 0xf4, 0x07, 0x07, 0xfd, 0xfb, 0x1c, 0x33, 0xdb,
  0xf1, 0x19, 0x23, 0xea, 0xe4, 0xfe, 0xe7, 0x0b, 0xee, 0xd2, 0xf6, 0xf7,
  0x20, 0x13, 0x10, 0xfa, 0xc3, 0xf8, 0xf5, 0x13, 0x2d, 0xd6, 0xfb, 0x21,
  0xe7, 0x02, 0xdb, 0x0c, 0xee, 0x0c, 0xf3, 0x08, 0xf8, 0xbe, 0x0f, 0xce,
  0xfc, 0xc7, 0xf1, 0xd6, 0xe6, 0xe6, 0x9f, 0xde, 0xd7, 0x00, 0x1f, 0x02,
  0x2e, 0x2d, 0x34, 0xfb, 0x30, 0x21, 0xeb, 0xef, 0x18, 0xac, 0x1f, 0xb1,
  0x27, 0x24, 0x27, 0x30, 0xf9, 0xfc, 0x0a, 0x2d, 0xc1, 0x81, 0x0b, 0x03,
  0x36, 0xd9, 0xe4, 0x4e, 0xc9, 0x29, 0x88, 0x1c, 0x01, 0x28, 0xde, 0x36,
  0xed, 0x2c, 0x3b, 0x29, 0x12, 0x27, 0xf6, 0xcf, 0x14, 0x0a, 0x21, 0xfb,
  0x16, 0xea, 0x1f, 0x1e, 0x2d, 0xa4, 0xe0, 0x11, 0x0b, 0x07, 0xff, 0x1c,
  0xe9, 0xf1, 0x02, 0xf3, 0xee, 0xe5, 0x08, 0xf4, 0x03, 0x0e, 0x08, 0x00,
  0xe7, 0x03, 0x22, 0xe0, 0x1e, 0x1a, 0x17, 0x09, 0xfa, 0xf4, 0x08, 0x02,
  0x01, 0xeb, 0x03, 0xf4, 0x0f, 0xcf, 0xde, 0xff, 0x01, 0x31, 0xf9, 0x15,
  0xf1, 0xee, 0xe4, 0x00, 0x03, 0xea, 0x15, 0x02, 0xd6, 0x03, 0x00, 0x03,
  0x31, 0xf7, 0x1a, 0xf1, 0x18, 0xdf, 0x1c, 0xf1, 0xeb, 0xda, 0xec, 0x10,
  0xe6, 0x06, 0x4c, 0xc4, 0x6d, 0xe1, 0xd3, 0x2a, 0xf9, 0xd4, 0xeb, 0xd5,
  0x14, 0xe8, 0xbd, 0x03, 0x9e, 0x19, 0x29, 0xb8, 0xdc, 0x15, 0xbc, 0x26,
  0xd9, 0x08, 0xfe, 0xdb, 0x03, 0x7f, 0x4a, 0x03, 0x00, 0xe4, 0xd7, 0xc0,
  0xf1, 0x13, 0x39, 0xff, 0xcf, 0x98, 0xd6, 0x9f, 0x35, 0xc1, 0x19, 0xb8,
  0x40, 0xdf, 0xfd, 0x32, 0x20, 0xa2, 0xe5, 0x1f, 0xe1, 0x62, 0xfd, 0xfe,
  0xdb, 0x42, 0x06, 0xe9, 0x09, 0x0f, 0x1f, 0xfa, 0x19, 0xef, 0xf4, 0x34,
  0xfe, 0xf2, 0x10, 0xf0, 0xfd, 0x11, 0x03, 0x02, 0xdc, 0x0b, 0x12, 0xe0,
  0x38, 0x1a, 0x09, 0x20, 0xea, 0x1c, 0x0d, 0x08, 0x13, 0x27, 0x26, 0xfe,
  0x1f, 0xd9, 0xdb, 0xef, 0x03, 0x14, 0x22, 0xf0, 0x06, 0xdc, 0xe4, 0xf0,
  0x36, 0xe0, 0xf0, 0x0a, 0x12, 0x06, 0x19, 0x19, 0x1b, 0x02, 0x2b, 0x15,
  0x23, 0x22, 0x31, 0x06, 0xfb, 0x07, 0xf4, 0x0e, 0x10, 0x13, 0xeb, 0xe0,
  0xd4, 0x20, 0x39, 0xf7, 0xf6, 0xef, 0x21, 0x13, 0xa5, 0x03, 0x1a, 0x1b,
  0xcd, 0x20, 0xd4, 0xf7, 0x0c, 0xaa, 0xc4, 0xcc, 0x0a, 0x1e, 0x3c, 0x1c,
  0xf9, 0xdb, 0x28, 0x15, 0xf8, 0xeb, 0x1c, 0x11, 0xe5, 0xe1, 0xa2, 0x30,
  0xed, 0x2f, 0x0f, 0xea, 0x81, 0x32, 0x03, 0x18, 0xef, 0x9a, 0xc0, 0xdd,
  0x14, 0xc9, 0xf0, 0x25, 0x19, 0x93, 0x0b, 0x12, 0xf4, 0x10, 0x41, 0xf2,
  0x20, 0x1b, 0x13, 0x0e, 0xf5, 0x0a, 0x10, 0xfa, 0xe5, 0xe0, 0x06, 0x0e,
  0xdf, 0x12, 0x2b, 0x11, 0xe9, 0x1d, 0xfb, 0x05, 0xf2, 0xe4, 0x1e, 0xd6,
  0xfe, 0x0c, 0x20, 0x07, 0x16, 0x0b, 0x13, 0x0a, 0x0b, 0xe7, 0xfa, 0x15,
  0x20, 0x0a, 0x08, 0x0e, 0xf8, 0xfd, 0x01, 0xf5, 0xff, 0xfb, 0xf1, 0x15,
  0xee, 0xdf, 0x01, 0x18, 0x22, 0xee, 0x21, 0x11, 0x21, 0xef, 0x1d, 0xf8,
  0xe4, 0xf3, 0x0a, 0x13, 0xc6, 0xfd, 0xff, 0xff, 0x04, 0x00, 0x00, 0x00,
  0x14, 0x00, 0x00, 0x00, 0x95, 0x0c, 0x00, 0x00, 0x66, 0x02, 0x00, 0x00,
  0xf9, 0x0e, 0x00, 0x00, 0xf2, 0xf7, 0xff, 0xff, 0x55, 0xf2, 0xff, 0xff,
  0xe6, 0xfd, 0xff, 0xff, 0x04, 0x00, 0x00, 0x00, 0x08, 0x00, 0x00, 0x00,
  0xff, 0xff, 0xff, 0xff, 0x40, 0x00, 0x00, 0x00, 0xfa, 0xfd, 0xff, 0xff,
  0x04, 0x00, 0x00, 0x00, 0x04, 0x00, 0x00, 0x00, 0x01, 0x00, 0x00, 0x00,
  0x0a, 0xfe, 0xff, 0xff, 0x04, 0x00, 0x00, 0x00, 0x0c, 0x00, 0x00, 0x00,
  0x01, 0x00, 0x00, 0x00, 0x0c, 0x00, 0x00, 0x00, 0x40, 0x00, 0x00, 0x00,
  0x22, 0xfe, 0xff, 0xff, 0x04, 0x00, 0x00, 0x00, 0x10, 0x00, 0x00, 0x00,
  0x01, 0x00, 0x00, 0x00, 0x19, 0x00, 0x00, 0x00, 0x01, 0x00, 0x00, 0x00,
  0x40, 0x00, 0x00, 0x00, 0x3e, 0xfe, 0xff, 0xff, 0x04, 0x00, 0x00, 0x00,
  0x10, 0x00, 0x00, 0x00, 0x01, 0x00, 0x00, 0x00, 0x01, 0x00, 0x00, 0x00,
  0x19, 0x00, 0x00, 0x00, 0x30, 0x00, 0x00, 0x00, 0x5a, 0xfe, 0xff, 0xff,
  0x04, 0x00, 0x00, 0x00, 0x10, 0x00, 0x00, 0x00, 0x01, 0x00, 0x00, 0x00,
  0x32, 0x00, 0x00, 0x00, 0x01, 0x00, 0x00, 0x00, 0x30, 0x00, 0x00, 0x00,
  0x76, 0xfe, 0xff, 0xff, 0x04, 0x00, 0x00, 0x00, 0x10, 0x00, 0x00, 0x00,
  0x01, 0x00, 0x00, 0x00, 0x01, 0x00, 0x00, 0x00, 0x32, 0x00, 0x00, 0x00,
  0x20, 0x00, 0x00, 0x00, 0x92, 0xfe, 0xff, 0xff, 0x04, 0x00, 0x00, 0x00,
  0x10, 0x00, 0x00, 0x00, 0x01, 0x00, 0x00, 0x00, 0x64, 0x00, 0x00, 0x00,
  0x01, 0x00, 0x00, 0x00, 0x20, 0x00, 0x00, 0x00, 0xae, 0xfe, 0xff, 0xff,
  0x04, 0x00, 0x00, 0x00, 0x10, 0x00, 0x00, 0x00, 0x01, 0x00, 0x00, 0x00,
  0x01, 0x00, 0x00, 0x00, 0xc8, 0x00, 0x00, 0x00, 0x04, 0x00, 0x00, 0x00,
  0xac, 0xc2, 0xff, 0xff, 0xb0, 0xc2, 0xff, 0xff, 0x0f, 0x00, 0x00, 0x00,
  0x4d, 0x4c, 0x49, 0x52, 0x20, 0x43, 0x6f, 0x6e, 0x76, 0x65, 0x72, 0x74,
  0x65, 0x64, 0x2e, 0x00, 0x01, 0x00, 0x00, 0x00, 0x14, 0x00, 0x00, 0x00,
  0x00, 0x00, 0x0e, 0x00, 0x18, 0x00, 0x14, 0x00, 0x10, 0x00, 0x0c, 0x00,
  0x08, 0x00, 0x04, 0x00, 0x0e, 0x00, 0x00, 0x00, 0x14, 0x00, 0x00, 0x00,
  0x1c, 0x00, 0x00, 0x00, 0x74, 0x05, 0x00, 0x00, 0x78, 0x05, 0x00, 0x00,
  0x7c, 0x05, 0x00, 0x00, 0x04, 0x00, 0x00, 0x00, 0x6d, 0x61, 0x69, 0x6e,
  0x00, 0x00, 0x00, 0x00, 0x17, 0x00, 0x00, 0x00, 0x38, 0x05, 0x00, 0x00,
  0xdc, 0x04, 0x00, 0x00, 0x7c, 0x04, 0x00, 0x00, 0x28, 0x04, 0x00, 0x00,
  0x04, 0x04, 0x00, 0x00, 0xb0, 0x03, 0x00, 0x00, 0x7c, 0x03, 0x00, 0x00,
  0x38, 0x03, 0x00, 0x00, 0xf0, 0x02, 0x00, 0x00, 0xcc, 0x02, 0x00, 0x00,
  0x88, 0x02, 0x00, 0x00, 0x64, 0x02, 0x00, 0x00, 0x20, 0x02, 0x00, 0x00,
  0xd8, 0x01, 0x00, 0x00, 0xb4, 0x01, 0x00, 0x00, 0x70, 0x01, 0x00, 0x00,
  0x4c, 0x01, 0x00, 0x00, 0x18, 0x01, 0x00, 0x00, 0xd4, 0x00, 0x00, 0x00,
  0xb0, 0x00, 0x00, 0x00, 0x70, 0x00, 0x00, 0x00, 0x38, 0x00, 0x00, 0x00,
  0x04, 0x00, 0x00, 0x00, 0x8a, 0xfb, 0xff, 0xff, 0x14, 0x00, 0x00, 0x00,
  0x00, 0x00, 0x00, 0x09, 0x14, 0x00, 0x00, 0x00, 0x18, 0x00, 0x00, 0x00,
  0x07, 0x00, 0x00, 0x00, 0x9a, 0xff, 0xff, 0xff, 0x00, 0x00, 0x80, 0x3f,
  0x01, 0x00, 0x00, 0x00, 0x30, 0x00, 0x00, 0x00, 0x01, 0x00, 0x00, 0x00,
  0x2f, 0x00, 0x00, 0x00, 0xba, 0xfb, 0xff, 0xff, 0x14, 0x00, 0x00, 0x00,
  0x00, 0x00, 0x00, 0x08, 0x10, 0x00, 0x00, 0x00, 0x14, 0x00, 0x00, 0x00,
  0x06, 0x00, 0x00, 0x00, 0xac, 0xc3, 0xff, 0xff, 0x01, 0x00, 0x00, 0x00,
  0x2f, 0x00, 0x00, 0x00, 0x03, 0x00, 0x00, 0x00, 0x2e, 0x00, 0x00, 0x00,
  0x0b, 0x00, 0x00, 0x00, 0x0a, 0x00, 0x00, 0x00, 0x0a, 0xfd, 0xff, 0xff,
  0x1c, 0x00, 0x00, 0x00, 0x00, 0x00, 0x00, 0x0a, 0x1c, 0x00, 0x00, 0x00,
  0x20, 0x00, 0x00, 0x00, 0x05, 0x00, 0x00, 0x00, 0x00, 0x00, 0x06, 0x00,
  0x08, 0x00, 0x04, 0x00, 0x06, 0x00, 0x00, 0x00, 0x01, 0x00, 0x00, 0x00,
  0x01, 0x00, 0x00, 0x00, 0x2e, 0x00, 0x00, 0x00, 0x02, 0x00, 0x00, 0x00,
  0x2b, 0x00, 0x00, 0x00, 0x2d, 0x00, 0x00, 0x00, 0xce, 0xfb, 0xff, 0xff,
  0x08, 0x00, 0x00, 0x00, 0x0c, 0x00, 0x00, 0x00, 0x01, 0x00, 0x00, 0x00,
  0x2d, 0x00, 0x00, 0x00, 0x02, 0x00, 0x00, 0x00, 0x2c, 0x00, 0x00, 0x00,
  0x09, 0x00, 0x00, 0x00, 0x4a, 0xfc, 0xff, 0xff, 0x14, 0x00, 0x00, 0x00,
  0x00, 0x00, 0x00, 0x05, 0x24, 0x00, 0x00, 0x00, 0x28, 0x00, 0x00, 0x00,
  0x03, 0x00, 0x00, 0x00, 0x56, 0xfd, 0xff, 0xff, 0x0c, 0x00, 0x00, 0x00,
  0x01, 0x00, 0x00, 0x00, 0x0c, 0x00, 0x00, 0x00, 0x01, 0x00, 0x00, 0x00,
  0x00, 0x00, 0x00, 0x01, 0x01, 0x00, 0x00, 0x00, 0x2c, 0x00, 0x00, 0x00,
  0x01, 0x00, 0x00, 0x00, 0x29, 0x00, 0x00, 0x00, 0x8a, 0xfc, 0xff, 0xff,
  0x14, 0x00, 0x00, 0x00, 0x00, 0x00, 0x00, 0x1b, 0x10, 0x00, 0x00, 0x00,
  0x14, 0x00, 0x00, 0x00, 0x04, 0x00, 0x00, 0x00, 0x7c, 0xc4, 0xff, 0xff,
  0x01, 0x00, 0x00, 0x00, 0x2b, 0x00, 0x00, 0x00, 0x02, 0x00, 0x00, 0x00,
  0x2a, 0x00, 0x00, 0x00, 0x08, 0x00, 0x00, 0x00, 0x5e, 0xfc, 0xff, 0xff,
  0x08, 0x00, 0x00, 0x00, 0x0c, 0x00, 0x00, 0x00, 0x01, 0x00, 0x00, 0x00,
  0x2a, 0x00, 0x00, 0x00, 0x02, 0x00, 0x00, 0x00, 0x29, 0x00, 0x00, 0x00,
  0x07, 0x00, 0x00, 0x00, 0xda, 0xfc, 0xff, 0xff, 0x14, 0x00, 0x00, 0x00,
  0x00, 0x00, 0x00, 0x05, 0x24, 0x00, 0x00, 0x00, 0x28, 0x00, 0x00, 0x00,
  0x03, 0x00, 0x00, 0x00, 0xe6, 0xfd, 0xff, 0xff, 0x02, 0x00, 0x00, 0x00,
  0x01, 0x00, 0x00, 0x00, 0x02, 0x00, 0x00, 0x00, 0x01, 0x00, 0x00, 0x00,
  0x00, 0x00, 0x00, 0x01, 0x01, 0x00, 0x00, 0x00, 0x29, 0x00, 0x00, 0x00,
  0x01, 0x00, 0x00, 0x00, 0x28, 0x00, 0x00, 0x00, 0xbe, 0xfc, 0xff, 0xff,
  0x08, 0x00, 0x00, 0x00, 0x0c, 0x00, 0x00, 0x00, 0x01, 0x00, 0x00, 0x00,
  0x28, 0x00, 0x00, 0x00, 0x02, 0x00, 0x00, 0x00, 0x27, 0x00, 0x00, 0x00,
  0x06, 0x00, 0x00, 0x00, 0x3a, 0xfd, 0xff, 0xff, 0x14, 0x00, 0x00, 0x00,
  0x00, 0x00, 0x00, 0x01, 0x20, 0x00, 0x00, 0x00, 0x24, 0x00, 0x00, 0x00,
  0x01, 0x00, 0x00, 0x00, 0xd8, 0xfd, 0xff, 0xff, 0x00, 0x00, 0x00, 0x03,
  0x01, 0x00, 0x00, 0x00, 0x01, 0x00, 0x00, 0x00, 0x00, 0x00, 0x00, 0x01,
  0x01, 0x00, 0x00, 0x00, 0x27, 0x00, 0x00, 0x00, 0x03, 0x00, 0x00, 0x00,
  0x26, 0x00, 0x00, 0x00, 0x0d, 0x00, 0x00, 0x00, 0x0c, 0x00, 0x00, 0x00,
  0x7e, 0xfd, 0xff, 0xff, 0x14, 0x00, 0x00, 0x00, 0x00, 0x00, 0x00, 0x02,
  0x1c, 0x00, 0x00, 0x00, 0x20, 0x00, 0x00, 0x00, 0x02, 0x00, 0x00, 0x00,
  0xcc, 0xfd, 0xff, 0xff, 0x01, 0x00, 0x00, 0x00, 0x01, 0x00, 0x00, 0x00,
  0x01, 0x00, 0x00, 0x00, 0x01, 0x00, 0x00, 0x00, 0x26, 0x00, 0x00, 0x00,
  0x03, 0x00, 0x00, 0x00, 0x25, 0x00, 0x00, 0x00, 0x0f, 0x00, 0x00, 0x00,
  0x0e, 0x00, 0x00, 0x00, 0x62, 0xfd, 0xff, 0xff, 0x08, 0x00, 0x00, 0x00,
  0x0c, 0x00, 0x00, 0x00, 0x01, 0x00, 0x00, 0x00, 0x25, 0x00, 0x00, 0x00,
  0x02, 0x00, 0x00, 0x00, 0x24, 0x00, 0x00, 0x00, 0x05, 0x00, 0x00, 0x00,
  0xde, 0xfd, 0xff, 0xff, 0x14, 0x00, 0x00, 0x00, 0x00, 0x00, 0x00, 0x05,
  0x24, 0x00, 0x00, 0x00, 0x28, 0x00, 0x00, 0x00, 0x03, 0x00, 0x00, 0x00,
  0xea, 0xfe, 0xff, 0xff, 0x02, 0x00, 0x00, 0x00, 0x01, 0x00, 0x00, 0x00,
  0x02, 0x00, 0x00, 0x00, 0x01, 0x00, 0x00, 0x00, 0x00, 0x00, 0x00, 0x01,
  0x01, 0x00, 0x00, 0x00, 0x24, 0x00, 0x00, 0x00, 0x01, 0x00, 0x00, 0x00,
  0x23, 0x00, 0x00, 0x00, 0xc2, 0xfd, 0xff, 0xff, 0x08, 0x00, 0x00, 0x00,
  0x0c, 0x00, 0x00, 0x00, 0x01, 0x00, 0x00, 0x00, 0x23, 0x00, 0x00, 0x00,
  0x02, 0x00, 0x00, 0x00, 0x22, 0x00, 0x00, 0x00, 0x04, 0x00, 0x00, 0x00,
  0x3e, 0xfe, 0xff, 0xff, 0x14, 0x00, 0x00, 0x00, 0x00, 0x00, 0x00, 0x01,
  0x20, 0x00, 0x00, 0x00, 0x24, 0x00, 0x00, 0x00, 0x01, 0x00, 0x00, 0x00,
  0xdc, 0xfe, 0xff, 0xff, 0x00, 0x00, 0x00, 0x03, 0x01, 0x00, 0x00, 0x00,
  0x01, 0x00, 0x00, 0x00, 0x00, 0x00, 0x00, 0x01, 0x01, 0x00, 0x00, 0x00,
  0x22, 0x00, 0x00, 0x00, 0x03, 0x00, 0x00, 0x00, 0x21, 0x00, 0x00, 0x00,
  0x11, 0x00, 0x00, 0x00, 0x10, 0x00, 0x00, 0x00, 0x82, 0xfe, 0xff, 0xff,
  0x14, 0x00, 0x00, 0x00, 0x00, 0x00, 0x00, 0x02, 0x1c, 0x00, 0x00, 0x00,
  0x20, 0x00, 0x00, 0x00, 0x02, 0x00, 0x00, 0x00, 0xd0, 0xfe, 0xff, 0xff,
  0x01, 0x00, 0x00, 0x00, 0x01, 0x00, 0x00, 0x00, 0x01, 0x00, 0x00, 0x00,
  0x01, 0x00, 0x00, 0x00, 0x21, 0x00, 0x00, 0x00, 0x03, 0x00, 0x00, 0x00,
  0x20, 0x00, 0x00, 0x00, 0x13, 0x00, 0x00, 0x00, 0x12, 0x00, 0x00, 0x00,
  0x66, 0xfe, 0xff, 0xff, 0x08, 0x00, 0x00, 0x00, 0x0c, 0x00, 0x00, 0x00,
  0x01, 0x00, 0x00, 0x00, 0x20, 0x00, 0x00, 0x00, 0x02, 0x00, 0x00, 0x00,
  0x1f, 0x00, 0x00, 0x00, 0x03, 0x00, 0x00, 0x00, 0x00, 0x00, 0x0e, 0x00,
  0x1a, 0x00, 0x14, 0x00, 0x10, 0x00, 0x0c, 0x00, 0x0b, 0x00, 0x04, 0x00,
  0x0e, 0x00, 0x00, 0x00, 0x24, 0x00, 0x00, 0x00, 0x00, 0x00, 0x00, 0x05,
  0x34, 0x00, 0x00, 0x00, 0x38, 0x00, 0x00, 0x00, 0x03, 0x00, 0x00, 0x00,
  0x00, 0x00, 0x0e, 0x00, 0x18, 0x00, 0x17, 0x00, 0x10, 0x00, 0x0c, 0x00,
  0x08, 0x00, 0x04, 0x00, 0x0e, 0x00, 0x00, 0x00, 0x02, 0x00, 0x00, 0x00,
  0x01, 0x00, 0x00, 0x00, 0x02, 0x00, 0x00, 0x00, 0x01, 0x00, 0x00, 0x00,
  0x00, 0x00, 0x00, 0x01, 0x01, 0x00, 0x00, 0x00, 0x1f, 0x00, 0x00, 0x00,
  0x01, 0x00, 0x00, 0x00, 0x1e, 0x00, 0x00, 0x00, 0xe6, 0xfe, 0xff, 0xff,
  0x08, 0x00, 0x00, 0x00, 0x0c, 0x00, 0x00, 0x00, 0x01, 0x00, 0x00, 0x00,
  0x1e, 0x00, 0x00, 0x00, 0x02, 0x00, 0x00, 0x00, 0x1d, 0x00, 0x00, 0x00,
  0x02, 0x00, 0x00, 0x00, 0x62, 0xff, 0xff, 0xff, 0x20, 0x00, 0x00, 0x00,
  0x00, 0x00, 0x00, 0x01, 0x2c, 0x00, 0x00, 0x00, 0x30, 0x00, 0x00, 0x00,
  0x01, 0x00, 0x00, 0x00, 0x0c, 0x00, 0x14, 0x00, 0x13, 0x00, 0x0c, 0x00,
  0x08, 0x00, 0x07, 0x00, 0x0c, 0x00, 0x00, 0x00, 0x00, 0x00, 0x00, 0x03,
  0x01, 0x00, 0x00, 0x00, 0x01, 0x00, 0x00, 0x00, 0x00, 0x00, 0x00, 0x01,
  0x01, 0x00, 0x00, 0x00, 0x1d, 0x00, 0x00, 0x00, 0x03, 0x00, 0x00, 0x00,
  0x1c, 0x00, 0x00, 0x00, 0x15, 0x00, 0x00, 0x00, 0x14, 0x00, 0x00, 0x00,
  0xb2, 0xff, 0xff, 0xff, 0x20, 0x00, 0x00, 0x00, 0x00, 0x00, 0x00, 0x02,
  0x28, 0x00, 0x00, 0x00, 0x2c, 0x00, 0x00, 0x00, 0x02, 0x00, 0x00, 0x00,
  0x0c, 0x00, 0x10, 0x00, 0x00, 0x00, 0x0c, 0x00, 0x08, 0x00, 0x04, 0x00,
  0x0c, 0x00, 0x00, 0x00, 0x01, 0x00, 0x00, 0x00, 0x01, 0x00, 0x00, 0x00,
  0x01, 0x00, 0x00, 0x00, 0x01, 0x00, 0x00, 0x00, 0x1c, 0x00, 0x00, 0x00,
  0x03, 0x00, 0x00, 0x00, 0x1b, 0x00, 0x00, 0x00, 0x17, 0x00, 0x00, 0x00,
  0x16, 0x00, 0x00, 0x00, 0x00, 0x00, 0x0e, 0x00, 0x18, 0x00, 0x14, 0x00,
  0x10, 0x00, 0x0c, 0x00, 0x0b, 0x00, 0x04, 0x00, 0x0e, 0x00, 0x00, 0x00,
  0x20, 0x00, 0x00, 0x00, 0x00, 0x00, 0x00, 0x01, 0x28, 0x00, 0x00, 0x00,
  0x2c, 0x00, 0x00, 0x00, 0x01, 0x00, 0x00, 0x00, 0x0c, 0x00, 0x10, 0x00,
  0x00, 0x00, 0x0c, 0x00, 0x08, 0x00, 0x07, 0x00, 0x0c, 0x00, 0x00, 0x00,
  0x00, 0x00, 0x00, 0x03, 0x01, 0x00, 0x00, 0x00, 0x02, 0x00, 0x00, 0x00,
  0x01, 0x00, 0x00, 0x00, 0x1b, 0x00, 0x00, 0x00, 0x03, 0x00, 0x00, 0x00,
  0x1a, 0x00, 0x00, 0x00, 0x19, 0x00, 0x00, 0x00, 0x18, 0x00, 0x00, 0x00,
  0x00, 0x00, 0x0a, 0x00, 0x0c, 0x00, 0x00, 0x00, 0x08, 0x00, 0x04, 0x00,
  0x0a, 0x00, 0x00, 0x00, 0x08, 0x00, 0x00, 0x00, 0x0c, 0x00, 0x00, 0x00,
  0x01, 0x00, 0x00, 0x00, 0x1a, 0x00, 0x00, 0x00, 0x02, 0x00, 0x00, 0x00,
  0x00, 0x00, 0x00, 0x00, 0x01, 0x00, 0x00, 0x00, 0x01, 0x00, 0x00, 0x00,
  0x30, 0x00, 0x00, 0x00, 0x01, 0x00, 0x00, 0x00, 0x00, 0x00, 0x00, 0x00,
  0x31, 0x00, 0x00, 0x00, 0xd8, 0x37, 0x00, 0x00, 0x6c, 0x37, 0x00, 0x00,
  0x1c, 0x37, 0x00, 0x00, 0xc8, 0x36, 0x00, 0x00, 0x74, 0x36, 0x00, 0x00,
  0x20, 0x36, 0x00, 0x00, 0xcc, 0x35, 0x00, 0x00, 0x7c, 0x35, 0x00, 0x00,
  0x40, 0x35, 0x00, 0x00, 0x00, 0x35, 0x00, 0x00, 0x6c, 0x34, 0x00, 0x00,
  0xd8, 0x33, 0x00, 0x00, 0x84, 0x2f, 0x00, 0x00, 0x90, 0x2b, 0x00, 0x00,
  0xfc, 0x28, 0x00, 0x00, 0x20, 0x26, 0x00, 0x00, 0x74, 0x22, 0x00, 0x00,
  0x40, 0x1f, 0x00, 0x00, 0x6c, 0x1d, 0x00, 0x00, 0x64, 0x1b, 0x00, 0x00,
  0x94, 0x18, 0x00, 0x00, 0x28, 0x16, 0x00, 0x00, 0xb4, 0x14, 0x00, 0x00,
  0x0c, 0x13, 0x00, 0x00, 0xbc, 0x10, 0x00, 0x00, 0xc8, 0x0e, 0x00, 0x00,
  0x4c, 0x0e, 0x00, 0x00, 0x08, 0x0d, 0x00, 0x00, 0x7c, 0x0c, 0x00, 0x00,
  0x10, 0x0b, 0x00, 0x00, 0x94, 0x0a, 0x00, 0x00, 0x20, 0x0a, 0x00, 0x00,
  0x9c, 0x09, 0x00, 0x00, 0x08, 0x09, 0x00, 0x00, 0x9c, 0x07, 0x00, 0x00,
  0x20, 0x07, 0x00, 0x00, 0xa4, 0x06, 0x00, 0x00, 0x20, 0x06, 0x00, 0x00,
  0x8c, 0x05, 0x00, 0x00, 0x20, 0x04, 0x00, 0x00, 0xa4, 0x03, 0x00, 0x00,
  0x28, 0x03, 0x00, 0x00, 0xb4, 0x02, 0x00, 0x00, 0x40, 0x02, 0x00, 0x00,
  0xc4, 0x01, 0x00, 0x00, 0x58, 0x01, 0x00, 0x00, 0xec, 0x00, 0x00, 0x00,
  0x70, 0x00, 0x00, 0x00, 0x04, 0x00, 0x00, 0x00, 0x02, 0xc9, 0xff, 0xff,
  0x00, 0x00, 0x00, 0x01, 0x14, 0x00, 0x00, 0x00, 0x30, 0x00, 0x00, 0x00,
  0x31, 0x00, 0x00, 0x00, 0x00, 0x00, 0x00, 0x09, 0x44, 0x00, 0x00, 0x00,
  0xec, 0xc8, 0xff, 0xff, 0x08, 0x00, 0x00, 0x00, 0x10, 0x00, 0x00, 0x00,
  0x01, 0x00, 0x00, 0x00, 0x80, 0xff, 0xff, 0xff, 0xff, 0xff, 0xff, 0xff,
  0x01, 0x00, 0x00, 0x00, 0x00, 0x00, 0x80, 0x3b, 0x19, 0x00, 0x00, 0x00,
  0x53, 0x74, 0x61, 0x74, 0x65, 0x66, 0x75, 0x6c, 0x50, 0x61, 0x72, 0x74,
  0x69, 0x74, 0x69, 0x6f, 0x6e, 0x65, 0x64, 0x43, 0x61, 0x6c, 0x6c, 0x3a,
  0x30, 0x00, 0x00, 0x00, 0x02, 0x00, 0x00, 0x00, 0x01, 0x00, 0x00, 0x00,
  0x05, 0x00, 0x00, 0x00, 0x6a, 0xc9, 0xff, 0xff, 0x00, 0x00, 0x00, 0x01,
  0x14, 0x00, 0x00, 0x00, 0x34, 0x00, 0x00, 0x00, 0x30, 0x00, 0x00, 0x00,
  0x00, 0x00, 0x00, 0x09, 0x54, 0x00, 0x00, 0x00, 0x54, 0xc9, 0xff, 0xff,
  0x08, 0x00, 0x00, 0x00, 0x14, 0x00, 0x00, 0x00, 0x01, 0x00, 0x00, 0x00,
  0xdc, 0xff, 0xff, 0xff, 0xff, 0xff, 0xff, 0xff, 0x00, 0x00, 0x00, 0x00,
  0x01, 0x00, 0x00, 0x00, 0x38, 0x60, 0xee, 0x3c, 0x26, 0x00, 0x00, 0x00,
  0x6d, 0x6f, 0x64, 0x65, 0x6c, 0x2f, 0x64, 0x65, 0x6e, 0x73, 0x65, 0x2f,
  0x4d, 0x61, 0x74, 0x4d, 0x75, 0x6c, 0x3b, 0x6d, 0x6f, 0x64, 0x65, 0x6c,
  0x2f, 0x64, 0x65, 0x6e, 0x73, 0x65, 0x2f, 0x42, 0x69, 0x61, 0x73, 0x41,
  0x64, 0x64, 0x00, 0x00, 0x02, 0x00, 0x00, 0x00, 0x01, 0x00, 0x00, 0x00,
  0x05, 0x00, 0x00, 0x00, 0xe2, 0xc9, 0xff, 0xff, 0x00, 0x00, 0x00, 0x01,
  0x14, 0x00, 0x00, 0x00, 0x30, 0x00, 0x00, 0x00, 0x2f, 0x00, 0x00, 0x00,
  0x00, 0x00, 0x00, 0x09, 0x44, 0x00, 0x00, 0x00, 0xcc, 0xc9, 0xff, 0xff,
  0x08, 0x00, 0x00, 0x00, 0x10, 0x00, 0x00, 0x00, 0x01, 0x00, 0x00, 0x00,
  0x80, 0xff, 0xff, 0xff, 0xff, 0xff, 0xff, 0xff, 0x01, 0x00, 0x00, 0x00,
  0x69, 0x74, 0x97, 0x3c, 0x18, 0x00, 0x00, 0x00, 0x6d, 0x6f, 0x64, 0x65,
  0x6c, 0x2f, 0x63, 0x6f, 0x6e, 0x63, 0x61, 0x74, 0x65, 0x6e, 0x61, 0x74,
  0x65, 0x2f, 0x63, 0x6f, 0x6e, 0x63, 0x61, 0x74, 0x00, 0x00, 0x00, 0x00,
  0x02, 0x00, 0x00, 0x00, 0x01, 0x00, 0x00, 0x00, 0x80, 0x00, 0x00, 0x00,
  0x4a, 0xca, 0xff, 0xff, 0x00, 0x00, 0x00, 0x01, 0x14, 0x00, 0x00, 0x00,
  0x34, 0x00, 0x00, 0x00, 0x2e, 0x00, 0x00, 0x00, 0x00, 0x00, 0x00, 0x09,
  0x44, 0x00, 0x00, 0x00, 0x34, 0xca, 0xff, 0xff, 0x08, 0x00, 0x00, 0x00,
  0x14, 0x00, 0x00, 0x00, 0x01, 0x00, 0x00, 0x00, 0x80, 0xff, 0xff, 0xff,
  0xff, 0xff, 0xff, 0xff, 0x00, 0x00, 0x00, 0x00, 0x01, 0x00, 0x00, 0x00,
  0x69, 0x74, 0x97, 0x3c, 0x15, 0x00, 0x00, 0x00, 0x6d, 0x6f, 0x64, 0x65,
  0x6c, 0x2f, 0x66, 0x6c, 0x61, 0x74, 0x74, 0x65, 0x6e, 0x2f, 0x52, 0x65,
  0x73, 0x68, 0x61, 0x70, 0x65, 0x00, 0x00, 0x00, 0x02, 0x00, 0x00, 0x00,
  0x01, 0x00, 0x00, 0x00, 0x40, 0x00, 0x00, 0x00, 0xb2, 0xca, 0xff, 0xff,
  0x00, 0x00, 0x00, 0x01, 0x14, 0x00, 0x00, 0x00, 0x34, 0x00, 0x00, 0x00,
  0x2d, 0x00, 0x00, 0x00, 0x00, 0x00, 0x00, 0x09, 0x4c, 0x00, 0x00, 0x00,
  0x9c, 0xca, 0xff, 0xff, 0x08, 0x00, 0x00, 0x00, 0x14, 0x00, 0x00, 0x00,
  0x01, 0x00, 0x00, 0x00, 0x80, 0xff, 0xff, 0xff, 0xff, 0xff, 0xff, 0xff,
  0x00, 0x00, 0x00, 0x00, 0x01, 0x00, 0x00, 0x00, 0x69, 0x74, 0x97, 0x3c,
  0x1d, 0x00, 0x00, 0x00, 0x6d, 0x6f, 0x64, 0x65, 0x6c, 0x2f, 0x6d, 0x61,
  0x78, 0x5f, 0x70, 0x6f, 0x6f, 0x6c, 0x69, 0x6e, 0x67, 0x31, 0x64, 0x5f,
  0x33, 0x2f, 0x4d, 0x61, 0x78, 0x50, 0x6f, 0x6f, 0x6c, 0x00, 0x00, 0x00,
  0x04, 0x00, 0x00, 0x00, 0x01, 0x00, 0x00, 0x00, 0x01, 0x00, 0x00, 0x00,
  0x01, 0x00, 0x00, 0x00, 0x40, 0x00, 0x00, 0x00, 0x2a, 0xcb, 0xff, 0xff,
  0x00, 0x00, 0x00, 0x01, 0x14, 0x00, 0x00, 0x00, 0x30, 0x00, 0x00, 0x00,
  0x2c, 0x00, 0x00, 0x00, 0x00, 0x00, 0x00, 0x09, 0x4c, 0x00, 0x00, 0x00,
  0x14, 0xcb, 0xff, 0xff, 0x08, 0x00, 0x00, 0x00, 0x10, 0x00, 0x00, 0x00,
  0x01, 0x00, 0x00, 0x00, 0x80, 0xff, 0xff, 0xff, 0xff, 0xff, 0xff, 0xff,
  0x01, 0x00, 0x00, 0x00, 0x69, 0x74, 0x97, 0x3c, 0x23, 0x00, 0x00, 0x00,
  0x6d, 0x6f, 0x64, 0x65, 0x6c, 0x2f, 0x67, 0x6c, 0x6f, 0x62, 0x61, 0x6c,
  0x5f, 0x61, 0x76, 0x65, 0x72, 0x61, 0x67, 0x65, 0x5f, 0x70, 0x6f, 0x6f,
  0x6c, 0x69, 0x6e, 0x67, 0x31, 0x64, 0x2f, 0x4d, 0x65, 0x61, 0x6e, 0x00,
  0x02, 0x00, 0x00, 0x00, 0x01, 0x00, 0x00, 0x00, 0x40, 0x00, 0x00, 0x00,
  0x9a, 0xcb, 0xff, 0xff, 0x00, 0x00, 0x00, 0x01, 0x14, 0x00, 0x00, 0x00,
  0x30, 0x00, 0x00, 0x00, 0x2b, 0x00, 0x00, 0x00, 0x00, 0x00, 0x00, 0x09,
  0x48, 0x00, 0x00, 0x00, 0x84, 0xcb, 0xff, 0xff, 0x08, 0x00, 0x00, 0x00,
  0x10, 0x00, 0x00, 0x00, 0x01, 0x00, 0x00, 0x00, 0x80, 0xff, 0xff, 0xff,
  0xff, 0xff, 0xff, 0xff, 0x01, 0x00, 0x00, 0x00, 0x69, 0x74, 0x97, 0x3c,
  0x1e, 0x00, 0x00, 0x00, 0x6d, 0x6f, 0x64, 0x65, 0x6c, 0x2f, 0x6d, 0x61,
  0x78, 0x5f, 0x70, 0x6f, 0x6f, 0x6c, 0x69, 0x6e, 0x67, 0x31, 0x64, 0x5f,
  0x32, 0x2f, 0x53, 0x71, 0x75, 0x65, 0x65, 0x7a, 0x65, 0x31, 0x00, 0x00,
  0x03, 0x00, 0x00, 0x00, 0x01, 0x00, 0x00, 0x00, 0x0c, 0x00, 0x00, 0x00,
  0x40, 0x00, 0x00, 0x00, 0x0a, 0xcc, 0xff, 0xff, 0x00, 0x00, 0x00, 0x01,
  0x14, 0x00, 0x00, 0x00, 0x34, 0x00, 0x00, 0x00, 0x2a, 0x00, 0x00, 0x00,
  0x00, 0x00, 0x00, 0x09, 0x4c, 0x00, 0x00, 0x00, 0xf4, 0xcb, 0xff, 0xff,
  0x08, 0x00, 0x00, 0x00, 0x14, 0x00, 0x00, 0x00, 0x01, 0x00, 0x00, 0x00,
  0x80, 0xff, 0xff, 0xff, 0xff, 0xff, 0xff, 0xff, 0x00, 0x00, 0x00, 0x00,
  0x01, 0x00, 0x00, 0x00, 0x69, 0x74, 0x97, 0x3c, 0x1d, 0x00, 0x00, 0x00,
  0x6d, 0x6f, 0x64, 0x65, 0x6c, 0x2f, 0x6d, 0x61, 0x78, 0x5f, 0x70, 0x6f,
  0x6f, 0x6c, 0x69, 0x6e, 0x67, 0x31, 0x64, 0x5f, 0x32, 0x2f, 0x4d, 0x61,
  0x78, 0x50, 0x6f, 0x6f, 0x6c, 0x00, 0x00, 0x00, 0x04, 0x00, 0x00, 0x00,
  0x01, 0x00, 0x00, 0x00, 0x0c, 0x00, 0x00, 0x00, 0x01, 0x00, 0x00, 0x00,
  0x40, 0x00, 0x00, 0x00, 0x82, 0xcc, 0xff, 0xff, 0x00, 0x00, 0x00, 0x01,
  0x14, 0x00, 0x00, 0x00, 0x30, 0x00, 0x00, 0x00, 0x29, 0x00, 0x00, 0x00,
  0x00, 0x00, 0x00, 0x09, 0x4c, 0x00, 0x00, 0x00, 0x6c, 0xcc, 0xff, 0xff,
  0x08, 0x00, 0x00, 0x00, 0x10, 0x00, 0x00, 0x00, 0x01, 0x00, 0x00, 0x00,
  0x80, 0xff, 0xff, 0xff, 0xff, 0xff, 0xff, 0xff, 0x01, 0x00, 0x00, 0x00,
  0x69, 0x74, 0x97, 0x3c, 0x21, 0x00, 0x00, 0x00, 0x6d, 0x6f, 0x64, 0x65,
  0x6c, 0x2f, 0x6d, 0x61, 0x78, 0x5f, 0x70, 0x6f, 0x6f, 0x6c, 0x69, 0x6e,
  0x67, 0x31, 0x64, 0x5f, 0x32, 0x2f, 0x45, 0x78, 0x70, 0x61, 0x6e, 0x64,
  0x44, 0x69, 0x6d, 0x73, 0x31, 0x00, 0x00, 0x00, 0x04, 0x00, 0x00, 0x00,
  0x01, 0x00, 0x00, 0x00, 0x19, 0x00, 0x00, 0x00, 0x01, 0x00, 0x00, 0x00,
  0x40, 0x00, 0x00, 0x00, 0xfa, 0xcc, 0xff, 0xff, 0x00, 0x00, 0x00, 0x01,
  0x14, 0x00, 0x00, 0x00, 0x30, 0x00, 0x00, 0x00, 0x28, 0x00, 0x00, 0x00,
  0x00, 0x00, 0x00, 0x09, 0x3c, 0x01, 0x00, 0x00, 0xe4, 0xcc, 0xff, 0xff,
  0x08, 0x00, 0x00, 0x00, 0x10, 0x00, 0x00, 0x00, 0x01, 0x00, 0x00, 0x00,
  0x80, 0xff, 0xff, 0xff, 0xff, 0xff, 0xff, 0xff, 0x01, 0x00, 0x00, 0x00,
  0x69, 0x74, 0x97, 0x3c, 0x10, 0x01, 0x00, 0x00, 0x6d, 0x6f, 0x64, 0x65,
  0x6c, 0x2f, 0x61, 0x63, 0x74, 0x69, 0x76, 0x61, 0x74, 0x69, 0x6f, 0x6e,
  0x5f, 0x33, 0x2f, 0x52, 0x65, 0x6c, 0x75, 0x36, 0x3b, 0x6d, 0x6f, 0x64,
  0x65, 0x6c, 0x2f, 0x62, 0x61, 0x74, 0x63, 0x68, 0x5f, 0x6e, 0x6f, 0x72,
  0x6d, 0x61, 0x6c, 0x69, 0x7a, 0x61, 0x74, 0x69, 0x6f, 0x6e, 0x5f, 0x33,
  0x2f, 0x62, 0x61, 0x74, 0x63, 0x68, 0x6e, 0x6f, 0x72, 0x6d, 0x2f, 0x61,
  0x64, 0x64, 0x5f, 0x31, 0x3b, 0x6d, 0x6f, 0x64, 0x65, 0x6c, 0x2f, 0x73,
  0x65, 0x70, 0x61, 0x72, 0x61, 0x62, 0x6c, 0x65, 0x5f, 0x63, 0x6f, 0x6e,
  0x76, 0x31, 0x64, 0x5f, 0x32, 0x2f, 0x53, 0x71, 0x75, 0x65, 0x65, 0x7a,
  0x65, 0x3b, 0x6d, 0x6f, 0x64, 0x65, 0x6c, 0x2f, 0x62, 0x61, 0x74, 0x63,
  0x68, 0x5f, 0x6e, 0x6f, 0x72, 0x6d, 0x61, 0x6c, 0x69, 0x7a, 0x61, 0x74,
  0x69, 0x6f, 0x6e, 0x5f, 0x33, 0x2f, 0x62, 0x61, 0x74, 0x63, 0x68, 0x6e,
  0x6f, 0x72, 0x6d, 0x2f, 0x6d, 0x75, 0x6c, 0x5f, 0x31, 0x3b, 0x6d, 0x6f,
  0x64, 0x65, 0x6c, 0x2f, 0x62, 0x61, 0x74, 0x63, 0x68, 0x5f, 0x6e, 0x6f,
  0x72, 0x6d, 0x61, 0x6c, 0x69, 0x7a, 0x61, 0x74, 0x69, 0x6f, 0x6e, 0x5f,
  0x33, 0x2f, 0x62, 0x61, 0x74, 0x63, 0x68, 0x6e, 0x6f, 0x72, 0x6d, 0x2f,
  0x6d, 0x75, 0x6c, 0x3b, 0x6d, 0x6f, 0x64, 0x65, 0x6c, 0x2f, 0x62, 0x61,
  0x74, 0x63, 0x68, 0x5f, 0x6e, 0x6f, 0x72, 0x6d, 0x61, 0x6c, 0x69, 0x7a,
  0x61, 0x74, 0x69, 0x6f, 0x6e, 0x5f, 0x33, 0x2f, 0x62, 0x61, 0x74, 0x63,
  0x68, 0x6e, 0x6f, 0x72, 0x6d, 0x2f, 0x73, 0x75, 0x62, 0x3b, 0x6d, 0x6f,
  0x64, 0x65, 0x6c, 0x2f, 0x73, 0x65, 0x70, 0x61, 0x72, 0x61, 0x62, 0x6c,
  0x65, 0x5f, 0x63, 0x6f, 0x6e, 0x76, 0x31, 0x64, 0x5f, 0x32, 0x2f, 0x73,
  0x65, 0x70, 0x61, 0x72, 0x61, 0x62, 0x6c, 0x65, 0x5f, 0x63, 0x6f, 0x6e,
  0x76, 0x32, 0x64, 0x31, 0x00, 0x00, 0x00, 0x00, 0x04, 0x00, 0x00, 0x00,
  0x01, 0x00, 0x00, 0x00, 0x01, 0x00, 0x00, 0x00, 0x19, 0x00, 0x00, 0x00,
  0x40, 0x00, 0x00, 0x00, 0x62, 0xce, 0xff, 0xff, 0x00, 0x00, 0x00, 0x01,
  0x14, 0x00, 0x00, 0x00, 0x34, 0x00, 0x00, 0x00, 0x27, 0x00, 0x00, 0x00,
  0x00, 0x00, 0x00, 0x09, 0x64, 0x00, 0x00, 0x00, 0x4c, 0xce, 0xff, 0xff,
  0x08, 0x00, 0x00, 0x00, 0x14, 0x00, 0x00, 0x00, 0x01, 0x00, 0x00, 0x00,
  0xf6, 0xff, 0xff, 0xff, 0xff, 0xff, 0xff, 0xff, 0x00, 0x00, 0x00, 0x00,
  0x01, 0x00, 0x00, 0x00, 0x04, 0x71, 0x28, 0x3c, 0x34, 0x00, 0x00, 0x00,
  0x6d, 0x6f, 0x64, 0x65, 0x6c, 0x2f, 0x73, 0x65, 0x70, 0x61, 0x72, 0x61,
  0x62, 0x6c, 0x65, 0x5f, 0x63, 0x6f, 0x6e, 0x76, 0x31, 0x64, 0x5f, 0x32,
  0x2f, 0x73, 0x65, 0x70, 0x61, 0x72, 0x61, 0x62, 0x6c, 0x65, 0x5f, 0x63,
  0x6f, 0x6e, 0x76, 0x32, 0x64, 0x2f, 0x64, 0x65, 0x70, 0x74, 0x68, 0x77,
  0x69, 0x73, 0x65, 0x31, 0x00, 0x00, 0x00, 0x00, 0x04, 0x00, 0x00, 0x00,
  0x01, 0x00, 0x00, 0x00, 0x01, 0x00, 0x00, 0x00, 0x19, 0x00, 0x00, 0x00,
  0x30, 0x00, 0x00, 0x00, 0xf2, 0xce, 0xff, 0xff, 0x00, 0x00, 0x00, 0x01,
  0x14, 0x00, 0x00, 0x00, 0x34, 0x00, 0x00, 0x00, 0x26, 0x00, 0x00, 0x00,
  0x00, 0x00, 0x00, 0x09, 0x54, 0x00, 0x00, 0x00, 0xdc, 0xce, 0xff, 0xff,
  0x08, 0x00, 0x00, 0x00, 0x14, 0x00, 0x00, 0x00, 0x01, 0x00, 0x00, 0x00,
  0x80, 0xff, 0xff, 0xff, 0xff, 0xff, 0xff, 0xff, 0x00, 0x00, 0x00, 0x00,
  0x01, 0x00, 0x00, 0x00, 0xc1, 0xc0, 0xc0, 0x3c, 0x24, 0x00, 0x00, 0x00,
  0x6d, 0x6f, 0x64, 0x65, 0x6c, 0x2f, 0x73, 0x65, 0x70, 0x61, 0x72, 0x61,
  0x62, 0x6c, 0x65, 0x5f, 0x63, 0x6f, 0x6e, 0x76, 0x31, 0x64, 0x5f, 0x32,
  0x2f, 0x45, 0x78, 0x70, 0x61, 0x6e, 0x64, 0x44, 0x69, 0x6d, 0x73, 0x31,
  0x00, 0x00, 0x00, 0x00, 0x04, 0x00, 0x00, 0x00, 0x01, 0x00, 0x00, 0x00,
  0x01, 0x00, 0x00, 0x00, 0x19, 0x00, 0x00, 0x00, 0x30, 0x00, 0x00, 0x00,
  0x72, 0xcf, 0xff, 0xff, 0x00, 0x00, 0x00, 0x01, 0x14, 0x00, 0x00, 0x00,
  0x34, 0x00, 0x00, 0x00, 0x25, 0x00, 0x00, 0x00, 0x00, 0x00, 0x00, 0x09,
  0x4c, 0x00, 0x00, 0x00, 0x5c, 0xcf, 0xff, 0xff, 0x08, 0x00, 0x00, 0x00,
  0x14, 0x00, 0x00, 0x00, 0x01, 0x00, 0x00, 0x00, 0x80, 0xff, 0xff, 0xff,
  0xff, 0xff, 0xff, 0xff, 0x00, 0x00, 0x00, 0x00, 0x01, 0x00, 0x00, 0x00,
  0xc1, 0xc0, 0xc0, 0x3c, 0x1d, 0x00, 0x00, 0x00, 0x6d, 0x6f, 0x64, 0x65,
  0x6c, 0x2f, 0x6d, 0x61, 0x78, 0x5f, 0x70, 0x6f, 0x6f, 0x6c, 0x69, 0x6e,
  0x67, 0x31, 0x64, 0x5f, 0x31, 0x2f, 0x4d, 0x61, 0x78, 0x50, 0x6f, 0x6f,
  0x6c, 0x00, 0x00, 0x00, 0x04, 0x00, 0x00, 0x00, 0x01, 0x00, 0x00, 0x00,
  0x19, 0x00, 0x00, 0x00, 0x01, 0x00, 0x00, 0x00, 0x30, 0x00, 0x00, 0x00,
  0xea, 0xcf, 0xff, 0xff, 0x00, 0x00, 0x00, 0x01, 0x14, 0x00, 0x00, 0x00,
  0x30, 0x00, 0x00, 0x00, 0x24, 0x00, 0x00, 0x00, 0x00, 0x00, 0x00, 0x09,
  0x4c, 0x00, 0x00, 0x00, 0xd4, 0xcf, 0xff, 0xff, 0x08, 0x00, 0x00, 0x00,
  0x10, 0x00, 0x00, 0x00, 0x01, 0x00, 0x00, 0x00, 0x80, 0xff, 0xff, 0xff,
  0xff, 0xff, 0xff, 0xff, 0x01, 0x00, 0x00, 0x00, 0xc1, 0xc0, 0xc0, 0x3c,
  0x21, 0x00, 0x00, 0x00, 0x6d, 0x6f, 0x64, 0x65, 0x6c, 0x2f, 0x6d, 0x61,
  0x78, 0x5f, 0x70, 0x6f, 0x6f, 0x6c, 0x69, 0x6e, 0x67, 0x31, 0x64, 0x5f,
  0x31, 0x2f, 0x45, 0x78, 0x70, 0x61, 0x6e, 0x64, 0x44, 0x69, 0x6d, 0x73,
  0x31, 0x00, 0x00, 0x00, 0x04, 0x00, 0x00, 0x00, 0x01, 0x00, 0x00, 0x00,
  0x32, 0x00, 0x00, 0x00, 0x01, 0x00, 0x00, 0x00, 0x30, 0x00, 0x00, 0x00,
  0x62, 0xd0, 0xff, 0xff, 0x00, 0x00, 0x00, 0x01, 0x14, 0x00, 0x00, 0x00,
  0x30, 0x00, 0x00, 0x00, 0x23, 0x00, 0x00, 0x00, 0x00, 0x00, 0x00, 0x09,
  0x3c, 0x01, 0x00, 0x00, 0x4c, 0xd0, 0xff, 0xff, 0x08, 0x00, 0x00, 0x00,
  0x10, 0x00, 0x00, 0x00, 0x01, 0x00, 0x00, 0x00, 0x80, 0xff, 0xff, 0xff,
  0xff, 0xff, 0xff, 0xff, 0x01, 0x00, 0x00, 0x00, 0xc1, 0xc0, 0xc0, 0x3c,
  0x10, 0x01, 0x00, 0x00, 0x6d, 0x6f, 0x64, 0x65, 0x6c, 0x2f, 0x61, 0x63,
  0x74, 0x69, 0x76, 0x61, 0x74, 0x69, 0x6f, 0x6e, 0x5f, 0x32, 0x2f, 0x52,
  0x65, 0x6c, 0x75, 0x36, 0x3b, 0x6d, 0x6f, 0x64, 0x65, 0x6c, 0x2f, 0x62,
  0x61, 0x74, 0x63, 0x68, 0x5f, 0x6e, 0x6f, 0x72, 0x6d, 0x61, 0x6c, 0x69,
  0x7a, 0x61, 0x74, 0x69, 0x6f, 0x6e, 0x5f, 0x32, 0x2f, 0x62, 0x61, 0x74,
  0x63, 0x68, 0x6e, 0x6f, 0x72, 0x6d, 0x2f, 0x61, 0x64, 0x64, 0x5f, 0x31,
  0x3b, 0x6d, 0x6f, 0x64, 0x65, 0x6c, 0x2f, 0x73, 0x65, 0x70, 0x61, 0x72,
  0x61, 0x62, 0x6c, 0x65, 0x5f, 0x63, 0x6f, 0x6e, 0x76, 0x31, 0x64, 0x5f,
  0x31, 0x2f, 0x53, 0x71, 0x75, 0x65, 0x65, 0x7a, 0x65, 0x3b, 0x6d, 0x6f,
  0x64, 0x65, 0x6c, 0x2f, 0x62, 0x61, 0x74, 0x63, 0x68, 0x5f, 0x6e, 0x6f,
  0x72, 0x6d, 0x61, 0x6c, 0x69, 0x7a, 0x61, 0x74, 0x69, 0x6f, 0x6e, 0x5f,
  0x32, 0x2f, 0x62, 0x61, 0x74, 0x63, 0x68, 0x6e, 0x6f, 0x72, 0x6d, 0x2f,
  0x6d, 0x75, 0x6c, 0x5f, 0x31, 0x3b, 0x6d, 0x6f, 0x64, 0x65, 0x6c, 0x2f,
  0x62, 0x61, 0x74, 0x63, 0x68, 0x5f, 0x6e, 0x6f, 0x72, 0x6d, 0x61, 0x6c,
  0x69, 0x7a, 0x61, 0x74, 0x69, 0x6f, 0x6e, 0x5f, 0x32, 0x2f, 0x62, 0x61,
  0x74, 0x63, 0x68, 0x6e, 0x6f, 0x72, 0x6d, 0x2f, 0x6d, 0x75, 0x6c, 0x3b,
  0x6d, 0x6f, 0x64, 0x65, 0x6c, 0x2f, 0x62, 0x61, 0x74, 0x63, 0x68, 0x5f,
  0x6e, 0x6f, 0x72, 0x6d, 0x61, 0x6c, 0x69, 0x7a, 0x61, 0x74, 0x69, 0x6f,
  0x6e, 0x5f, 0x32, 0x2f, 0x62, 0x61, 0x74, 0x63, 0x68, 0x6e, 0x6f, 0x72,
  0x6d, 0x2f, 0x73, 0x75, 0x62, 0x3b, 0x6d, 0x6f, 0x64, 0x65, 0x6c, 0x2f,
  0x73, 0x65, 0x70, 0x61, 0x72, 0x61, 0x62, 0x6c, 0x65, 0x5f, 0x63, 0x6f,
  0x6e, 0x76, 0x31, 0x64, 0x5f, 0x31, 0x2f, 0x73, 0x65, 0x70, 0x61, 0x72,
  0x61, 0x62, 0x6c, 0x65, 0x5f, 0x63, 0x6f, 0x6e, 0x76, 0x32, 0x64, 0x31,
  0x00, 0x00, 0x00, 0x00, 0x04, 0x00, 0x00, 0x00, 0x01, 0x00, 0x00, 0x00,
  0x01, 0x00, 0x00, 0x00, 0x32, 0x00, 0x00, 0x00, 0x30, 0x00, 0x00, 0x00,
  0xca, 0xd1, 0xff, 0xff, 0x00, 0x00, 0x00, 0x01, 0x14, 0x00, 0x00, 0x00,
  0x34, 0x00, 0x00, 0x00, 0x22, 0x00, 0x00, 0x00, 0x00, 0x00, 0x00, 0x09,
  0x64, 0x00, 0x00, 0x00, 0xb4, 0xd1, 0xff, 0xff, 0x08, 0x00, 0x00, 0x00,
  0x14, 0x00, 0x00, 0x00, 0x01, 0x00, 0x00, 0x00, 0x04, 0x00, 0x00, 0x00,
  0x00, 0x00, 0x00, 0x00, 0x00, 0x00, 0x00, 0x00, 0x01, 0x00, 0x00, 0x00,
  0x2d, 0x45, 0xa9, 0x3c, 0x34, 0x00, 0x00, 0x00, 0x6d, 0x6f, 0x64, 0x65,
  0x6c, 0x2f, 0x73, 0x65, 0x70, 0x61, 0x72, 0x61, 0x62, 0x6c, 0x65, 0x5f,
  0x63, 0x6f, 0x6e, 0x76, 0x31, 0x64, 0x5f, 0x31, 0x2f, 0x73, 0x65, 0x70,
  0x61, 0x72, 0x61, 0x62, 0x6c, 0x65, 0x5f, 0x63, 0x6f, 0x6e, 0x76, 0x32,
  0x64, 0x2f, 0x64, 0x65, 0x70, 0x74, 0x68, 0x77, 0x69, 0x73, 0x65, 0x31,
  0x00, 0x00, 0x00, 0x00, 0x04, 0x00, 0x00, 0x00, 0x01, 0x00, 0x00, 0x00,
  0x01, 0x00, 0x00, 0x00, 0x32, 0x00, 0x00, 0x00, 0x20, 0x00, 0x00, 0x00,
  0x5a, 0xd2, 0xff, 0xff, 0x00, 0x00, 0x00, 0x01, 0x14, 0x00, 0x00, 0x00,
  0x34, 0x00, 0x00, 0x00, 0x21, 0x00, 0x00, 0x00, 0x00, 0x00, 0x00, 0x09,
  0x54, 0x00, 0x00, 0x00, 0x44, 0xd2, 0xff, 0xff, 0x08, 0x00, 0x00, 0x00,
  0x14, 0x00, 0x00, 0x00, 0x01, 0x00, 0x00, 0x00, 0x80, 0xff, 0xff, 0xff,
  0xff, 0xff, 0xff, 0xff, 0x00, 0x00, 0x00, 0x00, 0x01, 0x00, 0x00, 0x00,
  0xc1, 0xc0, 0xc0, 0x3c, 0x24, 0x00, 0x00, 0x00, 0x6d, 0x6f, 0x64, 0x65,
  0x6c, 0x2f, 0x73, 0x65, 0x70, 0x61, 0x72, 0x61, 0x62, 0x6c, 0x65, 0x5f,
  0x63, 0x6f, 0x6e, 0x76, 0x31, 0x64, 0x5f, 0x31, 0x2f, 0x45, 0x78, 0x70,
  0x61, 0x6e, 0x64, 0x44, 0x69, 0x6d, 0x73, 0x31, 0x00, 0x00, 0x00, 0x00,
  0x04, 0x00, 0x00, 0x00, 0x01, 0x00, 0x00, 0x00, 0x01, 0x00, 0x00, 0x00,
  0x32, 0x00, 0x00, 0x00, 0x20, 0x00, 0x00, 0x00, 0xda, 0xd2, 0xff, 0xff,
  0x00, 0x00, 0x00, 0x01, 0x14, 0x00, 0x00, 0x00, 0x30, 0x00, 0x00, 0x00,
  0x20, 0x00, 0x00, 0x00, 0x00, 0x00, 0x00, 0x09, 0x44, 0x00, 0x00, 0x00,
  0xc4, 0xd2, 0xff, 0xff, 0x08, 0x00, 0x00, 0x00, 0x10, 0x00, 0x00, 0x00,
  0x01, 0x00, 0x00, 0x00, 0x80, 0xff, 0xff, 0xff, 0xff, 0xff, 0xff, 0xff,
  0x01, 0x00, 0x00, 0x00, 0xc1, 0xc0, 0xc0, 0x3c, 0x1b, 0x00, 0x00, 0x00,
  0x6d, 0x6f, 0x64, 0x65, 0x6c, 0x2f, 0x6d, 0x61, 0x78, 0x5f, 0x70, 0x6f,
  0x6f, 0x6c, 0x69, 0x6e, 0x67, 0x31, 0x64, 0x2f, 0x4d, 0x61, 0x78, 0x50,
  0x6f, 0x6f, 0x6c, 0x00, 0x04, 0x00, 0x00, 0x00, 0x01, 0x00, 0x00, 0x00,
  0x32, 0x00, 0x00, 0x00, 0x01, 0x00, 0x00, 0x00, 0x20, 0x00, 0x00, 0x00,
  0x4a, 0xd3, 0xff, 0xff, 0x00, 0x00, 0x00, 0x01, 0x14, 0x00, 0x00, 0x00,
  0x34, 0x00, 0x00, 0x00, 0x1f, 0x00, 0x00, 0x00, 0x00, 0x00, 0x00, 0x09,
  0x4c, 0x00, 0x00, 0x00, 0x34, 0xd3, 0xff, 0xff, 0x08, 0x00, 0x00, 0x00,
  0x14, 0x00, 0x00, 0x00, 0x01, 0x00, 0x00, 0x00, 0x80, 0xff, 0xff, 0xff,
  0xff, 0xff, 0xff, 0xff, 0x00, 0x00, 0x00, 0x00, 0x01, 0x00, 0x00, 0x00,
  0xc1, 0xc0, 0xc0, 0x3c, 0x1f, 0x00, 0x00, 0x00, 0x6d, 0x6f, 0x64, 0x65,
  0x6c, 0x2f, 0x6d, 0x61, 0x78, 0x5f, 0x70, 0x6f, 0x6f, 0x6c, 0x69, 0x6e,
  0x67, 0x31, 0x64, 0x2f, 0x45, 0x78, 0x70, 0x61, 0x6e, 0x64, 0x44, 0x69,
  0x6d, 0x73, 0x31, 0x00, 0x04, 0x00, 0x00, 0x00, 0x01, 0x00, 0x00, 0x00,
  0x64, 0x00, 0x00, 0x00, 0x01, 0x00, 0x00, 0x00, 0x20, 0x00, 0x00, 0x00,
  0xc2, 0xd3, 0xff, 0xff, 0x00, 0x00, 0x00, 0x01, 0x14, 0x00, 0x00, 0x00,
  0x34, 0x00, 0x00, 0x00, 0x1e, 0x00, 0x00, 0x00, 0x00, 0x00, 0x00, 0x09,
  0x3c, 0x01, 0x00, 0x00, 0xac, 0xd3, 0xff, 0xff, 0x08, 0x00, 0x00, 0x00,
  0x14, 0x00, 0x00, 0x00, 0x01, 0x00, 0x00, 0x00, 0x80, 0xff, 0xff, 0xff,
  0xff, 0xff, 0xff, 0xff, 0x00, 0x00, 0x00, 0x00, 0x01, 0x00, 0x00, 0x00,
  0xc1, 0xc0, 0xc0, 0x3c, 0x0c, 0x01, 0x00, 0x00, 0x6d, 0x6f, 0x64, 0x65,
  0x6c, 0x2f, 0x61, 0x63, 0x74, 0x69, 0x76, 0x61, 0x74, 0x69, 0x6f, 0x6e,
  0x5f, 0x31, 0x2f, 0x52, 0x65, 0x6c, 0x75, 0x36, 0x3b, 0x6d, 0x6f, 0x64,
  0x65, 0x6c, 0x2f, 0x62, 0x61, 0x74, 0x63, 0x68, 0x5f, 0x6e, 0x6f, 0x72,
  0x6d, 0x61, 0x6c, 0x69, 0x7a, 0x61, 0x74, 0x69, 0x6f, 0x6e, 0x5f, 0x31,
  0x2f, 0x62, 0x61, 0x74, 0x63, 0x68, 0x6e, 0x6f, 0x72, 0x6d, 0x2f, 0x61,
  0x64, 0x64, 0x5f, 0x31, 0x3b, 0x6d, 0x6f, 0x64, 0x65, 0x6c, 0x2f, 0x73,
  0x65, 0x70, 0x61, 0x72, 0x61, 0x62, 0x6c, 0x65, 0x5f, 0x63, 0x6f, 0x6e,
  0x76, 0x31, 0x64, 0x2f, 0x53, 0x71, 0x75, 0x65, 0x65, 0x7a, 0x65, 0x3b,
  0x6d, 0x6f, 0x64, 0x65, 0x6c, 0x2f, 0x62, 0x61, 0x74, 0x63, 0x68, 0x5f,
  0x6e, 0x6f, 0x72, 0x6d, 0x61, 0x6c, 0x69, 0x7a, 0x61, 0x74, 0x69, 0x6f,
  0x6e, 0x5f, 0x31, 0x2f, 0x62, 0x61, 0x74, 0x63, 0x68, 0x6e, 0x6f, 0x72,
  0x6d, 0x2f, 0x6d, 0x75, 0x6c, 0x5f, 0x31, 0x3b, 0x6d, 0x6f, 0x64, 0x65,
  0x6c, 0x2f, 0x62, 0x61, 0x74, 0x63, 0x68, 0x5f, 0x6e, 0x6f, 0x72, 0x6d,
  0x61, 0x6c, 0x69, 0x7a, 0x61, 0x74, 0x69, 0x6f, 0x6e, 0x5f, 0x31, 0x2f,
  0x62, 0x61, 0x74, 0x63, 0x68, 0x6e, 0x6f, 0x72, 0x6d, 0x2f, 0x6d, 0x75,
  0x6c, 0x3b, 0x6d, 0x6f, 0x64, 0x65, 0x6c, 0x2f, 0x62, 0x61, 0x74, 0x63,
  0x68, 0x5f, 0x6e, 0x6f, 0x72, 0x6d, 0x61, 0x6c, 0x69, 0x7a, 0x61, 0x74,
  0x69, 0x6f, 0x6e, 0x5f, 0x31, 0x2f, 0x62, 0x61, 0x74, 0x63, 0x68, 0x6e,
  0x6f, 0x72, 0x6d, 0x2f, 0x73, 0x75, 0x62, 0x3b, 0x6d, 0x6f, 0x64, 0x65,
  0x6c, 0x2f, 0x73, 0x65, 0x70, 0x61, 0x72, 0x61, 0x62, 0x6c, 0x65, 0x5f,
  0x63, 0x6f, 0x6e, 0x76, 0x31, 0x64, 0x2f, 0x73, 0x65, 0x70, 0x61, 0x72,
  0x61, 0x62, 0x6c, 0x65, 0x5f, 0x63, 0x6f, 0x6e, 0x76, 0x32, 0x64, 0x31,
  0x00, 0x00, 0x00, 0x00, 0x04, 0x00, 0x00, 0x00, 0x01, 0x00, 0x00, 0x00,
  0x01, 0x00, 0x00, 0x00, 0x64, 0x00, 0x00, 0x00, 0x20, 0x00, 0x00, 0x00,
  0x2a, 0xd5, 0xff, 0xff, 0x00, 0x00, 0x00, 0x01, 0x14, 0x00, 0x00, 0x00,
  0x30, 0x00, 0x00, 0x00, 0x1d, 0x00, 0x00, 0x00, 0x00, 0x00, 0x00, 0x09,
  0x5c, 0x00, 0x00, 0x00, 0x14, 0xd5, 0xff, 0xff, 0x08, 0x00, 0x00, 0x00,
  0x10, 0x00, 0x00, 0x00, 0x01, 0x00, 0x00, 0x00, 0xf6, 0xff, 0xff, 0xff,
  0xff, 0xff, 0xff, 0xff, 0x01, 0x00, 0x00, 0x00, 0xc7, 0x2c, 0xcd, 0x3c,
  0x32, 0x00, 0x00, 0x00, 0x6d, 0x6f, 0x64, 0x65, 0x6c, 0x2f, 0x73, 0x65,
  0x70, 0x61, 0x72, 0x61, 0x62, 0x6c, 0x65, 0x5f, 0x63, 0x6f, 0x6e, 0x76,
  0x31, 0x64, 0x2f, 0x73, 0x65, 0x70, 0x61, 0x72, 0x61, 0x62, 0x6c, 0x65,
  0x5f, 0x63, 0x6f, 0x6e, 0x76, 0x32, 0x64, 0x2f, 0x64, 0x65, 0x70, 0x74,
  0x68, 0x77, 0x69, 0x73, 0x65, 0x31, 0x00, 0x00, 0x04, 0x00, 0x00, 0x00,
  0x01, 0x00, 0x00, 0x00, 0x01, 0x00, 0x00, 0x00, 0x64, 0x00, 0x00, 0x00,
  0x18, 0x00, 0x00, 0x00, 0xb2, 0xd5, 0xff, 0xff, 0x00, 0x00, 0x00, 0x01,
  0x14, 0x00, 0x00, 0x00, 0x30, 0x00, 0x00, 0x00, 0x1c, 0x00, 0x00, 0x00,
  0x00, 0x00, 0x00, 0x09, 0x14, 0x01, 0x00, 0x00, 0x9c, 0xd5, 0xff, 0xff,
  0x08, 0x00, 0x00, 0x00, 0x10, 0x00, 0x00, 0x00, 0x01, 0x00, 0x00, 0x00,
  0x80, 0xff, 0xff, 0xff, 0xff, 0xff, 0xff, 0xff, 0x01, 0x00, 0x00, 0x00,
  0xc1, 0xc0, 0xc0, 0x3c, 0xeb, 0x00, 0x00, 0x00, 0x6d, 0x6f, 0x64, 0x65,
  0x6c, 0x2f, 0x61, 0x63, 0x74, 0x69, 0x76, 0x61, 0x74, 0x69, 0x6f, 0x6e,
  0x2f, 0x52, 0x65, 0x6c, 0x75, 0x36, 0x3b, 0x6d, 0x6f, 0x64, 0x65, 0x6c,
  0x2f, 0x62, 0x61, 0x74, 0x63, 0x68, 0x5f, 0x6e, 0x6f, 0x72, 0x6d, 0x61,
  0x6c, 0x69, 0x7a, 0x61, 0x74, 0x69, 0x6f, 0x6e, 0x2f, 0x62, 0x61, 0x74,
  0x63, 0x68, 0x6e, 0x6f, 0x72, 0x6d, 0x2f, 0x61, 0x64, 0x64, 0x5f, 0x31,
  0x3b, 0x6d, 0x6f, 0x64, 0x65, 0x6c, 0x2f, 0x63, 0x6f, 0x6e, 0x76, 0x31,
  0x64, 0x2f, 0x43, 0x6f, 0x6e, 0x76, 0x31, 0x44, 0x2f, 0x53, 0x71, 0x75,
  0x65, 0x65, 0x7a, 0x65, 0x3b, 0x6d, 0x6f, 0x64, 0x65, 0x6c, 0x2f, 0x62,
  0x61, 0x74, 0x63, 0x68, 0x5f, 0x6e, 0x6f, 0x72, 0x6d, 0x61, 0x6c, 0x69,
  0x7a, 0x61, 0x74, 0x69, 0x6f, 0x6e, 0x2f, 0x62, 0x61, 0x74, 0x63, 0x68,
  0x6e, 0x6f, 0x72, 0x6d, 0x2f, 0x6d, 0x75, 0x6c, 0x5f, 0x31, 0x3b, 0x6d,
  0x6f, 0x64, 0x65, 0x6c, 0x2f, 0x62, 0x61, 0x74, 0x63, 0x68, 0x5f, 0x6e,
  0x6f, 0x72, 0x6d, 0x61, 0x6c, 0x69, 0x7a, 0x61, 0x74, 0x69, 0x6f, 0x6e,
  0x2f, 0x62, 0x61, 0x74, 0x63, 0x68, 0x6e, 0x6f, 0x72, 0x6d, 0x2f, 0x6d,
  0x75, 0x6c, 0x3b, 0x6d, 0x6f, 0x64, 0x65, 0x6c, 0x2f, 0x62, 0x61, 0x74,
  0x63, 0x68, 0x5f, 0x6e, 0x6f, 0x72, 0x6d, 0x61, 0x6c, 0x69, 0x7a, 0x61,
  0x74, 0x69, 0x6f, 0x6e, 0x2f, 0x62, 0x61, 0x74, 0x63, 0x68, 0x6e, 0x6f,
  0x72, 0x6d, 0x2f, 0x73, 0x75, 0x62, 0x3b, 0x6d, 0x6f, 0x64, 0x65, 0x6c,
  0x2f, 0x63, 0x6f, 0x6e, 0x76, 0x31, 0x64, 0x2f, 0x43, 0x6f, 0x6e, 0x76,
  0x31, 0x44, 0x31, 0x00, 0x04, 0x00, 0x00, 0x00, 0x01, 0x00, 0x00, 0x00,
  0x01, 0x00, 0x00, 0x00, 0x64, 0x00, 0x00, 0x00, 0x18, 0x00, 0x00, 0x00,
  0xf2, 0xd6, 0xff, 0xff, 0x00, 0x00, 0x00, 0x01, 0x14, 0x00, 0x00, 0x00,
  0x34, 0x00, 0x00, 0x00, 0x1b, 0x00, 0x00, 0x00, 0x00, 0x00, 0x00, 0x09,
  0x4c, 0x00, 0x00, 0x00, 0xdc, 0xd6, 0xff, 0xff, 0x08, 0x00, 0x00, 0x00,
  0x14, 0x00, 0x00, 0x00, 0x01, 0x00, 0x00, 0x00, 0xff, 0xff, 0xff, 0xff,
  0xff, 0xff, 0xff, 0xff, 0x00, 0x00, 0x00, 0x00, 0x01, 0x00, 0x00, 0x00,
  0x81, 0x80, 0x00, 0x3c, 0x1f, 0x00, 0x00, 0x00, 0x6d, 0x6f, 0x64, 0x65,
  0x6c, 0x2f, 0x63, 0x6f, 0x6e, 0x76, 0x31, 0x64, 0x2f, 0x43, 0x6f, 0x6e,
  0x76, 0x31, 0x44, 0x2f, 0x45, 0x78, 0x70, 0x61, 0x6e, 0x64, 0x44, 0x69,
  0x6d, 0x73, 0x31, 0x00, 0x04, 0x00, 0x00, 0x00, 0x01, 0x00, 0x00, 0x00,
  0x01, 0x00, 0x00, 0x00, 0xc8, 0x00, 0x00, 0x00, 0x04, 0x00, 0x00, 0x00,
  0x6a, 0xd7, 0xff, 0xff, 0x00, 0x00, 0x00, 0x01, 0x14, 0x00, 0x00, 0x00,
  0x48, 0x01, 0x00, 0x00, 0x1a, 0x00, 0x00, 0x00, 0x00, 0x00, 0x00, 0x09,
  0xc4, 0x01, 0x00, 0x00, 0x54, 0xd7, 0xff, 0xff, 0x08, 0x00, 0x00, 0x00,
  0xcc, 0x00, 0x00, 0x00, 0x18, 0x00, 0x00, 0x00, 0x00, 0x00, 0x00, 0x00,
  0x00, 0x00, 0x00, 0x00, 0x00, 0x00, 0x00, 0x00, 0x00, 0x00, 0x00, 0x00,
  0x00, 0x00, 0x00, 0x00, 0x00, 0x00, 0x00, 0x00, 0x00, 0x00, 0x00, 0x00,
  0x00, 0x00, 0x00, 0x00, 0x00, 0x00, 0x00, 0x00, 0x00, 0x00, 0x00, 0x00,
  0x00, 0x00, 0x00, 0x00, 0x00, 0x00, 0x00, 0x00, 0x00, 0x00, 0x00, 0x00,
  0x00, 0x00, 0x00, 0x00, 0x00, 0x00, 0x00, 0x00, 0x00, 0x00, 0x00, 0x00,
  0x00, 0x00, 0x00, 0x00, 0x00, 0x00, 0x00, 0x00, 0x00, 0x00, 0x00, 0x00,
  0x00, 0x00, 0x00, 0x00, 0x00, 0x00, 0x00, 0x00, 0x00, 0x00, 0x00, 0x00,
  0x00, 0x00, 0x00, 0x00, 0x00, 0x00, 0x00, 0x00, 0x00, 0x00, 0x00, 0x00,
  0x00, 0x00, 0x00, 0x00, 0x00, 0x00, 0x00, 0x00, 0x00, 0x00, 0x00, 0x00,
  0x00, 0x00, 0x00, 0x00, 0x00, 0x00, 0x00, 0x00, 0x00, 0x00, 0x00, 0x00,
  0x00, 0x00, 0x00, 0x00, 0x00, 0x00, 0x00, 0x00, 0x00, 0x00, 0x00, 0x00,
  0x00, 0x00, 0x00, 0x00, 0x00, 0x00, 0x00, 0x00, 0x00, 0x00, 0x00, 0x00,
  0x00, 0x00, 0x00, 0x00, 0x00, 0x00, 0x00, 0x00, 0x00, 0x00, 0x00, 0x00,
  0x00, 0x00, 0x00, 0x00, 0x00, 0x00, 0x00, 0x00, 0x00, 0x00, 0x00, 0x00,
  0x00, 0x00, 0x00, 0x00, 0x00, 0x00, 0x00, 0x00, 0x00, 0x00, 0x00, 0x00,
  0x00, 0x00, 0x00, 0x00, 0x00, 0x00, 0x00, 0x00, 0x00, 0x00, 0x00, 0x00,
  0x18, 0x00, 0x00, 0x00, 0xef, 0x92, 0x0c, 0x3d, 0xeb, 0x30, 0x93, 0x3d,
  0x18, 0xd7, 0x02, 0x3d, 0x62, 0xeb, 0x2e, 0x3d, 0x90, 0x3b, 0xfa, 0x3c,
  0xe2, 0x28, 0x0c, 0x3d, 0x24, 0x0a, 0x3f, 0x3d, 0xe6, 0xd3, 0x65, 0x3d,
  0x28, 0x36, 0x6e, 0x3d, 0xae, 0x8c, 0x05, 0x3d, 0x85, 0x09, 0x29, 0x3d,
  0x11, 0xf7, 0xdc, 0x3c, 0x8c, 0x86, 0xf9, 0x3c, 0xb8, 0x9a, 0x08, 0x3d,
  0xad, 0xc5, 0x82, 0x3d, 0x00, 0x5f, 0x42, 0x3d, 0x03, 0xbf, 0x1f, 0x3d,
  0x14, 0xe3, 0x2a, 0x3d, 0x04, 0xba, 0x60, 0x3d, 0xf5, 0x4a, 0xa9, 0x3d,
  0xd1, 0x78, 0x5d, 0x3d, 0x49, 0xf4, 0x44, 0x3d, 0x24, 0x26, 0x0e, 0x3d,
  0xef, 0x4c, 0x04, 0x3d, 0x81, 0x00, 0x00, 0x00, 0x6d, 0x6f, 0x64, 0x65,
  0x6c, 0x2f, 0x62, 0x61, 0x74, 0x63, 0x68, 0x5f, 0x6e, 0x6f, 0x72, 0x6d,
  0x61, 0x6c, 0x69, 0x7a, 0x61, 0x74, 0x69, 0x6f, 0x6e, 0x2f, 0x62, 0x61,
  0x74, 0x63, 0x68, 0x6e, 0x6f, 0x72, 0x6d, 0x2f, 0x6d, 0x75, 0x6c, 0x5f,
  0x31, 0x3b, 0x6d, 0x6f, 0x64, 0x65, 0x6c, 0x2f, 0x63, 0x6f, 0x6e, 0x76,
  0x31, 0x64, 0x2f, 0x43, 0x6f, 0x6e, 0x76, 0x31, 0x44, 0x2f, 0x53, 0x71,
  0x75, 0x65, 0x65, 0x7a, 0x65, 0x3b, 0x6d, 0x6f, 0x64, 0x65, 0x6c, 0x2f,
  0x62, 0x61, 0x74, 0x63, 0x68, 0x5f, 0x6e, 0x6f, 0x72, 0x6d, 0x61, 0x6c,
  0x69, 0x7a, 0x61, 0x74, 0x69, 0x6f, 0x6e, 0x2f, 0x62, 0x61, 0x74, 0x63,
  0x68, 0x6e, 0x6f, 0x72, 0x6d, 0x2f, 0x6d, 0x75, 0x6c, 0x3b, 0x6d, 0x6f,
  0x64, 0x65, 0x6c, 0x2f, 0x63, 0x6f, 0x6e, 0x76, 0x31, 0x64, 0x2f, 0x43,
  0x6f, 0x6e, 0x76, 0x31, 0x44, 0x00, 0x00, 0x00, 0x04, 0x00, 0x00, 0x00,
  0x18, 0x00, 0x00, 0x00, 0x01, 0x00, 0x00, 0x00, 0x03, 0x00, 0x00, 0x00,
  0x04, 0x00, 0x00, 0x00, 0x5a, 0xd9, 0xff, 0xff, 0x00, 0x00, 0x00, 0x01,
  0x14, 0x00, 0x00, 0x00, 0x48, 0x01, 0x00, 0x00, 0x19, 0x00, 0x00, 0x00,
  0x00, 0x00, 0x00, 0x02, 0x2c, 0x02, 0x00, 0x00, 0x44, 0xd9, 0xff, 0xff,
  0x08, 0x00, 0x00, 0x00, 0xcc, 0x00, 0x00, 0x00, 0x18, 0x00, 0x00, 0x00,
  0x00, 0x00, 0x00, 0x00, 0x00, 0x00, 0x00, 0x00, 0x00, 0x00, 0x00, 0x00,
  0x00, 0x00, 0x00, 0x00, 0x00, 0x00, 0x00, 0x00, 0x00, 0x00, 0x00, 0x00,
  0x00, 0x00, 0x00, 0x00, 0x00, 0x00, 0x00, 0x00, 0x00, 0x00, 0x00, 0x00,
  0x00, 0x00, 0x00, 0x00, 0x00, 0x00, 0x00, 0x00, 0x00, 0x00, 0x00, 0x00,
  0x00, 0x00, 0x00, 0x00, 0x00, 0x00, 0x00, 0x00, 0x00, 0x00, 0x00, 0x00,
  0x00, 0x00, 0x00, 0x00, 0x00, 0x00, 0x00, 0x00, 0x00, 0x00, 0x00, 0x00,
  0x00, 0x00, 0x00, 0x00, 0x00, 0x00, 0x00, 0x00, 0x00, 0x00, 0x00, 0x00,
  0x00, 0x00, 0x00, 0x00, 0x00, 0x00, 0x00, 0x00, 0x00, 0x00, 0x00, 0x00,
  0x00, 0x00, 0x00, 0x00, 0x00, 0x00, 0x00, 0x00, 0x00, 0x00, 0x00, 0x00,
  0x00, 0x00, 0x00, 0x00, 0x00, 0x00, 0x00, 0x00, 0x00, 0x00, 0x00, 0x00,
  0x00, 0x00, 0x00, 0x00, 0x00, 0x00, 0x00, 0x00, 0x00, 0x00, 0x00, 0x00,
  0x00, 0x00, 0x00, 0x00, 0x00, 0x00, 0x00, 0x00, 0x00, 0x00, 0x00, 0x00,
  0x00, 0x00, 0x00, 0x00, 0x00, 0x00, 0x00, 0x00, 0x00, 0x00, 0x00, 0x00,
  0x00, 0x00, 0x00, 0x00, 0x00, 0x00, 0x00, 0x00, 0x00, 0x00, 0x00, 0x00,
  0x00, 0x00, 0x00, 0x00, 0x00, 0x00, 0x00, 0x00, 0x00, 0x00, 0x00, 0x00,
  0x00, 0x00, 0x00, 0x00, 0x00, 0x00, 0x00, 0x00, 0x00, 0x00, 0x00, 0x00,
  0x00, 0x00, 0x00, 0x00, 0x18, 0x00, 0x00, 0x00, 0x10, 0x20, 0x8d, 0x39,
  0xb0, 0xc4, 0x13, 0x3a, 0x73, 0x5a, 0x83, 0x39, 0xfe, 0x9a, 0xaf, 0x39,
  0xc8, 0x36, 0x7b, 0x39, 0x98, 0xb5, 0x8c, 0x39, 0xef, 0xc9, 0xbf, 0x39,
  0xa2, 0xba, 0xe6, 0x39, 0x4e, 0x25, 0xef, 0x39, 0xc1, 0x12, 0x86, 0x39,
  0x39, 0xb3, 0xa9, 0x39, 0xe7, 0xd4, 0x5d, 0x39, 0x0e, 0x81, 0x7a, 0x39,
  0xdc, 0x23, 0x89, 0x39, 0xf6, 0x48, 0x03, 0x3a, 0x23, 0x22, 0xc3, 0x39,
  0x63, 0x5f, 0xa0, 0x39, 0xa3, 0x8e, 0xab, 0x39, 0xa0, 0x9b, 0xe1, 0x39,
  0xeb, 0xf4, 0x29, 0x3a, 0x29, 0x57, 0xde, 0x39, 0x04, 0xba, 0xc5, 0x39,
  0xd9, 0xb4, 0x8e, 0x39, 0xc1, 0xd1, 0x84, 0x39, 0xea, 0x00, 0x00, 0x00,
  0x6d, 0x6f, 0x64, 0x65, 0x6c, 0x2f, 0x61, 0x63, 0x74, 0x69, 0x76, 0x61,
  0x74, 0x69, 0x6f, 0x6e, 0x2f, 0x52, 0x65, 0x6c, 0x75, 0x36, 0x3b, 0x6d,
  0x6f, 0x64, 0x65, 0x6c, 0x2f, 0x62, 0x61, 0x74, 0x63, 0x68, 0x5f, 0x6e,
  0x6f, 0x72, 0x6d, 0x61, 0x6c, 0x69, 0x7a, 0x61, 0x74, 0x69, 0x6f, 0x6e,
  0x2f, 0x62, 0x61, 0x74, 0x63, 0x68, 0x6e, 0x6f, 0x72, 0x6d, 0x2f, 0x61,
  0x64, 0x64, 0x5f, 0x31, 0x3b, 0x6d, 0x6f, 0x64, 0x65, 0x6c, 0x2f, 0x63,
  0x6f, 0x6e, 0x76, 0x31, 0x64, 0x2f, 0x43, 0x6f, 0x6e, 0x76, 0x31, 0x44,
  0x2f, 0x53, 0x71, 0x75, 0x65, 0x65, 0x7a, 0x65, 0x3b, 0x6d, 0x6f, 0x64,
  0x65, 0x6c, 0x2f, 0x62, 0x61, 0x74, 0x63, 0x68, 0x5f, 0x6e, 0x6f, 0x72,
  0x6d, 0x61, 0x6c, 0x69, 0x7a, 0x61, 0x74, 0x69, 0x6f, 0x6e, 0x2f, 0x62,
  0x61, 0x74, 0x63, 0x68, 0x6e, 0x6f, 0x72, 0x6d, 0x2f, 0x6d, 0x75, 0x6c,
  0x5f, 0x31, 0x3b, 0x6d, 0x6f, 0x64, 0x65, 0x6c, 0x2f, 0x62, 0x61, 0x74,
  0x63, 0x68, 0x5f, 0x6e, 0x6f, 0x72, 0x6d, 0x61, 0x6c, 0x69, 0x7a, 0x61,
  0x74, 0x69, 0x6f, 0x6e, 0x2f, 0x62, 0x61, 0x74, 0x63, 0x68, 0x6e, 0x6f,
  0x72, 0x6d, 0x2f, 0x6d, 0x75, 0x6c, 0x3b, 0x6d, 0x6f, 0x64, 0x65, 0x6c,
  0x2f, 0x62, 0x61, 0x74, 0x63, 0x68, 0x5f, 0x6e, 0x6f, 0x72, 0x6d, 0x61,
  0x6c, 0x69, 0x7a, 0x61, 0x74, 0x69, 0x6f, 0x6e, 0x2f, 0x62, 0x61, 0x74,
  0x63, 0x68, 0x6e, 0x6f, 0x72, 0x6d, 0x2f, 0x73, 0x75, 0x62, 0x3b, 0x6d,
  0x6f, 0x64, 0x65, 0x6c, 0x2f, 0x63, 0x6f, 0x6e, 0x76, 0x31, 0x64, 0x2f,
  0x43, 0x6f, 0x6e, 0x76, 0x31, 0x44, 0x00, 0x00, 0x01, 0x00, 0x00, 0x00,
  0x18, 0x00, 0x00, 0x00, 0xa6, 0xdb, 0xff, 0xff, 0x00, 0x00, 0x00, 0x01,
  0x14, 0x00, 0x00, 0x00, 0x4c, 0x01, 0x00, 0x00, 0x18, 0x00, 0x00, 0x00,
  0x00, 0x00, 0x00, 0x09, 0x78, 0x01, 0x00, 0x00, 0x0a, 0xed, 0xff, 0xff,
  0x03, 0x00, 0x00, 0x00, 0x08, 0x00, 0x00, 0x00, 0xcc, 0x00, 0x00, 0x00,
  0x18, 0x00, 0x00, 0x00, 0x00, 0x00, 0x00, 0x00, 0x00, 0x00, 0x00, 0x00,
  0x00, 0x00, 0x00, 0x00, 0x00, 0x00, 0x00, 0x00, 0x00, 0x00, 0x00, 0x00,
  0x00, 0x00, 0x00, 0x00, 0x00, 0x00, 0x00, 0x00, 0x00, 0x00, 0x00, 0x00,
  0x00, 0x00, 0x00, 0x00, 0x00, 0x00, 0x00, 0x00, 0x00, 0x00, 0x00, 0x00,
  0x00, 0x00, 0x00, 0x00, 0x00, 0x00, 0x00, 0x00, 0x00, 0x00, 0x00, 0x00,
  0x00, 0x00, 0x00, 0x00, 0x00, 0x00, 0x00, 0x00, 0x00, 0x00, 0x00, 0x00,
  0x00, 0x00, 0x00, 0x00, 0x00, 0x00, 0x00, 0x00, 0x00, 0x00, 0x00, 0x00,
  0x00, 0x00, 0x00, 0x00, 0x00, 0x00, 0x00, 0x00, 0x00, 0x00, 0x00, 0x00,
  0x00, 0x00, 0x00, 0x00, 0x00, 0x00, 0x00, 0x00, 0x00, 0x00, 0x00, 0x00,
  0x00, 0x00, 0x00, 0x00, 0x00, 0x00, 0x00, 0x00, 0x00, 0x00, 0x00, 0x00,
  0x00, 0x00, 0x00, 0x00, 0x00, 0x00, 0x00, 0x00, 0x00, 0x00, 0x00, 0x00,
  0x00, 0x00, 0x00, 0x00, 0x00, 0x00, 0x00, 0x00, 0x00, 0x00, 0x00, 0x00,
  0x00, 0x00, 0x00, 0x00, 0x00, 0x00, 0x00, 0x00, 0x00, 0x00, 0x00, 0x00,
  0x00, 0x00, 0x00, 0x00, 0x00, 0x00, 0x00, 0x00, 0x00, 0x00, 0x00, 0x00,
  0x00, 0x00, 0x00, 0x00, 0x00, 0x00, 0x00, 0x00, 0x00, 0x00, 0x00, 0x00,
  0x00, 0x00, 0x00, 0x00, 0x00, 0x00, 0x00, 0x00, 0x00, 0x00, 0x00, 0x00,
  0x00, 0x00, 0x00, 0x00, 0x00, 0x00, 0x00, 0x00, 0x18, 0x00, 0x00, 0x00,
  0x6e, 0x0c, 0x15, 0x3b, 0x9c, 0x8d, 0xa3, 0x3a, 0x32, 0xe3, 0xcc, 0x3a,
  0x96, 0xce, 0xfa, 0x3a, 0x76, 0x9e, 0x05, 0x3b, 0x85, 0x7b, 0x9e, 0x3a,
  0xf3, 0x46, 0x0a, 0x3b, 0x2d, 0x29, 0xec, 0x3a, 0xea, 0xf7, 0x05, 0x3b,
  0xc4, 0x49, 0xe0, 0x3a, 0xc8, 0x6e, 0x4d, 0x3a, 0x16, 0xba, 0x47, 0x3b,
  0xdc, 0xf0, 0x23, 0x3b, 0x93, 0x20, 0xdd, 0x3a, 0x29, 0xc5, 0x1a, 0x3b,
  0x08, 0xbe, 0x1c, 0x3b, 0x9d, 0xce, 0xe7, 0x3a, 0x9b, 0x2b, 0xf9, 0x3a,
  0xbd, 0x8d, 0xe8, 0x3a, 0xa1, 0x41, 0xcf, 0x3a, 0xe3, 0xda, 0xaf, 0x3a,
  0xa6, 0x53, 0xf7, 0x3a, 0x9b, 0xe4, 0x0d, 0x3b, 0xb5, 0xe6, 0xe0, 0x3a,
  0x31, 0x00, 0x00, 0x00, 0x6d, 0x6f, 0x64, 0x65, 0x6c, 0x2f, 0x73, 0x65,
  0x70, 0x61, 0x72, 0x61, 0x62, 0x6c, 0x65, 0x5f, 0x63, 0x6f, 0x6e, 0x76,
  0x31, 0x64, 0x2f, 0x73, 0x65, 0x70, 0x61, 0x72, 0x61, 0x62, 0x6c, 0x65,
  0x5f, 0x63, 0x6f, 0x6e, 0x76, 0x32, 0x64, 0x2f, 0x64, 0x65, 0x70, 0x74,
  0x68, 0x77, 0x69, 0x73, 0x65, 0x00, 0x00, 0x00, 0x04, 0x00, 0x00, 0x00,
  0x01, 0x00, 0x00, 0x00, 0x01, 0x00, 0x00, 0x00, 0x03, 0x00, 0x00, 0x00,
  0x18, 0x00, 0x00, 0x00, 0x4a, 0xdd, 0xff, 0xff, 0x00, 0x00, 0x00, 0x01,
  0x14, 0x00, 0x00, 0x00, 0x48, 0x01, 0x00, 0x00, 0x17, 0x00, 0x00, 0x00,
  0x00, 0x00, 0x00, 0x02, 0x50, 0x01, 0x00, 0x00, 0x34, 0xdd, 0xff, 0xff,
  0x08, 0x00, 0x00, 0x00, 0xcc, 0x00, 0x00, 0x00, 0x18, 0x00, 0x00, 0x00,
  0x00, 0x00, 0x00, 0x00, 0x00, 0x00, 0x00, 0x00, 0x00, 0x00, 0x00, 0x00,
  0x00, 0x00, 0x00, 0x00, 0x00, 0x00, 0x00, 0x00, 0x00, 0x00, 0x00, 0x00,
  0x00, 0x00, 0x00, 0x00, 0x00, 0x00, 0x00, 0x00, 0x00, 0x00, 0x00, 0x00,
  0x00, 0x00, 0x00, 0x00, 0x00, 0x00, 0x00, 0x00, 0x00, 0x00, 0x00, 0x00,
  0x00, 0x00, 0x00, 0x00, 0x00, 0x00, 0x00, 0x00, 0x00, 0x00, 0x00, 0x00,
  0x00, 0x00, 0x00, 0x00, 0x00, 0x00, 0x00, 0x00, 0x00, 0x00, 0x00, 0x00,
  0x00, 0x00, 0x00, 0x00, 0x00, 0x00, 0x00, 0x00, 0x00, 0x00, 0x00, 0x00,
  0x00, 0x00, 0x00, 0x00, 0x00, 0x00, 0x00, 0x00, 0x00, 0x00, 0x00, 0x00,
  0x00, 0x00, 0x00, 0x00, 0x00, 0x00, 0x00, 0x00, 0x00, 0x00, 0x00, 0x00,
  0x00, 0x00, 0x00, 0x00, 0x00, 0x00, 0x00, 0x00, 0x00, 0x00, 0x00, 0x00,
  0x00, 0x00, 0x00, 0x00, 0x00, 0x00, 0x00, 0x00, 0x00, 0x00, 0x00, 0x00,
  0x00, 0x00, 0x00, 0x00, 0x00, 0x00, 0x00, 0x00, 0x00, 0x00, 0x00, 0x00,
  0x00, 0x00, 0x00, 0x00, 0x00, 0x00, 0x00, 0x00, 0x00, 0x00, 0x00, 0x00,
  0x00, 0x00, 0x00, 0x00, 0x00, 0x00, 0x00, 0x00, 0x00, 0x00, 0x00, 0x00,
  0x00, 0x00, 0x00, 0x00, 0x00, 0x00, 0x00, 0x00, 0x00, 0x00, 0x00, 0x00,
  0x00, 0x00, 0x00, 0x00, 0x00, 0x00, 0x00, 0x00, 0x00, 0x00, 0x00, 0x00,
  0x00, 0x00, 0x00, 0x00, 0x18, 0x00, 0x00, 0x00, 0x18, 0x73, 0x60, 0x38,
  0xb5, 0x4a, 0xf6, 0x37, 0xaa, 0x44, 0x1a, 0x38, 0xc9, 0xd7, 0x3c, 0x38,
  0xe8, 0x36, 0x49, 0x38, 0xf0, 0xa7, 0xee, 0x37, 0xa7, 0x3a, 0x50, 0x38,
  0xb3, 0xd0, 0x31, 0x38, 0x9d, 0xbd, 0x49, 0x38, 0x33, 0xe0, 0x28, 0x38,
  0xc4, 0xad, 0x9a, 0x37, 0xf3, 0x61, 0x96, 0x38, 0x2a, 0xe0, 0x76, 0x38,
  0xed, 0x7e, 0x26, 0x38, 0xcf, 0x10, 0x69, 0x38, 0x15, 0x09, 0x6c, 0x38,
  0x7f, 0x89, 0x2e, 0x38, 0x51, 0x9c, 0x3b, 0x38, 0x67, 0x19, 0x2f, 0x38,
  0x46, 0x0d, 0x1c, 0x38, 0x93, 0x68, 0x04, 0x38, 0xf6, 0x38, 0x3a, 0x38,
  0x95, 0xac, 0x55, 0x38, 0x5e, 0x56, 0x29, 0x38, 0x0f, 0x00, 0x00, 0x00,
  0x61, 0x72, 0x69, 0x74, 0x68, 0x2e, 0x63, 0x6f, 0x6e, 0x73, 0x74, 0x61,
  0x6e, 0x74, 0x32, 0x00, 0x01, 0x00, 0x00, 0x00, 0x18, 0x00, 0x00, 0x00,
  0xba, 0xde, 0xff, 0xff, 0x00, 0x00, 0x00, 0x01, 0x14, 0x00, 0x00, 0x00,
  0xa4, 0x01, 0x00, 0x00, 0x16, 0x00, 0x00, 0x00, 0x00, 0x00, 0x00, 0x09,
  0x3c, 0x02, 0x00, 0x00, 0xa4, 0xde, 0xff, 0xff, 0x08, 0x00, 0x00, 0x00,
  0x08, 0x01, 0x00, 0x00, 0x20, 0x00, 0x00, 0x00, 0x00, 0x00, 0x00, 0x00,
  0x00, 0x00, 0x00, 0x00, 0x00, 0x00, 0x00, 0x00, 0x00, 0x00, 0x00, 0x00,
  0x00, 0x00, 0x00, 0x00, 0x00, 0x00, 0x00, 0x00, 0x00, 0x00, 0x00, 0x00,
  0x00, 0x00, 0x00, 0x00, 0x00, 0x00, 0x00, 0x00, 0x00, 0x00, 0x00, 0x00,
  0x00, 0x00, 0x00, 0x00, 0x00, 0x00, 0x00, 0x00, 0x00, 0x00, 0x00, 0x00,
  0x00, 0x00, 0x00, 0x00, 0x00, 0x00, 0x00, 0x00, 0x00, 0x00, 0x00, 0x00,
  0x00, 0x00, 0x00, 0x00, 0x00, 0x00, 0x00, 0x00, 0x00, 0x00, 0x00, 0x00,
  0x00, 0x00, 0x00, 0x00, 0x00, 0x00, 0x00, 0x00, 0x00, 0x00, 0x00, 0x00,
  0x00, 0x00, 0x00, 0x00, 0x00, 0x00, 0x00, 0x00, 0x00, 0x00, 0x00, 0x00,
  0x00, 0x00, 0x00, 0x00, 0x00, 0x00, 0x00, 0x00, 0x00, 0x00, 0x00, 0x00,
  0x00, 0x00, 0x00, 0x00, 0x00, 0x00, 0x00, 0x00, 0x00, 0x00, 0x00, 0x00,
  0x00, 0x00, 0x00, 0x00, 0x00, 0x00, 0x00, 0x00, 0x00, 0x00, 0x00, 0x00,
  0x00, 0x00, 0x00, 0x00, 0x00, 0x00, 0x00, 0x00, 0x00, 0x00, 0x00, 0x00,
  0x00, 0x00, 0x00, 0x00, 0x00, 0x00, 0x00, 0x00, 0x00, 0x00, 0x00, 0x00,
  0x00, 0x00, 0x00, 0x00, 0x00, 0x00, 0x00, 0x00, 0x00, 0x00, 0x00, 0x00,
  0x00, 0x00, 0x00, 0x00, 0x00, 0x00, 0x00, 0x00, 0x00, 0x00, 0x00, 0x00,
  0x00, 0x00, 0x00, 0x00, 0x00, 0x00, 0x00, 0x00, 0x00, 0x00, 0x00, 0x00,
  0x00, 0x00, 0x00, 0x00, 0x00, 0x00, 0x00, 0x00, 0x00, 0x00, 0x00, 0x00,
  0x00, 0x00, 0x00, 0x00, 0x00, 0x00, 0x00, 0x00, 0x00, 0x00, 0x00, 0x00,
  0x00, 0x00, 0x00, 0x00, 0x00, 0x00, 0x00, 0x00, 0x00, 0x00, 0x00, 0x00,
  0x00, 0x00, 0x00, 0x00, 0x00, 0x00, 0x00, 0x00, 0x00, 0x00, 0x00, 0x00,
  0x00, 0x00, 0x00, 0x00, 0x00, 0x00, 0x00, 0x00, 0x00, 0x00, 0x00, 0x00,
  0x20, 0x00, 0x00, 0x00, 0x8b, 0x70, 0xdf, 0x3c, 0xcc, 0x66, 0xad, 0x3c,
  0x2c, 0xef, 0xac, 0x3c, 0x3f, 0x57, 0x87, 0x3c, 0x0a, 0x53, 0xb2, 0x3c,
  0xbf, 0x91, 0xb5, 0x3c, 0x72, 0xd6, 0xa9, 0x3c, 0xad, 0xfe, 0x02, 0x3d,
  0x9d, 0x3b, 0xc7, 0x3c, 0x54, 0x10, 0x2e, 0x3d, 0x20, 0xb0, 0xac, 0x3c,
  0xc5, 0x2f, 0x59, 0x3c, 0x27, 0x63, 0x83, 0x3c, 0x02, 0x56, 0xdd, 0x3c,
  0xad, 0xac, 0x83, 0x3c, 0xf9, 0x30, 0x5a, 0x3c, 0x30, 0x98, 0xaf, 0x3c,
  0x77, 0xca, 0xa4, 0x3c, 0x27, 0xd6, 0x93, 0x3c, 0x4f, 0x8b, 0xa4, 0x3c,
  0x83, 0xa8, 0xb4, 0x3c, 0x52, 0x5f, 0x80, 0x3c, 0x07, 0xbf, 0x86, 0x3c,
  0x00, 0x9b, 0x24, 0x3c, 0x73, 0xf4, 0xa3, 0x3c, 0xb9, 0x46, 0x14, 0x3d,
  0x3c, 0x28, 0xac, 0x3c, 0xca, 0xc1, 0x93, 0x3c, 0xfa, 0x43, 0x57, 0x3c,
  0x1d, 0x62, 0x11, 0x3d, 0x9c, 0xe0, 0xbb, 0x3c, 0xc9, 0x2f, 0xc0, 0x3c,
  0x9c, 0x00, 0x00, 0x00, 0x6d, 0x6f, 0x64, 0x65, 0x6c, 0x2f, 0x62, 0x61,
  0x74, 0x63, 0x68, 0x5f, 0x6e, 0x6f, 0x72, 0x6d, 0x61, 0x6c, 0x69, 0x7a,
  0x61, 0x74, 0x69, 0x6f, 0x6e, 0x5f, 0x31, 0x2f, 0x62, 0x61, 0x74, 0x63,
  0x68, 0x6e, 0x6f, 0x72, 0x6d, 0x2f, 0x6d, 0x75, 0x6c, 0x5f, 0x31, 0x3b,
  0x6d, 0x6f, 0x64, 0x65, 0x6c, 0x2f, 0x73, 0x65, 0x70, 0x61, 0x72, 0x61,
  0x62, 0x6c, 0x65, 0x5f, 0x63, 0x6f, 0x6e, 0x76, 0x31, 0x64, 0x2f, 0x53,
  0x71, 0x75, 0x65, 0x65, 0x7a, 0x65, 0x3b, 0x6d, 0x6f, 0x64, 0x65, 0x6c,
  0x2f, 0x62, 0x61, 0x74, 0x63, 0x68, 0x5f, 0x6e, 0x6f, 0x72, 0x6d, 0x61,
  0x6c, 0x69, 0x7a, 0x61, 0x74, 0x69, 0x6f, 0x6e, 0x5f, 0x31, 0x2f, 0x62,
  0x61, 0x74, 0x63, 0x68, 0x6e, 0x6f, 0x72, 0x6d, 0x2f, 0x6d, 0x75, 0x6c,
  0x3b, 0x6d, 0x6f, 0x64, 0x65, 0x6c, 0x2f, 0x73, 0x65, 0x70, 0x61, 0x72,
  0x61, 0x62, 0x6c, 0x65, 0x5f, 0x63, 0x6f, 0x6e, 0x76, 0x31, 0x64, 0x2f,
  0x73, 0x65, 0x70, 0x61, 0x72, 0x61, 0x62, 0x6c, 0x65, 0x5f, 0x63, 0x6f,
  0x6e, 0x76, 0x32, 0x64, 0x00, 0x00, 0x00, 0x00, 0x04, 0x00, 0x00, 0x00,
  0x20, 0x00, 0x00, 0x00, 0x01, 0x00, 0x00, 0x00, 0x01, 0x00, 0x00, 0x00,
  0x18, 0x00, 0x00, 0x00, 0x22, 0xe1, 0xff, 0xff, 0x00, 0x00, 0x00, 0x01,
  0x14, 0x00, 0x00, 0x00, 0xa8, 0x01, 0x00, 0x00, 0x15, 0x00, 0x00, 0x00,
  0x00, 0x00, 0x00, 0x02, 0xac, 0x02, 0x00, 0x00, 0x0c, 0xe1, 0xff, 0xff,
  0x08, 0x00, 0x00, 0x00, 0x0c, 0x01, 0x00, 0x00, 0x20, 0x00, 0x00, 0x00,
  0x00, 0x00, 0x00, 0x00, 0x00, 0x00, 0x00, 0x00, 0x00, 0x00, 0x00, 0x00,
  0x00, 0x00, 0x00, 0x00, 0x00, 0x00, 0x00, 0x00, 0x00, 0x00, 0x00, 0x00,
  0x00, 0x00, 0x00, 0x00, 0x00, 0x00, 0x00, 0x00, 0x00, 0x00, 0x00, 0x00,
  0x00, 0x00, 0x00, 0x00, 0x00, 0x00, 0x00, 0x00, 0x00, 0x00, 0x00, 0x00,
  0x00, 0x00, 0x00, 0x00, 0x00, 0x00, 0x00, 0x00, 0x00, 0x00, 0x00, 0x00,
  0x00, 0x00, 0x00, 0x00, 0x00, 0x00, 0x00, 0x00, 0x00, 0x00, 0x00, 0x00,
  0x00, 0x00, 0x00, 0x00, 0x00, 0x00, 0x00, 0x00, 0x00, 0x00, 0x00, 0x00,
  0x00, 0x00, 0x00, 0x00, 0x00, 0x00, 0x00, 0x00, 0x00, 0x00, 0x00, 0x00,
  0x00, 0x00, 0x00, 0x00, 0x00, 0x00, 0x00, 0x00, 0x00, 0x00, 0x00, 0x00,
  0x00, 0x00, 0x00, 0x00, 0x00, 0x00, 0x00, 0x00, 0x00, 0x00, 0x00, 0x00,
  0x00, 0x00, 0x00, 0x00, 0x00, 0x00, 0x00, 0x00, 0x00, 0x00, 0x00, 0x00,
  0x00, 0x00, 0x00, 0x00, 0x00, 0x00, 0x00, 0x00, 0x00, 0x00, 0x00, 0x00,
  0x00, 0x00, 0x00, 0x00, 0x00, 0x00, 0x00, 0x00, 0x00, 0x00, 0x00, 0x00,
  0x00, 0x00, 0x00, 0x00, 0x00, 0x00, 0x00, 0x00, 0x00, 0x00, 0x00, 0x00,
  0x00, 0x00, 0x00, 0x00, 0x00, 0x00, 0x00, 0x00, 0x00, 0x00, 0x00, 0x00,
  0x00, 0x00, 0x00, 0x00, 0x00, 0x00, 0x00, 0x00, 0x00, 0x00, 0x00, 0x00,
  0x00, 0x00, 0x00, 0x00, 0x00, 0x00, 0x00, 0x00, 0x00, 0x00, 0x00, 0x00,
  0x00, 0x00, 0x00, 0x00, 0x00, 0x00, 0x00, 0x00, 0x00, 0x00, 0x00, 0x00,
  0x00, 0x00, 0x00, 0x00, 0x00, 0x00, 0x00, 0x00, 0x00, 0x00, 0x00, 0x00,
  0x00, 0x00, 0x00, 0x00, 0x00, 0x00, 0x00, 0x00, 0x00, 0x00, 0x00, 0x00,
  0x00, 0x00, 0x00, 0x00, 0x00, 0x00, 0x00, 0x00, 0x00, 0x00, 0x00, 0x00,
  0x00, 0x00, 0x00, 0x00, 0x00, 0x00, 0x00, 0x00, 0x20, 0x00, 0x00, 0x00,
  0x34, 0x14, 0x33, 0x3a, 0xa6, 0xf9, 0x0a, 0x3a, 0xc6, 0x99, 0x0a, 0x3a,
  0x13, 0xf1, 0xd8, 0x39, 0xb0, 0xeb, 0x0e, 0x3a, 0x78, 0x85, 0x11, 0x3a,
  0x6e, 0x1e, 0x08, 0x3a, 0xb4, 0xf9, 0x51, 0x3a, 0x96, 0xad, 0x1f, 0x3a,
  0x85, 0x81, 0x8b, 0x3a, 0x3e, 0x67, 0x0a, 0x3a, 0x3e, 0x11, 0xae, 0x39,
  0xc3, 0x9a, 0xd2, 0x39, 0x96, 0x64, 0x31, 0x3a, 0x9d, 0x10, 0xd3, 0x39,
  0x61, 0xdf, 0xae, 0x39, 0x95, 0xbb, 0x0c, 0x3a, 0xf4, 0x12, 0x04, 0x3a,
  0xb2, 0xf8, 0xec, 0x39, 0x56, 0xe0, 0x03, 0x3a, 0x8a, 0xca, 0x10, 0x3a,
  0x92, 0xc5, 0xcd, 0x39, 0x14, 0xfd, 0xd7, 0x39, 0xea, 0xec, 0x83, 0x39,
  0x6e, 0x67, 0x03, 0x3a, 0x23, 0xad, 0x6d, 0x3a, 0x55, 0xfa, 0x09, 0x3a,
  0x0e, 0xd8, 0xec, 0x39, 0x16, 0x87, 0xac, 0x39, 0xfe, 0x09, 0x69, 0x3a,
  0xba, 0x93, 0x16, 0x3a, 0xe2, 0x07, 0x1a, 0x3a, 0x0b, 0x01, 0x00, 0x00,
  0x6d, 0x6f, 0x64, 0x65, 0x6c, 0x2f, 0x61, 0x63, 0x74, 0x69, 0x76, 0x61,
  0x74, 0x69, 0x6f, 0x6e, 0x5f, 0x31, 0x2f, 0x52, 0x65, 0x6c, 0x75, 0x36,
  0x3b, 0x6d, 0x6f, 0x64, 0x65, 0x6c, 0x2f, 0x62, 0x61, 0x74, 0x63, 0x68,
  0x5f, 0x6e, 0x6f, 0x72, 0x6d, 0x61, 0x6c, 0x69, 0x7a, 0x61, 0x74, 0x69,
  0x6f, 0x6e, 0x5f, 0x31, 0x2f, 0x62, 0x61, 0x74, 0x63, 0x68, 0x6e, 0x6f,
  0x72, 0x6d, 0x2f, 0x61, 0x64, 0x64, 0x5f, 0x31, 0x3b, 0x6d, 0x6f, 0x64,
  0x65, 0x6c, 0x2f, 0x73, 0x65, 0x70, 0x61, 0x72, 0x61, 0x62, 0x6c, 0x65,
  0x5f, 0x63, 0x6f, 0x6e, 0x76, 0x31, 0x64, 0x2f, 0x53, 0x71, 0x75, 0x65,
  0x65, 0x7a, 0x65, 0x3b, 0x6d, 0x6f, 0x64, 0x65, 0x6c, 0x2f, 0x62, 0x61,
  0x74, 0x63, 0x68, 0x5f, 0x6e, 0x6f, 0x72, 0x6d, 0x61, 0x6c, 0x69, 0x7a,
  0x61, 0x74, 0x69, 0x6f, 0x6e, 0x5f, 0x31, 0x2f, 0x62, 0x61, 0x74, 0x63,
  0x68, 0x6e, 0x6f, 0x72, 0x6d, 0x2f, 0x6d, 0x75, 0x6c, 0x5f, 0x31, 0x3b,
  0x6d, 0x6f, 0x64, 0x65, 0x6c, 0x2f, 0x62, 0x61, 0x74, 0x63, 0x68, 0x5f,
  0x6e, 0x6f, 0x72, 0x6d, 0x61, 0x6c, 0x69, 0x7a, 0x61, 0x74, 0x69, 0x6f,
  0x6e, 0x5f, 0x31, 0x2f, 0x62, 0x61, 0x74, 0x63, 0x68, 0x6e, 0x6f, 0x72,
  0x6d, 0x2f, 0x6d, 0x75, 0x6c, 0x3b, 0x6d, 0x6f, 0x64, 0x65, 0x6c, 0x2f,
  0x62, 0x61, 0x74, 0x63, 0x68, 0x5f, 0x6e, 0x6f, 0x72, 0x6d, 0x61, 0x6c,
  0x69, 0x7a, 0x61, 0x74, 0x69, 0x6f, 0x6e, 0x5f, 0x31, 0x2f, 0x62, 0x61,
  0x74, 0x63, 0x68, 0x6e, 0x6f, 0x72, 0x6d, 0x2f, 0x73, 0x75, 0x62, 0x3b,
  0x6d, 0x6f, 0x64, 0x65, 0x6c, 0x2f, 0x73, 0x65, 0x70, 0x61, 0x72, 0x61,
  0x62, 0x6c, 0x65, 0x5f, 0x63, 0x6f, 0x6e, 0x76, 0x31, 0x64, 0x2f, 0x73,
  0x65, 0x70, 0x61, 0x72, 0x61, 0x62, 0x6c, 0x65, 0x5f, 0x63, 0x6f, 0x6e,
  0x76, 0x32, 0x64, 0x00, 0x01, 0x00, 0x00, 0x00, 0x20, 0x00, 0x00, 0x00,
  0xee, 0xe3, 0xff, 0xff, 0x00, 0x00, 0x00, 0x01, 0x14, 0x00, 0x00, 0x00,
  0xac, 0x01, 0x00, 0x00, 0x14, 0x00, 0x00, 0x00, 0x00, 0x00, 0x00, 0x09,
  0xd8, 0x01, 0x00, 0x00, 0x52, 0xf5, 0xff, 0xff, 0x03, 0x00, 0x00, 0x00,
  0x08, 0x00, 0x00, 0x00, 0x0c, 0x01, 0x00, 0x00, 0x20, 0x00, 0x00, 0x00,
  0x00, 0x00, 0x00, 0x00, 0x00, 0x00, 0x00, 0x00, 0x00, 0x00, 0x00, 0x00,
  0x00, 0x00, 0x00, 0x00, 0x00, 0x00, 0x00, 0x00, 0x00, 0x00, 0x00, 0x00,
  0x00, 0x00, 0x00, 0x00, 0x00, 0x00, 0x00, 0x00, 0x00, 0x00, 0x00, 0x00,
  0x00, 0x00, 0x00, 0x00, 0x00, 0x00, 0x00, 0x00, 0x00, 0x00, 0x00, 0x00,
  0x00, 0x00, 0x00, 0x00, 0x00, 0x00, 0x00, 0x00, 0x00, 0x00, 0x00, 0x00,
  0x00, 0x00, 0x00, 0x00, 0x00, 0x00, 0x00, 0x00, 0x00, 0x00, 0x00, 0x00,
  0x00, 0x00, 0x00, 0x00, 0x00, 0x00, 0x00, 0x00, 0x00, 0x00, 0x00, 0x00,
  0x00, 0x00, 0x00, 0x00, 0x00, 0x00, 0x00, 0x00, 0x00, 0x00, 0x00, 0x00,
  0x00, 0x00, 0x00, 0x00, 0x00, 0x00, 0x00, 0x00, 0x00, 0x00, 0x00, 0x00,
  0x00, 0x00, 0x00, 0x00, 0x00, 0x00, 0x00, 0x00, 0x00, 0x00, 0x00, 0x00,
  0x00, 0x00, 0x00, 0x00, 0x00, 0x00, 0x00, 0x00, 0x00, 0x00, 0x00, 0x00,
  0x00, 0x00, 0x00, 0x00, 0x00, 0x00, 0x00, 0x00, 0x00, 0x00, 0x00, 0x00,
  0x00, 0x00, 0x00, 0x00, 0x00, 0x00, 0x00, 0x00, 0x00, 0x00, 0x00, 0x00,
  0x00, 0x00, 0x00, 0x00, 0x00, 0x00, 0x00, 0x00, 0x00, 0x00, 0x00, 0x00,
  0x00, 0x00, 0x00, 0x00, 0x00, 0x00, 0x00, 0x00, 0x00, 0x00, 0x00, 0x00,
  0x00, 0x00, 0x00, 0x00, 0x00, 0x00, 0x00, 0x00, 0x00, 0x00, 0x00, 0x00,
  0x00, 0x00, 0x00, 0x00, 0x00, 0x00, 0x00, 0x00, 0x00, 0x00, 0x00, 0x00,
  0x00, 0x00, 0x00, 0x00, 0x00, 0x00, 0x00, 0x00, 0x00, 0x00, 0x00, 0x00,
  0x00, 0x00, 0x00, 0x00, 0x00, 0x00, 0x00, 0x00, 0x00, 0x00, 0x00, 0x00,
  0x00, 0x00, 0x00, 0x00, 0x00, 0x00, 0x00, 0x00, 0x00, 0x00, 0x00, 0x00,
  0x00, 0x00, 0x00, 0x00, 0x00, 0x00, 0x00, 0x00, 0x00, 0x00, 0x00, 0x00,
  0x00, 0x00, 0x00, 0x00, 0x00, 0x00, 0x00, 0x00, 0x20, 0x00, 0x00, 0x00,
  0x73, 0xd0, 0xa7, 0x3a, 0x8b, 0x6c, 0x25, 0x3b, 0x10, 0xe5, 0xd2, 0x3a,
  0xff, 0xd2, 0xf6, 0x3a, 0x8e, 0x34, 0x82, 0x3a, 0x2f, 0xf8, 0x9e, 0x3a,
  0x13, 0x90, 0xa2, 0x3a, 0xc5, 0x48, 0x85, 0x3a, 0xb2, 0xd7, 0x9f, 0x3a,
  0x1a, 0x76, 0x95, 0x3a, 0x5e, 0xc5, 0x32, 0x3b, 0x3c, 0x12, 0xe3, 0x3a,
  0xbd, 0x6f, 0x8d, 0x3a, 0x38, 0x7a, 0x0c, 0x3b, 0xdd, 0x6b, 0x25, 0x3b,
  0x31, 0x8d, 0xd7, 0x3a, 0x29, 0xf7, 0x8b, 0x3a, 0xb8, 0x57, 0x93, 0x3a,
  0x6a, 0x4e, 0xaf, 0x3a, 0x9d, 0x8d, 0x9b, 0x3a, 0x75, 0x09, 0x90, 0x3a,
  0xc8, 0x75, 0x1b, 0x3b, 0x04, 0x3b, 0xda, 0x3a, 0x7f, 0xc4, 0xaa, 0x3a,
  0xc1, 0x19, 0x0a, 0x3b, 0xef, 0xa8, 0x8d, 0x3a, 0x3f, 0x88, 0x1c, 0x3b,
  0x42, 0x10, 0x85, 0x3a, 0xaa, 0x19, 0x0b, 0x3b, 0x5d, 0x34, 0x8f, 0x3a,
  0x27, 0xed, 0xa8, 0x3a, 0x97, 0x8f, 0x26, 0x3b, 0x33, 0x00, 0x00, 0x00,
  0x6d, 0x6f, 0x64, 0x65, 0x6c, 0x2f, 0x73, 0x65, 0x70, 0x61, 0x72, 0x61,
  0x62, 0x6c, 0x65, 0x5f, 0x63, 0x6f, 0x6e, 0x76, 0x31, 0x64, 0x5f, 0x31,
  0x2f, 0x73, 0x65, 0x70, 0x61, 0x72, 0x61, 0x62, 0x6c, 0x65, 0x5f, 0x63,
  0x6f, 0x6e, 0x76, 0x32, 0x64, 0x2f, 0x64, 0x65, 0x70, 0x74, 0x68, 0x77,
  0x69, 0x73, 0x65, 0x00, 0x04, 0x00, 0x00, 0x00, 0x01, 0x00, 0x00, 0x00,
  0x01, 0x00, 0x00, 0x00, 0x03, 0x00, 0x00, 0x00, 0x20, 0x00, 0x00, 0x00,
  0xf2, 0xe5, 0xff, 0xff, 0x00, 0x00, 0x00, 0x01, 0x14, 0x00, 0x00, 0x00,
  0xa8, 0x01, 0x00, 0x00, 0x13, 0x00, 0x00, 0x00, 0x00, 0x00, 0x00, 0x02,
  0xb0, 0x01, 0x00, 0x00, 0xdc, 0xe5, 0xff, 0xff, 0x08, 0x00, 0x00, 0x00,
  0x0c, 0x01, 0x00, 0x00, 0x20, 0x00, 0x00, 0x00, 0x00, 0x00, 0x00, 0x00,
  0x00, 0x00, 0x00, 0x00, 0x00, 0x00, 0x00, 0x00, 0x00, 0x00, 0x00, 0x00,
  0x00, 0x00, 0x00, 0x00, 0x00, 0x00, 0x00, 0x00, 0x00, 0x00, 0x00, 0x00,
  0x00, 0x00, 0x00, 0x00, 0x00, 0x00, 0x00, 0x00, 0x00, 0x00, 0x00, 0x00,
  0x00, 0x00, 0x00, 0x00, 0x00, 0x00, 0x00, 0x00, 0x00, 0x00, 0x00, 0x00,
  0x00, 0x00, 0x00, 0x00, 0x00, 0x00, 0x00, 0x00, 0x00, 0x00, 0x00, 0x00,
  0x00, 0x00, 0x00, 0x00, 0x00, 0x00, 0x00, 0x00, 0x00, 0x00, 0x00, 0x00,
  0x00, 0x00, 0x00, 0x00, 0x00, 0x00, 0x00, 0x00, 0x00, 0x00, 0x00, 0x00,
  0x00, 0x00, 0x00, 0x00, 0x00, 0x00, 0x00, 0x00, 0x00, 0x00, 0x00, 0x00,
  0x00, 0x00, 0x00, 0x00, 0x00, 0x00, 0x00, 0x00, 0x00, 0x00, 0x00, 0x00,
  0x00, 0x00, 0x00, 0x00, 0x00, 0x00, 0x00, 0x00, 0x00, 0x00, 0x00, 0x00,
  0x00, 0x00, 0x00, 0x00, 0x00, 0x00, 0x00, 0x00, 0x00, 0x00, 0x00, 0x00,
  0x00, 0x00, 0x00, 0x00, 0x00, 0x00, 0x00, 0x00, 0x00, 0x00, 0x00, 0x00,
  0x00, 0x00, 0x00, 0x00, 0x00, 0x00, 0x00, 0x00, 0x00, 0x00, 0x00, 0x00,
  0x00, 0x00, 0x00, 0x00, 0x00, 0x00, 0x00, 0x00, 0x00, 0x00, 0x00, 0x00,
  0x00, 0x00, 0x00, 0x00, 0x00, 0x00, 0x00, 0x00, 0x00, 0x00, 0x00, 0x00,
  0x00, 0x00, 0x00, 0x00, 0x00, 0x00, 0x00, 0x00, 0x00, 0x00, 0x00, 0x00,
  0x00, 0x00, 0x00, 0x00, 0x00, 0x00, 0x00, 0x00, 0x00, 0x00, 0x00, 0x00,
  0x00, 0x00, 0x00, 0x00, 0x00, 0x00, 0x00, 0x00, 0x00, 0x00, 0x00, 0x00,
  0x00, 0x00, 0x00, 0x00, 0x00, 0x00, 0x00, 0x00, 0x00, 0x00, 0x00, 0x00,
  0x00, 0x00, 0x00, 0x00, 0x00, 0x00, 0x00, 0x00, 0x00, 0x00, 0x00, 0x00,
  0x00, 0x00, 0x00, 0x00, 0x00, 0x00, 0x00, 0x00, 0x00, 0x00, 0x00, 0x00,
  0x00, 0x00, 0x00, 0x00, 0x20, 0x00, 0x00, 0x00, 0x62, 0xb5, 0xfc, 0x37,
  0xed, 0x1b, 0x79, 0x38, 0x97, 0xca, 0x1e, 0x38, 0x18, 0xd8, 0x39, 0x38,
  0xe8, 0x12, 0xc4, 0x37, 0xaa, 0x63, 0xef, 0x37, 0xea, 0xcc, 0xf4, 0x37,
  0xde, 0xb5, 0xc8, 0x37, 0x40, 0xb4, 0xf0, 0x37, 0x3a, 0x12, 0xe1, 0x37,
  0xa1, 0x9a, 0x86, 0x38, 0xa6, 0xf8, 0x2a, 0x38, 0x98, 0xfc, 0xd4, 0x37,
  0xdf, 0x8a, 0x53, 0x38, 0xe7, 0x1a, 0x79, 0x38, 0x31, 0x4c, 0x22, 0x38,
  0x83, 0xc5, 0xd2, 0x37, 0x76, 0xe1, 0xdd, 0x37, 0xce, 0xfe, 0x03, 0x38,
  0xaa, 0x3e, 0xea, 0x37, 0x17, 0xe7, 0xd8, 0x37, 0xc7, 0x1a, 0x6a, 0x38,
  0x94, 0x50, 0x24, 0x38, 0xf3, 0x93, 0x00, 0x38, 0x98, 0xf6, 0x4f, 0x38,
  0xb9, 0x52, 0xd5, 0x37, 0x17, 0xb8, 0x6b, 0x38, 0xc4, 0x60, 0xc8, 0x37,
  0xf7, 0x77, 0x51, 0x38, 0x32, 0xa6, 0xd7, 0x37, 0x1d, 0x62, 0xfe, 0x37,
  0x35, 0xd2, 0x7a, 0x38, 0x0f, 0x00, 0x00, 0x00, 0x61, 0x72, 0x69, 0x74,
  0x68, 0x2e, 0x63, 0x6f, 0x6e, 0x73, 0x74, 0x61, 0x6e, 0x74, 0x31, 0x00,
  0x01, 0x00, 0x00, 0x00, 0x20, 0x00, 0x00, 0x00, 0xc2, 0xe7, 0xff, 0xff,
  0x00, 0x00, 0x00, 0x01, 0x14, 0x00, 0x00, 0x00, 0x68, 0x02, 0x00, 0x00,
  0x12, 0x00, 0x00, 0x00, 0x00, 0x00, 0x00, 0x09, 0x04, 0x03, 0x00, 0x00,
  0xac, 0xe7, 0xff, 0xff, 0x08, 0x00, 0x00, 0x00, 0x8c, 0x01, 0x00, 0x00,
  0x30, 0x00, 0x00, 0x00, 0x00, 0x00, 0x00, 0x00, 0x00, 0x00, 0x00, 0x00,
  0x00, 0x00, 0x00, 0x00, 0x00, 0x00, 0x00, 0x00, 0x00, 0x00, 0x00, 0x00,
  0x00, 0x00, 0x00, 0x00, 0x00, 0x00, 0x00, 0x00, 0x00, 0x00, 0x00, 0x00,
  0x00, 0x00, 0x00, 0x00, 0x00, 0x00, 0x00, 0x00, 0x00, 0x00, 0x00, 0x00,
  0x00, 0x00, 0x00, 0x00, 0x00, 0x00, 0x00, 0x00, 0x00, 0x00, 0x00, 0x00,
  0x00, 0x00, 0x00, 0x00, 0x00, 0x00, 0x00, 0x00, 0x00, 0x00, 0x00, 0x00,
  0x00, 0x00, 0x00, 0x00, 0x00, 0x00, 0x00, 0x00, 0x00, 0x00, 0x00, 0x00,
  0x00, 0x00, 0x00, 0x00, 0x00, 0x00, 0x00, 0x00, 0x00, 0x00, 0x00, 0x00,
  0x00, 0x00, 0x00, 0x00, 0x00, 0x00, 0x00, 0x00, 0x00, 0x00, 0x00, 0x00,
  0x00, 0x00, 0x00, 0x00, 0x00, 0x00, 0x00, 0x00, 0x00, 0x00, 0x00, 0x00,
  0x00, 0x00, 0x00, 0x00, 0x00, 0x00, 0x00, 0x00, 0x00, 0x00, 0x00, 0x00,
  0x00, 0x00, 0x00, 0x00, 0x00, 0x00, 0x00, 0x00, 0x00, 0x00, 0x00, 0x00,
  0x00, 0x00, 0x00, 0x00, 0x00, 0x00, 0x00, 0x00, 0x00, 0x00, 0x00, 0x00,
  0x00, 0x00, 0x00, 0x00, 0x00, 0x00, 0x00, 0x00, 0x00, 0x00, 0x00, 0x00,
  0x00, 0x00, 0x00, 0x00, 0x00, 0x00, 0x00, 0x00, 0x00, 0x00, 0x00, 0x00,
  0x00, 0x00, 0x00, 0x00, 0x00, 0x00, 0x00, 0x00, 0x00, 0x00, 0x00, 0x00,
  0x00, 0x00, 0x00, 0x00, 0x00, 0x00, 0x00, 0x00, 0x00, 0x00, 0x00, 0x00,
  0x00, 0x00, 0x00, 0x00, 0x00, 0x00, 0x00, 0x00, 0x00, 0x00, 0x00, 0x00,
  0x00, 0x00, 0x00, 0x00, 0x00, 0x00, 0x00, 0x00, 0x00, 0x00, 0x00, 0x00,
  0x00, 0x00, 0x00, 0x00, 0x00, 0x00, 0x00, 0x00, 0x00, 0x00, 0x00, 0x00,
  0x00, 0x00, 0x00, 0x00, 0x00, 0x00, 0x00, 0x00, 0x00, 0x00, 0x00, 0x00,
  0x00, 0x00, 0x00, 0x00, 0x00, 0x00, 0x00, 0x00, 0x00, 0x00, 0x00, 0x00,
  0x00, 0x00, 0x00, 0x00, 0x00, 0x00, 0x00, 0x00, 0x00, 0x00, 0x00, 0x00,
  0x00, 0x00, 0x00, 0x00, 0x00, 0x00, 0x00, 0x00, 0x00, 0x00, 0x00, 0x00,
  0x00, 0x00, 0x00, 0x00, 0x00, 0x00, 0x00, 0x00, 0x00, 0x00, 0x00, 0x00,
  0x00, 0x00, 0x00, 0x00, 0x00, 0x00, 0x00, 0x00, 0x00, 0x00, 0x00, 0x00,
  0x00, 0x00, 0x00, 0x00, 0x00, 0x00, 0x00, 0x00, 0x00, 0x00, 0x00, 0x00,
  0x00, 0x00, 0x00, 0x00, 0x00, 0x00, 0x00, 0x00, 0x00, 0x00, 0x00, 0x00,
  0x00, 0x00, 0x00, 0x00, 0x00, 0x00, 0x00, 0x00, 0x00, 0x00, 0x00, 0x00,
  0x00, 0x00, 0x00, 0x00, 0x00, 0x00, 0x00, 0x00, 0x00, 0x00, 0x00, 0x00,
  0x00, 0x00, 0x00, 0x00, 0x00, 0x00, 0x00, 0x00, 0x00, 0x00, 0x00, 0x00,
  0x00, 0x00, 0x00, 0x00, 0x00, 0x00, 0x00, 0x00, 0x00, 0x00, 0x00, 0x00,
  0x00, 0x00, 0x00, 0x00, 0x00, 0x00, 0x00, 0x00, 0x30, 0x00, 0x00, 0x00,
  0x21, 0x75, 0x0e, 0x3c, 0x2d, 0x88, 0x3a, 0x3c, 0x4d, 0xe9, 0x74, 0x3c,
  0x4a, 0xa4, 0x6b, 0x3c, 0x08, 0x19, 0x93, 0x3c, 0xe0, 0x75, 0x40, 0x3c,
  0x08, 0x05, 0x35, 0x3c, 0xcf, 0x18, 0x7d, 0x3c, 0x64, 0x5e, 0x5c, 0x3c,
  0x9d, 0xdd, 0x8d, 0x3c, 0x3c, 0x84, 0x76, 0x3c, 0xbf, 0xc7, 0xf3, 0x3c,
  0x5a, 0xcf, 0x90, 0x3c, 0x23, 0x30, 0x31, 0x3c, 0x69, 0x7f, 0xd1, 0x3c,
  0x66, 0x71, 0x98, 0x3c, 0x92, 0xa8, 0x4a, 0x3c, 0xca, 0x1e, 0x48, 0x3c,
  0xe5, 0xe8, 0x42, 0x3c, 0xb3, 0xef, 0xde, 0x3c, 0x6a, 0x93, 0x6f, 0x3c,
  0x2c, 0xe9, 0xc4, 0x3c, 0x09, 0xee, 0x95, 0x3c, 0xe7, 0x17, 0xa8, 0x3c,
  0x0d, 0x1b, 0x8c, 0x3c, 0x6a, 0x0d, 0xf2, 0x3c, 0xe7, 0x25, 0x9d, 0x3c,
  0x0a, 0xd1, 0x6c, 0x3c, 0x99, 0x3a, 0xdd, 0x3b, 0x78, 0x4f, 0xf2, 0x3b,
  0x03, 0x88, 0x76, 0x3c, 0x7b, 0xee, 0xbd, 0x3c, 0x22, 0x65, 0x91, 0x3c,
  0xa3, 0xe5, 0x9a, 0x3c, 0x8f, 0x23, 0x7d, 0x3c, 0x1c, 0x67, 0xbe, 0x3c,
  0x46, 0x24, 0xf7, 0x3c, 0xfe, 0xfb, 0x6f, 0x3c, 0x03, 0xa4, 0x5c, 0x3c,
  0x2a, 0xdf, 0x3c, 0x3c, 0x8f, 0xe8, 0x1c, 0x3d, 0x77, 0x22, 0xc9, 0x3c,
  0xc2, 0x47, 0x86, 0x3c, 0xa5, 0xa7, 0xa1, 0x3c, 0x54, 0xcc, 0x80, 0x3c,
  0x07, 0x44, 0x93, 0x3c, 0x09, 0x07, 0xc2, 0x3c, 0xa4, 0x5c, 0xb6, 0x3c,
  0xa0, 0x00, 0x00, 0x00, 0x6d, 0x6f, 0x64, 0x65, 0x6c, 0x2f, 0x62, 0x61,
  0x74, 0x63, 0x68, 0x5f, 0x6e, 0x6f, 0x72, 0x6d, 0x61, 0x6c, 0x69, 0x7a,
  0x61, 0x74, 0x69, 0x6f, 0x6e, 0x5f, 0x32, 0x2f, 0x62, 0x61, 0x74, 0x63,
  0x68, 0x6e, 0x6f, 0x72, 0x6d, 0x2f, 0x6d, 0x75, 0x6c, 0x5f, 0x31, 0x3b,
  0x6d, 0x6f, 0x64, 0x65, 0x6c, 0x2f, 0x73, 0x65, 0x70, 0x61, 0x72, 0x61,
  0x62, 0x6c, 0x65, 0x5f, 0x63, 0x6f, 0x6e, 0x76, 0x31, 0x64, 0x5f, 0x31,
  0x2f, 0x53, 0x71, 0x75, 0x65, 0x65, 0x7a, 0x65, 0x3b, 0x6d, 0x6f, 0x64,
  0x65, 0x6c, 0x2f, 0x62, 0x61, 0x74, 0x63, 0x68, 0x5f, 0x6e, 0x6f, 0x72,
  0x6d, 0x61, 0x6c, 0x69, 0x7a, 0x61, 0x74, 0x69, 0x6f, 0x6e, 0x5f, 0x32,
  0x2f, 0x62, 0x61, 0x74, 0x63, 0x68, 0x6e, 0x6f, 0x72, 0x6d, 0x2f, 0x6d,
  0x75, 0x6c, 0x3b, 0x6d, 0x6f, 0x64, 0x65, 0x6c, 0x2f, 0x73, 0x65, 0x70,
  0x61, 0x72, 0x61, 0x62, 0x6c, 0x65, 0x5f, 0x63, 0x6f, 0x6e, 0x76, 0x31,
  0x64, 0x5f, 0x31, 0x2f, 0x73, 0x65, 0x70, 0x61, 0x72, 0x61, 0x62, 0x6c,
  0x65, 0x5f, 0x63, 0x6f, 0x6e, 0x76, 0x32, 0x64, 0x00, 0x00, 0x00, 0x00,
  0x04, 0x00, 0x00, 0x00, 0x30, 0x00, 0x00, 0x00, 0x01, 0x00, 0x00, 0x00,
  0x01, 0x00, 0x00, 0x00, 0x20, 0x00, 0x00, 0x00, 0xf2, 0xea, 0xff, 0xff,
  0x00, 0x00, 0x00, 0x01, 0x14, 0x00, 0x00, 0x00, 0x68, 0x02, 0x00, 0x00,
  0x11, 0x00, 0x00, 0x00, 0x00, 0x00, 0x00, 0x02, 0x70, 0x03, 0x00, 0x00,
  0xdc, 0xea, 0xff, 0xff, 0x08, 0x00, 0x00, 0x00, 0x8c, 0x01, 0x00, 0x00,
  0x30, 0x00, 0x00, 0x00, 0x00, 0x00, 0x00, 0x00, 0x00, 0x00, 0x00, 0x00,
  0x00, 0x00, 0x00, 0x00, 0x00, 0x00, 0x00, 0x00, 0x00, 0x00, 0x00, 0x00,
  0x00, 0x00, 0x00, 0x00, 0x00, 0x00, 0x00, 0x00, 0x00, 0x00, 0x00, 0x00,
  0x00, 0x00, 0x00, 0x00, 0x00, 0x00, 0x00, 0x00, 0x00, 0x00, 0x00, 0x00,
  0x00, 0x00, 0x00, 0x00, 0x00, 0x00, 0x00, 0x00, 0x00, 0x00, 0x00, 0x00,
  0x00, 0x00, 0x00, 0x00, 0x00, 0x00, 0x00, 0x00, 0x00, 0x00, 0x00, 0x00,
  0x00, 0x00, 0x00, 0x00, 0x00, 0x00, 0x00, 0x00, 0x00, 0x00, 0x00, 0x00,
  0x00, 0x00, 0x00, 0x00, 0x00, 0x00, 0x00, 0x00, 0x00, 0x00, 0x00, 0x00,
  0x00, 0x00, 0x00, 0x00, 0x00, 0x00, 0x00, 0x00, 0x00, 0x00, 0x00, 0x00,
  0x00, 0x00, 0x00, 0x00, 0x00, 0x00, 0x00, 0x00, 0x00, 0x00, 0x00, 0x00,
  0x00, 0x00, 0x00, 0x00, 0x00, 0x00, 0x00, 0x00, 0x00, 0x00, 0x00, 0x00,
  0x00, 0x00, 0x00, 0x00, 0x00, 0x00, 0x00, 0x00, 0x00, 0x00, 0x00, 0x00,
  0x00, 0x00, 0x00, 0x00, 0x00, 0x00, 0x00, 0x00, 0x00, 0x00, 0x00, 0x00,
  0x00, 0x00, 0x00, 0x00, 0x00, 0x00, 0x00, 0x00, 0x00, 0x00, 0x00, 0x00,
  0x00, 0x00, 0x00, 0x00, 0x00, 0x00, 0x00, 0x00, 0x00, 0x00, 0x00, 0x00,
  0x00, 0x00, 0x00, 0x00, 0x00, 0x00, 0x00, 0x00, 0x00, 0x00, 0x00, 0x00,
  0x00, 0x00, 0x00, 0x00, 0x00, 0x00, 0x00, 0x00, 0x00, 0x00, 0x00, 0x00,
  0x00, 0x00, 0x00, 0x00, 0x00, 0x00, 0x00, 0x00, 0x00, 0x00, 0x00, 0x00,
  0x00, 0x00, 0x00, 0x00, 0x00, 0x00, 0x00, 0x00, 0x00, 0x00, 0x00, 0x00,
  0x00, 0x00, 0x00, 0x00, 0x00, 0x00, 0x00, 0x00, 0x00, 0x00, 0x00, 0x00,
  0x00, 0x00, 0x00, 0x00, 0x00, 0x00, 0x00, 0x00, 0x00, 0x00, 0x00, 0x00,
  0x00, 0x00, 0x00, 0x00, 0x00, 0x00, 0x00, 0x00, 0x00, 0x00, 0x00, 0x00,
  0x00, 0x00, 0x00, 0x00, 0x00, 0x00, 0x00, 0x00, 0x00, 0x00, 0x00, 0x00,
  0x00, 0x00, 0x00, 0x00, 0x00, 0x00, 0x00, 0x00, 0x00, 0x00, 0x00, 0x00,
  0x00, 0x00, 0x00, 0x00, 0x00, 0x00, 0x00, 0x00, 0x00, 0x00, 0x00, 0x00,
  0x00, 0x00, 0x00, 0x00, 0x00, 0x00, 0x00, 0x00, 0x00, 0x00, 0x00, 0x00,
  0x00, 0x00, 0x00, 0x00, 0x00, 0x00, 0x00, 0x00, 0x00, 0x00, 0x00, 0x00,
  0x00, 0x00, 0x00, 0x00, 0x00, 0x00, 0x00, 0x00, 0x00, 0x00, 0x00, 0x00,
  0x00, 0x00, 0x00, 0x00, 0x00, 0x00, 0x00, 0x00, 0x00, 0x00, 0x00, 0x00,
  0x00, 0x00, 0x00, 0x00, 0x00, 0x00, 0x00, 0x00, 0x00, 0x00, 0x00, 0x00,
  0x00, 0x00, 0x00, 0x00, 0x00, 0x00, 0x00, 0x00, 0x00, 0x00, 0x00, 0x00,
  0x00, 0x00, 0x00, 0x00, 0x00, 0x00, 0x00, 0x00, 0x00, 0x00, 0x00, 0x00,
  0x00, 0x00, 0x00, 0x00, 0x00, 0x00, 0x00, 0x00, 0x30, 0x00, 0x00, 0x00,
  0xa3, 0x63, 0x3c, 0x39, 0x9a, 0xac, 0x76, 0x39, 0x32, 0xf0, 0xa1, 0x39,
  0x22, 0xcf, 0x9b, 0x39, 0x8c, 0x86, 0xc2, 0x39, 0xa5, 0x83, 0x7e, 0x39,
  0x79, 0x62, 0x6f, 0x39, 0xc5, 0x59, 0xa7, 0x39, 0xdc, 0xb5, 0x91, 0x39,
  0x45, 0x9b, 0xbb, 0x39, 0xe9, 0xff, 0xa2, 0x39, 0xbd, 0x30, 0x21, 0x3a,
  0x08, 0x80, 0xbf, 0x39, 0x50, 0x51, 0x6a, 0x39, 0xb8, 0x85, 0x0a, 0x3a,
  0x1b, 0x98, 0xc9, 0x39, 0x0b, 0x00, 0x86, 0x39, 0x67, 0x52, 0x84, 0x39,
  0x6a, 0xe0, 0x80, 0x39, 0x7b, 0x68, 0x13, 0x3a, 0x0e, 0x69, 0x9e, 0x39,
  0x24, 0x33, 0x02, 0x3a, 0x4f, 0x45, 0xc6, 0x39, 0x67, 0x4a, 0xde, 0x39,
  0x6f, 0x47, 0xb9, 0x39, 0x43, 0x0c, 0x20, 0x3a, 0xf9, 0xd0, 0xcf, 0x39,
  0xfe, 0x95, 0x9c, 0x39, 0x77, 0x47, 0x12, 0x39, 0xf0, 0x37, 0x20, 0x39,
  0x68, 0x02, 0xa3, 0x39, 0x84, 0x2b, 0xfb, 0x39, 0x1b, 0x46, 0xc0, 0x39,
  0xe7, 0xd6, 0xcc, 0x39, 0xe0, 0x60, 0xa7, 0x39, 0x09, 0xcb, 0xfb, 0x39,
  0xba, 0x69, 0x23, 0x3a, 0x34, 0xae, 0x9e, 0x39, 0xe5, 0xe3, 0x91, 0x39,
  0xb8, 0xc4, 0x79, 0x39, 0xd9, 0x7f, 0x4f, 0x3a, 0x1a, 0xfe, 0x04, 0x3a,
  0x50, 0x93, 0xb1, 0x39, 0xb5, 0xc6, 0xd5, 0x39, 0x62, 0x53, 0xaa, 0x39,
  0x68, 0xbf, 0xc2, 0x39, 0x13, 0x4b, 0x00, 0x3a, 0xdf, 0x28, 0xf1, 0x39,
  0x0f, 0x01, 0x00, 0x00, 0x6d, 0x6f, 0x64, 0x65, 0x6c, 0x2f, 0x61, 0x63,
  0x74, 0x69, 0x76, 0x61, 0x74, 0x69, 0x6f, 0x6e, 0x5f, 0x32, 0x2f, 0x52,
  0x65, 0x6c, 0x75, 0x36, 0x3b, 0x6d, 0x6f, 0x64, 0x65, 0x6c, 0x2f, 0x62,
  0x61, 0x74, 0x63, 0x68, 0x5f, 0x6e, 0x6f, 0x72, 0x6d, 0x61, 0x6c, 0x69,
  0x7a, 0x61, 0x74, 0x69, 0x6f, 0x6e, 0x5f, 0x32, 0x2f, 0x62, 0x61, 0x74,
  0x63, 0x68, 0x6e, 0x6f, 0x72, 0x6d, 0x2f, 0x61, 0x64, 0x64, 0x5f, 0x31,
  0x3b, 0x6d, 0x6f, 0x64, 0x65, 0x6c, 0x2f, 0x73, 0x65, 0x70, 0x61, 0x72,
  0x61, 0x62, 0x6c, 0x65, 0x5f, 0x63, 0x6f, 0x6e, 0x76, 0x31, 0x64, 0x5f,
  0x31, 0x2f, 0x53, 0x71, 0x75, 0x65, 0x65, 0x7a, 0x65, 0x3b, 0x6d, 0x6f,
  0x64, 0x65, 0x6c, 0x2f, 0x62, 0x61, 0x74, 0x63, 0x68, 0x5f, 0x6e, 0x6f,
  0x72, 0x6d, 0x61, 0x6c, 0x69, 0x7a, 0x61, 0x74, 0x69, 0x6f, 0x6e, 0x5f,
  0x32, 0x2f, 0x62, 0x61, 0x74, 0x63, 0x68, 0x6e, 0x6f, 0x72, 0x6d, 0x2f,
  0x6d, 0x75, 0x6c, 0x5f, 0x31, 0x3b, 0x6d, 0x6f, 0x64, 0x65, 0x6c, 0x2f,
  0x62, 0x61, 0x74, 0x63, 0x68, 0x5f, 0x6e, 0x6f, 0x72, 0x6d, 0x61, 0x6c,
  0x69, 0x7a, 0x61, 0x74, 0x69, 0x6f, 0x6e, 0x5f, 0x32, 0x2f, 0x62, 0x61,
  0x74, 0x63, 0x68, 0x6e, 0x6f, 0x72, 0x6d, 0x2f, 0x6d, 0x75, 0x6c, 0x3b,
  0x6d, 0x6f, 0x64, 0x65, 0x6c, 0x2f, 0x62, 0x61, 0x74, 0x63, 0x68, 0x5f,
  0x6e, 0x6f, 0x72, 0x6d, 0x61, 0x6c, 0x69, 0x7a, 0x61, 0x74, 0x69, 0x6f,
  0x6e, 0x5f, 0x32, 0x2f, 0x62, 0x61, 0x74, 0x63, 0x68, 0x6e, 0x6f, 0x72,
  0x6d, 0x2f, 0x73, 0x75, 0x62, 0x3b, 0x6d, 0x6f, 0x64, 0x65, 0x6c, 0x2f,
  0x73, 0x65, 0x70, 0x61, 0x72, 0x61, 0x62, 0x6c, 0x65, 0x5f, 0x63, 0x6f,
  0x6e, 0x76, 0x31, 0x64, 0x5f, 0x31, 0x2f, 0x73, 0x65, 0x70, 0x61, 0x72,
  0x61, 0x62, 0x6c, 0x65, 0x5f, 0x63, 0x6f, 0x6e, 0x76, 0x32, 0x64, 0x00,
  0x01, 0x00, 0x00, 0x00, 0x30, 0x00, 0x00, 0x00, 0x00, 0x00, 0x16, 0x00,
  0x1e, 0x00, 0x18, 0x00, 0x17, 0x00, 0x10, 0x00, 0x0c, 0x00, 0x08, 0x00,
  0x00, 0x00, 0x00, 0x00, 0x00, 0x00, 0x07, 0x00, 0x16, 0x00, 0x00, 0x00,
  0x00, 0x00, 0x00, 0x01, 0x28, 0x00, 0x00, 0x00, 0x80, 0x02, 0x00, 0x00,
  0x10, 0x00, 0x00, 0x00, 0x00, 0x00, 0x00, 0x09, 0xac, 0x02, 0x00, 0x00,
  0x00, 0x00, 0x12, 0x00, 0x10, 0x00, 0x00, 0x00, 0x00, 0x00, 0x0c, 0x00,
  0x08, 0x00, 0x00, 0x00, 0x00, 0x00, 0x04, 0x00, 0x12, 0x00, 0x00, 0x00,
  0x03, 0x00, 0x00, 0x00, 0x08, 0x00, 0x00, 0x00, 0x8c, 0x01, 0x00, 0x00,
  0x30, 0x00, 0x00, 0x00, 0x00, 0x00, 0x00, 0x00, 0x00, 0x00, 0x00, 0x00,
  0x00, 0x00, 0x00, 0x00, 0x00, 0x00, 0x00, 0x00, 0x00, 0x00, 0x00, 0x00,
  0x00, 0x00, 0x00, 0x00, 0x00, 0x00, 0x00, 0x00, 0x00, 0x00, 0x00, 0x00,
  0x00, 0x00, 0x00, 0x00, 0x00, 0x00, 0x00, 0x00, 0x00, 0x00, 0x00, 0x00,
  0x00, 0x00, 0x00, 0x00, 0x00, 0x00, 0x00, 0x00, 0x00, 0x00, 0x00, 0x00,
  0x00, 0x00, 0x00, 0x00, 0x00, 0x00, 0x00, 0x00, 0x00, 0x00, 0x00, 0x00,
  0x00, 0x00, 0x00, 0x00, 0x00, 0x00, 0x00, 0x00, 0x00, 0x00, 0x00, 0x00,
  0x00, 0x00, 0x00, 0x00, 0x00, 0x00, 0x00, 0x00, 0x00, 0x00, 0x00, 0x00,
  0x00, 0x00, 0x00, 0x00, 0x00, 0x00, 0x00, 0x00, 0x00, 0x00, 0x00, 0x00,
  0x00, 0x00, 0x00, 0x00, 0x00, 0x00, 0x00, 0x00, 0x00, 0x00, 0x00, 0x00,
  0x00, 0x00, 0x00, 0x00, 0x00, 0x00, 0x00, 0x00, 0x00, 0x00, 0x00, 0x00,
  0x00, 0x00, 0x00, 0x00, 0x00, 0x00, 0x00, 0x00, 0x00, 0x00, 0x00, 0x00,
  0x00, 0x00, 0x00, 0x00, 0x00, 0x00, 0x00, 0x00, 0x00, 0x00, 0x00, 0x00,
  0x00, 0x00, 0x00, 0x00, 0x00, 0x00, 0x00, 0x00, 0x00, 0x00, 0x00, 0x00,
  0x00, 0x00, 0x00, 0x00, 0x00, 0x00, 0x00, 0x00, 0x00, 0x00, 0x00, 0x00,
  0x00, 0x00, 0x00, 0x00, 0x00, 0x00, 0x00, 0x00, 0x00, 0x00, 0x00, 0x00,
  0x00, 0x00, 0x00, 0x00, 0x00, 0x00, 0x00, 0x00, 0x00, 0x00, 0x00, 0x00,
  0x00, 0x00, 0x00, 0x00, 0x00, 0x00, 0x00, 0x00, 0x00, 0x00, 0x00, 0x00,
  0x00, 0x00, 0x00, 0x00, 0x00, 0x00, 0x00, 0x00, 0x00, 0x00, 0x00, 0x00,
  0x00, 0x00, 0x00, 0x00, 0x00, 0x00, 0x00, 0x00, 0x00, 0x00, 0x00, 0x00,
  0x00, 0x00, 0x00, 0x00, 0x00, 0x00, 0x00, 0x00, 0x00, 0x00, 0x00, 0x00,
  0x00, 0x00, 0x00, 0x00, 0x00, 0x00, 0x00, 0x00, 0x00, 0x00, 0x00, 0x00,
  0x00, 0x00, 0x00, 0x00, 0x00, 0x00, 0x00, 0x00, 0x00, 0x00, 0x00, 0x00,
  0x00, 0x00, 0x00, 0x00, 0x00, 0x00, 0x00, 0x00, 0x00, 0x00, 0x00, 0x00,
  0x00, 0x00, 0x00, 0x00, 0x00, 0x00, 0x00, 0x00, 0x00, 0x00, 0x00, 0x00,
  0x00, 0x00, 0x00, 0x00, 0x00, 0x00, 0x00, 0x00, 0x00, 0x00, 0x00, 0x00,
  0x00, 0x00, 0x00, 0x00, 0x00, 0x00, 0x00, 0x00, 0x00, 0x00, 0x00, 0x00,
  0x00, 0x00, 0x00, 0x00, 0x00, 0x00, 0x00, 0x00, 0x00, 0x00, 0x00, 0x00,
  0x00, 0x00, 0x00, 0x00, 0x00, 0x00, 0x00, 0x00, 0x00, 0x00, 0x00, 0x00,
  0x00, 0x00, 0x00, 0x00, 0x00, 0x00, 0x00, 0x00, 0x00, 0x00, 0x00, 0x00,
  0x00, 0x00, 0x00, 0x00, 0x00, 0x00, 0x00, 0x00, 0x00, 0x00, 0x00, 0x00,
  0x00, 0x00, 0x00, 0x00, 0x00, 0x00, 0x00, 0x00, 0x00, 0x00, 0x00, 0x00,
  0x00, 0x00, 0x00, 0x00, 0x00, 0x00, 0x00, 0x00, 0x30, 0x00, 0x00, 0x00,
  0x6a, 0x53, 0x33, 0x3a, 0x9f, 0xef, 0xbb, 0x3a, 0x88, 0x29, 0x19, 0x3b,
  0xe9, 0xbe, 0xd4, 0x3a, 0xf0, 0x59, 0xc7, 0x3a, 0x8e, 0x55, 0x84, 0x3a,
  0xe6, 0x84, 0xc6, 0x3a, 0x39, 0x27, 0xfa, 0x3a, 0x27, 0x47, 0xb6, 0x3a,
  0xa4, 0x7e, 0xe0, 0x3a, 0x6b, 0x8a, 0xe1, 0x3a, 0x03, 0xe8, 0xb8, 0x3a,
  0x6b, 0x91, 0xbe, 0x3a, 0x2d, 0xb3, 0x69, 0x3a, 0x6a, 0x1d, 0xb4, 0x3a,
  0x18, 0x85, 0x1e, 0x3b, 0xe7, 0x77, 0xa1, 0x3a, 0x19, 0xbe, 0x77, 0x3a,
  0xe8, 0xe5, 0x72, 0x3a, 0xa3, 0x51, 0x6d, 0x3a, 0xe7, 0xac, 0x1b, 0x3b,
  0xa7, 0x79, 0x54, 0x3a, 0x48, 0x68, 0x81, 0x3a, 0xa6, 0x89, 0x31, 0x3a,
  0x92, 0xbc, 0x76, 0x3a, 0x00, 0xd1, 0x8a, 0x3a, 0x2f, 0xcc, 0x05, 0x3b,
  0xb6, 0x7d, 0x10, 0x3b, 0x7f, 0xc6, 0x93, 0x3a, 0x5d, 0xa4, 0xa1, 0x3a,
  0x0e, 0xdb, 0xcd, 0x3a, 0x7b, 0x2d, 0x04, 0x3b, 0x68, 0x9c, 0x86, 0x3a,
  0x56, 0xd5, 0x19, 0x3b, 0x82, 0x63, 0xd8, 0x3a, 0x8f, 0xea, 0x96, 0x3a,
  0x5a, 0xa5, 0xd1, 0x3a, 0x85, 0x85, 0x79, 0x3a, 0x38, 0x32, 0x99, 0x3a,
  0x35, 0x52, 0xe0, 0x3a, 0x95, 0x02, 0x03, 0x3a, 0x85, 0xc3, 0xa6, 0x3a,
  0x03, 0x79, 0xb8, 0x3a, 0x8f, 0x0f, 0xb5, 0x3a, 0x61, 0x1c, 0x77, 0x3a,
  0xfc, 0x1c, 0x96, 0x3a, 0x43, 0x75, 0x13, 0x3b, 0xbb, 0xac, 0xc3, 0x3a,
  0x33, 0x00, 0x00, 0x00, 0x6d, 0x6f, 0x64, 0x65, 0x6c, 0x2f, 0x73, 0x65,
  0x70, 0x61, 0x72, 0x61, 0x62, 0x6c, 0x65, 0x5f, 0x63, 0x6f, 0x6e, 0x76,
  0x31, 0x64, 0x5f, 0x32, 0x2f, 0x73, 0x65, 0x70, 0x61, 0x72, 0x61, 0x62,
  0x6c, 0x65, 0x5f, 0x63, 0x6f, 0x6e, 0x76, 0x32, 0x64, 0x2f, 0x64, 0x65,
  0x70, 0x74, 0x68, 0x77, 0x69, 0x73, 0x65, 0x00, 0x04, 0x00, 0x00, 0x00,
  0x01, 0x00, 0x00, 0x00, 0x01, 0x00, 0x00, 0x00, 0x03, 0x00, 0x00, 0x00,
  0x30, 0x00, 0x00, 0x00, 0x72, 0xf1, 0xff, 0xff, 0x00, 0x00, 0x00, 0x01,
  0x14, 0x00, 0x00, 0x00, 0x68, 0x02, 0x00, 0x00, 0x0f, 0x00, 0x00, 0x00,
  0x00, 0x00, 0x00, 0x02, 0x70, 0x02, 0x00, 0x00, 0x5c, 0xf1, 0xff, 0xff,
  0x08, 0x00, 0x00, 0x00, 0x8c, 0x01, 0x00, 0x00, 0x30, 0x00, 0x00, 0x00,
  0x00, 0x00, 0x00, 0x00, 0x00, 0x00, 0x00, 0x00, 0x00, 0x00, 0x00, 0x00,
  0x00, 0x00, 0x00, 0x00, 0x00, 0x00, 0x00, 0x00, 0x00, 0x00, 0x00, 0x00,
  0x00, 0x00, 0x00, 0x00, 0x00, 0x00, 0x00, 0x00, 0x00, 0x00, 0x00, 0x00,
  0x00, 0x00, 0x00, 0x00, 0x00, 0x00, 0x00, 0x00, 0x00, 0x00, 0x00, 0x00,
  0x00, 0x00, 0x00, 0x00, 0x00, 0x00, 0x00, 0x00, 0x00, 0x00, 0x00, 0x00,
  0x00, 0x00, 0x00, 0x00, 0x00, 0x00, 0x00, 0x00, 0x00, 0x00, 0x00, 0x00,
  0x00, 0x00, 0x00, 0x00, 0x00, 0x00, 0x00, 0x00, 0x00, 0x00, 0x00, 0x00,
  0x00, 0x00, 0x00, 0x00, 0x00, 0x00, 0x00, 0x00, 0x00, 0x00, 0x00, 0x00,
  0x00, 0x00, 0x00, 0x00, 0x00, 0x00, 0x00, 0x00, 0x00, 0x00, 0x00, 0x00,
  0x00, 0x00, 0x00, 0x00, 0x00, 0x00, 0x00, 0x00, 0x00, 0x00, 0x00, 0x00,
  0x00, 0x00, 0x00, 0x00, 0x00, 0x00, 0x00, 0x00, 0x00, 0x00, 0x00, 0x00,
  0x00, 0x00, 0x00, 0x00, 0x00, 0x00, 0x00, 0x00, 0x00, 0x00, 0x00, 0x00,
  0x00, 0x00, 0x00, 0x00, 0x00, 0x00, 0x00, 0x00, 0x00, 0x00, 0x00, 0x00,
  0x00, 0x00, 0x00, 0x00, 0x00, 0x00, 0x00, 0x00, 0x00, 0x00, 0x00, 0x00,
  0x00, 0x00, 0x00, 0x00, 0x00, 0x00, 0x00, 0x00, 0x00, 0x00, 0x00, 0x00,
  0x00, 0x00, 0x00, 0x00, 0x00, 0x00, 0x00, 0x00, 0x00, 0x00, 0x00, 0x00,
  0x00, 0x00, 0x00, 0x00, 0x00, 0x00, 0x00, 0x00, 0x00, 0x00, 0x00, 0x00,
  0x00, 0x00, 0x00, 0x00, 0x00, 0x00, 0x00, 0x00, 0x00, 0x00, 0x00, 0x00,
  0x00, 0x00, 0x00, 0x00, 0x00, 0x00, 0x00, 0x00, 0x00, 0x00, 0x00, 0x00,
  0x00, 0x00, 0x00, 0x00, 0x00, 0x00, 0x00, 0x00, 0x00, 0x00, 0x00, 0x00,
  0x00, 0x00, 0x00, 0x00, 0x00, 0x00, 0x00, 0x00, 0x00, 0x00, 0x00, 0x00,
  0x00, 0x00, 0x00, 0x00, 0x00, 0x00, 0x00, 0x00, 0x00, 0x00, 0x00, 0x00,
  0x00, 0x00, 0x00, 0x00, 0x00, 0x00, 0x00, 0x00, 0x00, 0x00, 0x00, 0x00,
  0x00, 0x00, 0x00, 0x00, 0x00, 0x00, 0x00, 0x00, 0x00, 0x00, 0x00, 0x00,
  0x00, 0x00, 0x00, 0x00, 0x00, 0x00, 0x00, 0x00, 0x00, 0x00, 0x00, 0x00,
  0x00, 0x00, 0x00, 0x00, 0x00, 0x00, 0x00, 0x00, 0x00, 0x00, 0x00, 0x00,
  0x00, 0x00, 0x00, 0x00, 0x00, 0x00, 0x00, 0x00, 0x00, 0x00, 0x00, 0x00,
  0x00, 0x00, 0x00, 0x00, 0x00, 0x00, 0x00, 0x00, 0x00, 0x00, 0x00, 0x00,
  0x00, 0x00, 0x00, 0x00, 0x00, 0x00, 0x00, 0x00, 0x00, 0x00, 0x00, 0x00,
  0x00, 0x00, 0x00, 0x00, 0x00, 0x00, 0x00, 0x00, 0x00, 0x00, 0x00, 0x00,
  0x00, 0x00, 0x00, 0x00, 0x00, 0x00, 0x00, 0x00, 0x00, 0x00, 0x00, 0x00,
  0x00, 0x00, 0x00, 0x00, 0x00, 0x00, 0x00, 0x00, 0x00, 0x00, 0x00, 0x00,
  0x00, 0x00, 0x00, 0x00, 0x30, 0x00, 0x00, 0x00, 0x95, 0x05, 0x87, 0x37,
  0x39, 0x81, 0x0d, 0x38, 0xf1, 0xa4, 0x66, 0x38, 0x5e, 0x2f, 0x20, 0x38,
  0x8e, 0x19, 0x16, 0x38, 0x9d, 0x47, 0xc7, 0x37, 0x26, 0x79, 0x15, 0x38,
  0xc5, 0x59, 0x3c, 0x38, 0x9c, 0x3e, 0x09, 0x38, 0x03, 0x08, 0x29, 0x38,
  0xa2, 0xd1, 0x29, 0x38, 0x3c, 0x39, 0x0b, 0x38, 0x8d, 0x7c, 0x0f, 0x38,
  0x58, 0xf6, 0xaf, 0x37, 0xad, 0x9d, 0x07, 0x38, 0x5b, 0xb6, 0x6e, 0x38,
  0x02, 0x27, 0xf3, 0x37, 0x1c, 0x89, 0xba, 0x37, 0x52, 0xe3, 0xb6, 0x37,
  0xea, 0xaf, 0xb2, 0x37, 0xc9, 0x6d, 0x6a, 0x38, 0x39, 0xfb, 0x9f, 0x37,
  0x4c, 0xdf, 0xc2, 0x37, 0xea, 0xac, 0x85, 0x37, 0x35, 0xc7, 0xb9, 0x37,
  0x8b, 0x0a, 0xd1, 0x37, 0xc3, 0x7b, 0x49, 0x38, 0x27, 0x96, 0x59, 0x38,
  0x47, 0x88, 0xde, 0x37, 0xf6, 0x69, 0xf3, 0x37, 0x4a, 0xff, 0x1a, 0x38,
  0x44, 0x0b, 0x47, 0x38, 0x52, 0xb5, 0xca, 0x37, 0xa9, 0xa7, 0x67, 0x38,
  0x8f, 0xed, 0x22, 0x38, 0x1a, 0x43, 0xe3, 0x37, 0xde, 0xd9, 0x1d, 0x38,
  0x04, 0xe0, 0xbb, 0x37, 0x06, 0xb2, 0xe6, 0x37, 0x8f, 0xe6, 0x28, 0x38,
  0x29, 0x49, 0x45, 0x37, 0x68, 0x20, 0xfb, 0x37, 0xa8, 0xe5, 0x0a, 0x38,
  0xff, 0x53, 0x08, 0x38, 0x58, 0x0f, 0xba, 0x37, 0x88, 0x0d, 0xe2, 0x37,
  0xf3, 0x0d, 0x5e, 0x38, 0xe1, 0x54, 0x13, 0x38, 0x0e, 0x00, 0x00, 0x00,
  0x61, 0x72, 0x69, 0x74, 0x68, 0x2e, 0x63, 0x6f, 0x6e, 0x73, 0x74, 0x61,
  0x6e, 0x74, 0x00, 0x00, 0x01, 0x00, 0x00, 0x00, 0x30, 0x00, 0x00, 0x00,
  0x02, 0xf4, 0xff, 0xff, 0x00, 0x00, 0x00, 0x01, 0x14, 0x00, 0x00, 0x00,
  0x28, 0x03, 0x00, 0x00, 0x0e, 0x00, 0x00, 0x00, 0x00, 0x00, 0x00, 0x09,
  0xc4, 0x03, 0x00, 0x00, 0xec, 0xf3, 0xff, 0xff, 0x08, 0x00, 0x00, 0x00,
  0x0c, 0x02, 0x00, 0x00, 0x40, 0x00, 0x00, 0x00, 0x00, 0x00, 0x00, 0x00,
  0x00, 0x00, 0x00, 0x00, 0x00, 0x00, 0x00, 0x00, 0x00, 0x00, 0x00, 0x00,
  0x00, 0x00, 0x00, 0x00, 0x00, 0x00, 0x00, 0x00, 0x00, 0x00, 0x00, 0x00,
  0x00, 0x00, 0x00, 0x00, 0x00, 0x00, 0x00, 0x00, 0x00, 0x00, 0x00, 0x00,
  0x00, 0x00, 0x00, 0x00, 0x00, 0x00, 0x00, 0x00, 0x00, 0x00, 0x00, 0x00,
  0x00, 0x00, 0x00, 0x00, 0x00, 0x00, 0x00, 0x00, 0x00, 0x00, 0x00, 0x00,
  0x00, 0x00, 0x00, 0x00, 0x00, 0x00, 0x00, 0x00, 0x00, 0x00, 0x00, 0x00,
  0x00, 0x00, 0x00, 0x00, 0x00, 0x00, 0x00, 0x00, 0x00, 0x00, 0x00, 0x00,
  0x00, 0x00, 0x00, 0x00, 0x00, 0x00, 0x00, 0x00, 0x00, 0x00, 0x00, 0x00,
  0x00, 0x00, 0x00, 0x00, 0x00, 0x00, 0x00, 0x00, 0x00, 0x00, 0x00, 0x00,
  0x00, 0x00, 0x00, 0x00, 0x00, 0x00, 0x00, 0x00, 0x00, 0x00, 0x00, 0x00,
  0x00, 0x00, 0x00, 0x00, 0x00, 0x00, 0x00, 0x00, 0x00, 0x00, 0x00, 0x00,
  0x00, 0x00, 0x00, 0x00, 0x00, 0x00, 0x00, 0x00, 0x00, 0x00, 0x00, 0x00,
  0x00, 0x00, 0x00, 0x00, 0x00, 0x00, 0x00, 0x00, 0x00, 0x00, 0x00, 0x00,
  0x00, 0x00, 0x00, 0x00, 0x00, 0x00, 0x00, 0x00, 0x00, 0x00, 0x00, 0x00,
  0x00, 0x00, 0x00, 0x00, 0x00, 0x00, 0x00, 0x00, 0x00, 0x00, 0x00, 0x00,
  0x00, 0x00, 0x00, 0x00, 0x00, 0x00, 0x00, 0x00, 0x00, 0x00, 0x00, 0x00,
  0x00, 0x00, 0x00, 0x00, 0x00, 0x00, 0x00, 0x00, 0x00, 0x00, 0x00, 0x00,
  0x00, 0x00, 0x00, 0x00, 0x00, 0x00, 0x00, 0x00, 0x00, 0x00, 0x00, 0x00,
  0x00, 0x00, 0x00, 0x00, 0x00, 0x00, 0x00, 0x00, 0x00, 0x00, 0x00, 0x00,
  0x00, 0x00, 0x00, 0x00, 0x00, 0x00, 0x00, 0x00, 0x00, 0x00, 0x00, 0x00,
  0x00, 0x00, 0x00, 0x00, 0x00, 0x00, 0x00, 0x00, 0x00, 0x00, 0x00, 0x00,
  0x00, 0x00, 0x00, 0x00, 0x00, 0x00, 0x00, 0x00, 0x00, 0x00, 0x00, 0x00,
  0x00, 0x00, 0x00, 0x00, 0x00, 0x00, 0x00, 0x00, 0x00, 0x00, 0x00, 0x00,
  0x00, 0x00, 0x00, 0x00, 0x00, 0x00, 0x00, 0x00, 0x00, 0x00, 0x00, 0x00,
  0x00, 0x00, 0x00, 0x00, 0x00, 0x00, 0x00, 0x00, 0x00, 0x00, 0x00, 0x00,
  0x00, 0x00, 0x00, 0x00, 0x00, 0x00, 0x00, 0x00, 0x00, 0x00, 0x00, 0x00,
  0x00, 0x00, 0x00, 0x00, 0x00, 0x00, 0x00, 0x00, 0x00, 0x00, 0x00, 0x00,
  0x00, 0x00, 0x00, 0x00, 0x00, 0x00, 0x00, 0x00, 0x00, 0x00, 0x00, 0x00,
  0x00, 0x00, 0x00, 0x00, 0x00, 0x00, 0x00, 0x00, 0x00, 0x00, 0x00, 0x00,
  0x00, 0x00, 0x00, 0x00, 0x00, 0x00, 0x00, 0x00, 0x00, 0x00, 0x00, 0x00,
  0x00, 0x00, 0x00, 0x00, 0x00, 0x00, 0x00, 0x00, 0x00, 0x00, 0x00, 0x00,
  0x00, 0x00, 0x00, 0x00, 0x00, 0x00, 0x00, 0x00, 0x00, 0x00, 0x00, 0x00,
  0x00, 0x00, 0x00, 0x00, 0x00, 0x00, 0x00, 0x00, 0x00, 0x00, 0x00, 0x00,
  0x00, 0x00, 0x00, 0x00, 0x00, 0x00, 0x00, 0x00, 0x00, 0x00, 0x00, 0x00,
  0x00, 0x00, 0x00, 0x00, 0x00, 0x00, 0x00, 0x00, 0x00, 0x00, 0x00, 0x00,
  0x00, 0x00, 0x00, 0x00, 0x00, 0x00, 0x00, 0x00, 0x00, 0x00, 0x00, 0x00,
  0x00, 0x00, 0x00, 0x00, 0x00, 0x00, 0x00, 0x00, 0x00, 0x00, 0x00, 0x00,
  0x00, 0x00, 0x00, 0x00, 0x00, 0x00, 0x00, 0x00, 0x00, 0x00, 0x00, 0x00,
  0x00, 0x00, 0x00, 0x00, 0x00, 0x00, 0x00, 0x00, 0x00, 0x00, 0x00, 0x00,
  0x00, 0x00, 0x00, 0x00, 0x00, 0x00, 0x00, 0x00, 0x00, 0x00, 0x00, 0x00,
  0x00, 0x00, 0x00, 0x00, 0x00, 0x00, 0x00, 0x00, 0x00, 0x00, 0x00, 0x00,
  0x00, 0x00, 0x00, 0x00, 0x00, 0x00, 0x00, 0x00, 0x00, 0x00, 0x00, 0x00,
  0x00, 0x00, 0x00, 0x00, 0x00, 0x00, 0x00, 0x00, 0x40, 0x00, 0x00, 0x00,
  0x48, 0x0f, 0x83, 0x3c, 0x5a, 0x97, 0x80, 0x3c, 0xf1, 0x3a, 0xa9, 0x3c,
  0x7c, 0x68, 0xbd, 0x3c, 0xa9, 0x05, 0xda, 0x3c, 0x3c, 0x2e, 0x8d, 0x3c,
  0x2c, 0x38, 0x8c, 0x3c, 0xeb, 0xd5, 0x98, 0x3c, 0xd5, 0xca, 0x82, 0x3c,
  0x65, 0x67, 0x5f, 0x3c, 0x52, 0x22, 0x21, 0x3c, 0x6d, 0x49, 0xae, 0x3c,
  0x4b, 0x68, 0xaa, 0x3c, 0x44, 0xf5, 0xa7, 0x3c, 0x6c, 0xc9, 0x54, 0x3c,
  0x8d, 0x04, 0x41, 0x3c, 0x58, 0x4b, 0xd2, 0x3c, 0x58, 0x0b, 0x51, 0x3c,
  0xd0, 0x0e, 0x9b, 0x3c, 0x6c, 0x80, 0xb6, 0x3c, 0x4e, 0xe3, 0x4f, 0x3c,
  0xe7, 0x06, 0x69, 0x3c, 0x30, 0x15, 0x77, 0x3c, 0xce, 0x01, 0x07, 0x3c,
  0xf0, 0xb7, 0xb4, 0x3c, 0x5c, 0x3a, 0x96, 0x3c, 0x54, 0x3a, 0xb2, 0x3c,
  0x19, 0x04, 0x6b, 0x3c, 0x43, 0x8d, 0xb3, 0x3c, 0xb5, 0x43, 0xcc, 0x3c,
  0x1a, 0xa7, 0x8d, 0x3c, 0xeb, 0x82, 0x3e, 0x3c, 0x00, 0x40, 0x64, 0x3c,
  0x6a, 0x5a, 0x69, 0x3c, 0x09, 0x98, 0xa5, 0x3c, 0xd8, 0x39, 0x87, 0x3c,
  0x8e, 0x4f, 0xa2, 0x3c, 0xc8, 0x0f, 0x85, 0x3c, 0xd8, 0x3c, 0xa5, 0x3c,
  0xa2, 0x88, 0xdd, 0x3c, 0x69, 0x55, 0x6e, 0x3c, 0xd4, 0x69, 0xa9, 0x3c,
  0x69, 0x46, 0x73, 0x3c, 0x9b, 0xde, 0x84, 0x3c, 0x1f, 0x70, 0x80, 0x3c,
  0x90, 0xf4, 0x83, 0x3c, 0xb8, 0xdd, 0x95, 0x3c, 0x37, 0xd6, 0x5f, 0x3c,
  0xe4, 0x54, 0xb1, 0x3c, 0x95, 0xf5, 0x71, 0x3c, 0x6c, 0xb5, 0x8d, 0x3c,
  0x67, 0x4c, 0x88, 0x3c, 0x1f, 0x73, 0x9f, 0x3c, 0xd3, 0x86, 0x4d, 0x3c,
  0xfe, 0x49, 0x29, 0x3c, 0xf0, 0xfd, 0x92, 0x3c, 0x39, 0x3a, 0x3e, 0x3c,
  0x07, 0xbd, 0xb7, 0x3c, 0xff, 0x3b, 0x80, 0x3c, 0xe4, 0x8f, 0x26, 0x3c,
  0x49, 0xc0, 0x57, 0x3c, 0x75, 0xcd, 0xd1, 0x3c, 0x0e, 0x34, 0x5a, 0x3c,
  0xc8, 0x52, 0x84, 0x3c, 0xa0, 0x00, 0x00, 0x00, 0x6d, 0x6f, 0x64, 0x65,
  0x6c, 0x2f, 0x62, 0x61, 0x74, 0x63, 0x68, 0x5f, 0x6e, 0x6f, 0x72, 0x6d,
  0x61, 0x6c, 0x69, 0x7a, 0x61, 0x74, 0x69, 0x6f, 0x6e, 0x5f, 0x33, 0x2f,
  0x62, 0x61, 0x74, 0x63, 0x68, 0x6e, 0x6f, 0x72, 0x6d, 0x2f, 0x6d, 0x75,
  0x6c, 0x5f, 0x31, 0x3b, 0x6d, 0x6f, 0x64, 0x65, 0x6c, 0x2f, 0x73, 0x65,
  0x70, 0x61, 0x72, 0x61, 0x62, 0x6c, 0x65, 0x5f, 0x63, 0x6f, 0x6e, 0x76,
  0x31, 0x64, 0x5f, 0x32, 0x2f, 0x53, 0x71, 0x75, 0x65, 0x65, 0x7a, 0x65,
  0x3b, 0x6d, 0x6f, 0x64, 0x65, 0x6c, 0x2f, 0x62, 0x61, 0x74, 0x63, 0x68,
  0x5f, 0x6e, 0x6f, 0x72, 0x6d, 0x61, 0x6c, 0x69, 0x7a, 0x61, 0x74, 0x69,
  0x6f, 0x6e, 0x5f, 0x33, 0x2f, 0x62, 0x61, 0x74, 0x63, 0x68, 0x6e, 0x6f,
  0x72, 0x6d, 0x2f, 0x6d, 0x75, 0x6c, 0x3b, 0x6d, 0x6f, 0x64, 0x65, 0x6c,
  0x2f, 0x73, 0x65, 0x70, 0x61, 0x72, 0x61, 0x62, 0x6c, 0x65, 0x5f, 0x63,
  0x6f, 0x6e, 0x76, 0x31, 0x64, 0x5f, 0x32, 0x2f, 0x73, 0x65, 0x70, 0x61,
  0x72, 0x61, 0x62, 0x6c, 0x65, 0x5f, 0x63, 0x6f, 0x6e, 0x76, 0x32, 0x64,
  0x00, 0x00, 0x00, 0x00, 0x04, 0x00, 0x00, 0x00, 0x40, 0x00, 0x00, 0x00,
  0x01, 0x00, 0x00, 0x00, 0x01, 0x00, 0x00, 0x00, 0x30, 0x00, 0x00, 0x00,
  0xf2, 0xf7, 0xff, 0xff, 0x00, 0x00, 0x00, 0x01, 0x14, 0x00, 0x00, 0x00,
  0x28, 0x03, 0x00, 0x00, 0x0d, 0x00, 0x00, 0x00, 0x00, 0x00, 0x00, 0x02,
  0x30, 0x04, 0x00, 0x00, 0xdc, 0xf7, 0xff, 0xff, 0x08, 0x00, 0x00, 0x00,
  0x0c, 0x02, 0x00, 0x00, 0x40, 0x00, 0x00, 0x00, 0x00, 0x00, 0x00, 0x00,
  0x00, 0x00, 0x00, 0x00, 0x00, 0x00, 0x00, 0x00, 0x00, 0x00, 0x00, 0x00,
  0x00, 0x00, 0x00, 0x00, 0x00, 0x00, 0x00, 0x00, 0x00, 0x00, 0x00, 0x00,
  0x00, 0x00, 0x00, 0x00, 0x00, 0x00, 0x00, 0x00, 0x00, 0x00, 0x00, 0x00,
  0x00, 0x00, 0x00, 0x00, 0x00, 0x00, 0x00, 0x00, 0x00, 0x00, 0x00, 0x00,
  0x00, 0x00, 0x00, 0x00, 0x00, 0x00, 0x00, 0x00, 0x00, 0x00, 0x00, 0x00,
  0x00, 0x00, 0x00, 0x00, 0x00, 0x00, 0x00, 0x00, 0x00, 0x00, 0x00, 0x00,
  0x00, 0x00, 0x00, 0x00, 0x00, 0x00, 0x00, 0x00, 0x00, 0x00, 0x00, 0x00,
  0x00, 0x00, 0x00, 0x00, 0x00, 0x00, 0x00, 0x00, 0x00, 0x00, 0x00, 0x00,
  0x00, 0x00, 0x00, 0x00, 0x00, 0x00, 0x00, 0x00, 0x00, 0x00, 0x00, 0x00,
  0x00, 0x00, 0x00, 0x00, 0x00, 0x00, 0x00, 0x00, 0x00, 0x00, 0x00, 0x00,
  0x00, 0x00, 0x00, 0x00, 0x00, 0x00, 0x00, 0x00, 0x00, 0x00, 0x00, 0x00,
  0x00, 0x00, 0x00, 0x00, 0x00, 0x00, 0x00, 0x00, 0x00, 0x00, 0x00, 0x00,
  0x00, 0x00, 0x00, 0x00, 0x00, 0x00, 0x00, 0x00, 0x00, 0x00, 0x00, 0x00,
  0x00, 0x00, 0x00, 0x00, 0x00, 0x00, 0x00, 0x00, 0x00, 0x00, 0x00, 0x00,
  0x00, 0x00, 0x00, 0x00, 0x00, 0x00, 0x00, 0x00, 0x00, 0x00, 0x00, 0x00,
  0x00, 0x00, 0x00, 0x00, 0x00, 0x00, 0x00, 0x00, 0x00, 0x00, 0x00, 0x00,
  0x00, 0x00, 0x00, 0x00, 0x00, 0x00, 0x00, 0x00, 0x00, 0x00, 0x00, 0x00,
  0x00, 0x00, 0x00, 0x00, 0x00, 0x00, 0x00, 0x00, 0x00, 0x00, 0x00, 0x00,
  0x00, 0x00, 0x00, 0x00, 0x00, 0x00, 0x00, 0x00, 0x00, 0x00, 0x00, 0x00,
  0x00, 0x00, 0x00, 0x00, 0x00, 0x00, 0x00, 0x00, 0x00, 0x00, 0x00, 0x00,
  0x00, 0x00, 0x00, 0x00, 0x00, 0x00, 0x00, 0x00, 0x00, 0x00, 0x00, 0x00,
  0x00, 0x00, 0x00, 0x00, 0x00, 0x00, 0x00, 0x00, 0x00, 0x00, 0x00, 0x00,
  0x00, 0x00, 0x00, 0x00, 0x00, 0x00, 0x00, 0x00, 0x00, 0x00, 0x00, 0x00,
  0x00, 0x00, 0x00, 0x00, 0x00, 0x00, 0x00, 0x00, 0x00, 0x00, 0x00, 0x00,
  0x00, 0x00, 0x00, 0x00, 0x00, 0x00, 0x00, 0x00, 0x00, 0x00, 0x00, 0x00,
  0x00, 0x00, 0x00, 0x00, 0x00, 0x00, 0x00, 0x00, 0x00, 0x00, 0x00, 0x00,
  0x00, 0x00, 0x00, 0x00, 0x00, 0x00, 0x00, 0x00, 0x00, 0x00, 0x00, 0x00,
  0x00, 0x00, 0x00, 0x00, 0x00, 0x00, 0x00, 0x00, 0x00, 0x00, 0x00, 0x00,
  0x00, 0x00, 0x00, 0x00, 0x00, 0x00, 0x00, 0x00, 0x00, 0x00, 0x00, 0x00,
  0x00, 0x00, 0x00, 0x00, 0x00, 0x00, 0x00, 0x00, 0x00, 0x00, 0x00, 0x00,
  0x00, 0x00, 0x00, 0x00, 0x00, 0x00, 0x00, 0x00, 0x00, 0x00, 0x00, 0x00,
  0x00, 0x00, 0x00, 0x00, 0x00, 0x00, 0x00, 0x00, 0x00, 0x00, 0x00, 0x00,
  0x00, 0x00, 0x00, 0x00, 0x00, 0x00, 0x00, 0x00, 0x00, 0x00, 0x00, 0x00,
  0x00, 0x00, 0x00, 0x00, 0x00, 0x00, 0x00, 0x00, 0x00, 0x00, 0x00, 0x00,
  0x00, 0x00, 0x00, 0x00, 0x00, 0x00, 0x00, 0x00, 0x00, 0x00, 0x00, 0x00,
  0x00, 0x00, 0x00, 0x00, 0x00, 0x00, 0x00, 0x00, 0x00, 0x00, 0x00, 0x00,
  0x00, 0x00, 0x00, 0x00, 0x00, 0x00, 0x00, 0x00, 0x00, 0x00, 0x00, 0x00,
  0x00, 0x00, 0x00, 0x00, 0x00, 0x00, 0x00, 0x00, 0x00, 0x00, 0x00, 0x00,
  0x00, 0x00, 0x00, 0x00, 0x00, 0x00, 0x00, 0x00, 0x00, 0x00, 0x00, 0x00,
  0x00, 0x00, 0x00, 0x00, 0x00, 0x00, 0x00, 0x00, 0x00, 0x00, 0x00, 0x00,
  0x00, 0x00, 0x00, 0x00, 0x00, 0x00, 0x00, 0x00, 0x00, 0x00, 0x00, 0x00,
  0x00, 0x00, 0x00, 0x00, 0x00, 0x00, 0x00, 0x00, 0x00, 0x00, 0x00, 0x00,
  0x00, 0x00, 0x00, 0x00, 0x00, 0x00, 0x00, 0x00, 0x40, 0x00, 0x00, 0x00,
  0xc6, 0x77, 0x2c, 0x39, 0x30, 0x38, 0x29, 0x39, 0xc8, 0xb2, 0x5e, 0x39,
  0x5f, 0x40, 0x79, 0x39, 0xf7, 0x73, 0x8f, 0x39, 0x56, 0xc9, 0x39, 0x39,
  0x88, 0x85, 0x38, 0x39, 0xb6, 0x1f, 0x49, 0x39, 0xb3, 0x1d, 0x2c, 0x39,
  0x7a, 0xfe, 0x12, 0x39, 0x51, 0x0b, 0xd4, 0x38, 0x41, 0x5a, 0x65, 0x39,
  0x58, 0x3f, 0x60, 0x39, 0x35, 0x06, 0x5d, 0x39, 0x1f, 0x02, 0x0c, 0x39,
  0x65, 0x00, 0xfe, 0x38, 0x48, 0x5e, 0x8a, 0x39, 0xbb, 0x8b, 0x09, 0x39,
  0x59, 0x0c, 0x4c, 0x39, 0xb1, 0x29, 0x70, 0x39, 0xf2, 0xc8, 0x08, 0x39,
  0x67, 0x53, 0x19, 0x39, 0xfc, 0x92, 0x22, 0x39, 0x92, 0xa9, 0xb1, 0x38,
  0xfb, 0xd0, 0x6d, 0x39, 0x3d, 0xb1, 0x45, 0x39, 0xeb, 0x89, 0x6a, 0x39,
  0x71, 0xa2, 0x1a, 0x39, 0xf0, 0x47, 0x6c, 0x39, 0x9c, 0x66, 0x86, 0x39,
  0x64, 0x68, 0x3a, 0x39, 0x0a, 0xb4, 0xfa, 0x38, 0xc4, 0x2e, 0x16, 0x39,
  0x5a, 0x8a, 0x19, 0x39, 0xc1, 0xe9, 0x59, 0x39, 0x51, 0xf3, 0x31, 0x39,
  0xba, 0x97, 0x55, 0x39, 0x33, 0x1a, 0x2f, 0x39, 0xc0, 0x71, 0x59, 0x39,
  0x77, 0xc3, 0x91, 0x39, 0x44, 0xd1, 0x1c, 0x39, 0x7b, 0xf0, 0x5e, 0x39,
  0x9b, 0x11, 0x20, 0x39, 0x7c, 0xd9, 0x2e, 0x39, 0x90, 0x04, 0x29, 0x39,
  0x7f, 0xa5, 0x2d, 0x39, 0x54, 0x37, 0x45, 0x39, 0x65, 0x47, 0x13, 0x39,
  0xfe, 0x5b, 0x69, 0x39, 0xfb, 0x33, 0x1f, 0x39, 0x3c, 0x7b, 0x3a, 0x39,
  0x9f, 0x5c, 0x33, 0x39, 0xe1, 0xd3, 0x51, 0x39, 0x36, 0x3b, 0x07, 0x39,
  0x96, 0xc6, 0xde, 0x38, 0x14, 0x6f, 0x41, 0x39, 0x60, 0x54, 0xfa, 0x38,
  0x54, 0xca, 0x71, 0x39, 0xf8, 0xbf, 0x28, 0x39, 0xeb, 0x2f, 0xdb, 0x38,
  0x6f, 0xf5, 0x0d, 0x39, 0x74, 0x0b, 0x8a, 0x39, 0x7e, 0x92, 0x0f, 0x39,
  0x7c, 0x21, 0x2e, 0x39, 0x0f, 0x01, 0x00, 0x00, 0x6d, 0x6f, 0x64, 0x65,
  0x6c, 0x2f, 0x61, 0x63, 0x74, 0x69, 0x76, 0x61, 0x74, 0x69, 0x6f, 0x6e,
  0x5f, 0x33, 0x2f, 0x52, 0x65, 0x6c, 0x75, 0x36, 0x3b, 0x6d, 0x6f, 0x64,
  0x65, 0x6c, 0x2f, 0x62, 0x61, 0x74, 0x63, 0x68, 0x5f, 0x6e, 0x6f, 0x72,
  0x6d, 0x61, 0x6c, 0x69, 0x7a, 0x61, 0x74, 0x69, 0x6f, 0x6e, 0x5f, 0x33,
  0x2f, 0x62, 0x61, 0x74, 0x63, 0x68, 0x6e, 0x6f, 0x72, 0x6d, 0x2f, 0x61,
  0x64, 0x64, 0x5f, 0x31, 0x3b, 0x6d, 0x6f, 0x64, 0x65, 0x6c, 0x2f, 0x73,
  0x65, 0x70, 0x61, 0x72, 0x61, 0x62, 0x6c, 0x65, 0x5f, 0x63, 0x6f, 0x6e,
  0x76, 0x31, 0x64, 0x5f, 0x32, 0x2f, 0x53, 0x71, 0x75, 0x65, 0x65, 0x7a,
  0x65, 0x3b, 0x6d, 0x6f, 0x64, 0x65, 0x6c, 0x2f, 0x62, 0x61, 0x74, 0x63,
  0x68, 0x5f, 0x6e, 0x6f, 0x72, 0x6d, 0x61, 0x6c, 0x69, 0x7a, 0x61, 0x74,
  0x69, 0x6f, 0x6e, 0x5f, 0x33, 0x2f, 0x62, 0x61, 0x74, 0x63, 0x68, 0x6e,
  0x6f, 0x72, 0x6d, 0x2f, 0x6d, 0x75, 0x6c, 0x5f, 0x31, 0x3b, 0x6d, 0x6f,
  0x64, 0x65, 0x6c, 0x2f, 0x62, 0x61, 0x74, 0x63, 0x68, 0x5f, 0x6e, 0x6f,
  0x72, 0x6d, 0x61, 0x6c, 0x69, 0x7a, 0x61, 0x74, 0x69, 0x6f, 0x6e, 0x5f,
  0x33, 0x2f, 0x62, 0x61, 0x74, 0x63, 0x68, 0x6e, 0x6f, 0x72, 0x6d, 0x2f,
  0x6d, 0x75, 0x6c, 0x3b, 0x6d, 0x6f, 0x64, 0x65, 0x6c, 0x2f, 0x62, 0x61,
  0x74, 0x63, 0x68, 0x5f, 0x6e, 0x6f, 0x72, 0x6d, 0x61, 0x6c, 0x69, 0x7a,
  0x61, 0x74, 0x69, 0x6f, 0x6e, 0x5f, 0x33, 0x2f, 0x62, 0x61, 0x74, 0x63,
  0x68, 0x6e, 0x6f, 0x72, 0x6d, 0x2f, 0x73, 0x75, 0x62, 0x3b, 0x6d, 0x6f,
  0x64, 0x65, 0x6c, 0x2f, 0x73, 0x65, 0x70, 0x61, 0x72, 0x61, 0x62, 0x6c,
  0x65, 0x5f, 0x63, 0x6f, 0x6e, 0x76, 0x31, 0x64, 0x5f, 0x32, 0x2f, 0x73,
  0x65, 0x70, 0x61, 0x72, 0x61, 0x62, 0x6c, 0x65, 0x5f, 0x63, 0x6f, 0x6e,
  0x76, 0x32, 0x64, 0x00, 0x01, 0x00, 0x00, 0x00, 0x40, 0x00, 0x00, 0x00,
  0x42, 0xfc, 0xff, 0xff, 0x00, 0x00, 0x00, 0x01, 0x14, 0x00, 0x00, 0x00,
  0x60, 0x00, 0x00, 0x00, 0x0c, 0x00, 0x00, 0x00, 0x00, 0x00, 0x00, 0x09,
  0x6c, 0x00, 0x00, 0x00, 0x2c, 0xfc, 0xff, 0xff, 0x08, 0x00, 0x00, 0x00,
  0x30, 0x00, 0x00, 0x00, 0x05, 0x00, 0x00, 0x00, 0x00, 0x00, 0x00, 0x00,
  0x00, 0x00, 0x00, 0x00, 0x00, 0x00, 0x00, 0x00, 0x00, 0x00, 0x00, 0x00,
  0x00, 0x00, 0x00, 0x00, 0x00, 0x00, 0x00, 0x00, 0x00, 0x00, 0x00, 0x00,
  0x00, 0x00, 0x00, 0x00, 0x00, 0x00, 0x00, 0x00, 0x00, 0x00, 0x00, 0x00,
  0x05, 0x00, 0x00, 0x00, 0x4e, 0xda, 0x38, 0x3b, 0x97, 0x79, 0x42, 0x3b,
  0xe4, 0x2a, 0x84, 0x3b, 0x9e, 0x04, 0x90, 0x3b, 0x38, 0x22, 0x78, 0x3b,
  0x12, 0x00, 0x00, 0x00, 0x6d, 0x6f, 0x64, 0x65, 0x6c, 0x2f, 0x64, 0x65,
  0x6e, 0x73, 0x65, 0x2f, 0x4d, 0x61, 0x74, 0x4d, 0x75, 0x6c, 0x00, 0x00,
  0x02, 0x00, 0x00, 0x00, 0x05, 0x00, 0x00, 0x00, 0x80, 0x00, 0x00, 0x00,
  0xd2, 0xfc, 0xff, 0xff, 0x00, 0x00, 0x00, 0x01, 0x14, 0x00, 0x00, 0x00,
  0x64, 0x00, 0x00, 0x00, 0x0b, 0x00, 0x00, 0x00, 0x00, 0x00, 0x00, 0x02,
  0x70, 0x00, 0x00, 0x00, 0xbc, 0xfc, 0xff, 0xff, 0x08, 0x00, 0x00, 0x00,
  0x34, 0x00, 0x00, 0x00, 0x05, 0x00, 0x00, 0x00, 0x00, 0x00, 0x00, 0x00,
  0x00, 0x00, 0x00, 0x00, 0x00, 0x00, 0x00, 0x00, 0x00, 0x00, 0x00, 0x00,
  0x00, 0x00, 0x00, 0x00, 0x00, 0x00, 0x00, 0x00, 0x00, 0x00, 0x00, 0x00,
  0x00, 0x00, 0x00, 0x00, 0x00, 0x00, 0x00, 0x00, 0x00, 0x00, 0x00, 0x00,
  0x00, 0x00, 0x00, 0x00, 0x05, 0x00, 0x00, 0x00, 0xa5, 0xb9, 0x5a, 0x38,
  0x4e, 0x1c, 0x66, 0x38, 0xcc, 0x62, 0x9c, 0x38, 0x6d, 0x68, 0xaa, 0x38,
  0x04, 0xcd, 0x92, 0x38, 0x13, 0x00, 0x00, 0x00, 0x6d, 0x6f, 0x64, 0x65,
  0x6c, 0x2f, 0x64, 0x65, 0x6e, 0x73, 0x65, 0x2f, 0x42, 0x69, 0x61, 0x73,
  0x41, 0x64, 0x64, 0x00, 0x01, 0x00, 0x00, 0x00, 0x05, 0x00, 0x00, 0x00,
  0x62, 0xfd, 0xff, 0xff, 0x00, 0x00, 0x00, 0x01, 0x14, 0x00, 0x00, 0x00,
  0x14, 0x00, 0x00, 0x00, 0x0a, 0x00, 0x00, 0x00, 0x00, 0x00, 0x00, 0x02,
  0x1c, 0x00, 0x00, 0x00, 0xb4, 0xfd, 0xff, 0xff, 0x0f, 0x00, 0x00, 0x00,
  0x61, 0x72, 0x69, 0x74, 0x68, 0x2e, 0x63, 0x6f, 0x6e, 0x73, 0x74, 0x61,
  0x6e, 0x74, 0x33, 0x00, 0x01, 0x00, 0x00, 0x00, 0x02, 0x00, 0x00, 0x00,
  0x9e, 0xfd, 0xff, 0xff, 0x00, 0x00, 0x00, 0x01, 0x14, 0x00, 0x00, 0x00,
  0x14, 0x00, 0x00, 0x00, 0x09, 0x00, 0x00, 0x00, 0x00, 0x00, 0x00, 0x02,
  0x1c, 0x00, 0x00, 0x00, 0xf0, 0xfd, 0xff, 0xff, 0x0f, 0x00, 0x00, 0x00,
  0x61, 0x72, 0x69, 0x74, 0x68, 0x2e, 0x63, 0x6f, 0x6e, 0x73, 0x74, 0x61,
  0x6e, 0x74, 0x34, 0x00, 0x00, 0x00, 0x00, 0x00, 0xd6, 0xfd, 0xff, 0xff,
  0x00, 0x00, 0x00, 0x01, 0x14, 0x00, 0x00, 0x00, 0x14, 0x00, 0x00, 0x00,
  0x08, 0x00, 0x00, 0x00, 0x00, 0x00, 0x00, 0x02, 0x2c, 0x00, 0x00, 0x00,
  0x28, 0xfe, 0xff, 0xff, 0x1d, 0x00, 0x00, 0x00, 0x6d, 0x6f, 0x64, 0x65,
  0x6c, 0x2f, 0x6d, 0x61, 0x78, 0x5f, 0x70, 0x6f, 0x6f, 0x6c, 0x69, 0x6e,
  0x67, 0x31, 0x64, 0x5f, 0x32, 0x2f, 0x53, 0x71, 0x75, 0x65, 0x65, 0x7a,
  0x65, 0x00, 0x00, 0x00, 0x01, 0x00, 0x00, 0x00, 0x03, 0x00, 0x00, 0x00,
  0x22, 0xfe, 0xff, 0xff, 0x00, 0x00, 0x00, 0x01, 0x14, 0x00, 0x00, 0x00,
  0x14, 0x00, 0x00, 0x00, 0x07, 0x00, 0x00, 0x00, 0x00, 0x00, 0x00, 0x02,
  0x30, 0x00, 0x00, 0x00, 0x74, 0xfe, 0xff, 0xff, 0x20, 0x00, 0x00, 0x00,
  0x6d, 0x6f, 0x64, 0x65, 0x6c, 0x2f, 0x6d, 0x61, 0x78, 0x5f, 0x70, 0x6f,
  0x6f, 0x6c, 0x69, 0x6e, 0x67, 0x31, 0x64, 0x5f, 0x32, 0x2f, 0x45, 0x78,
  0x70, 0x61, 0x6e, 0x64, 0x44, 0x69, 0x6d, 0x73, 0x00, 0x00, 0x00, 0x00,
  0x01, 0x00, 0x00, 0x00, 0x04, 0x00, 0x00, 0x00, 0x72, 0xfe, 0xff, 0xff,
  0x00, 0x00, 0x00, 0x01, 0x14, 0x00, 0x00, 0x00, 0x14, 0x00, 0x00, 0x00,
  0x06, 0x00, 0x00, 0x00, 0x00, 0x00, 0x00, 0x02, 0x30, 0x00, 0x00, 0x00,
  0xc4, 0xfe, 0xff, 0xff, 0x23, 0x00, 0x00, 0x00, 0x6d, 0x6f, 0x64, 0x65,
  0x6c, 0x2f, 0x73, 0x65, 0x70, 0x61, 0x72, 0x61, 0x62, 0x6c, 0x65, 0x5f,
  0x63, 0x6f, 0x6e, 0x76, 0x31, 0x64, 0x5f, 0x32, 0x2f, 0x45, 0x78, 0x70,
  0x61, 0x6e, 0x64, 0x44, 0x69, 0x6d, 0x73, 0x00, 0x01, 0x00, 0x00, 0x00,
  0x04, 0x00, 0x00, 0x00, 0xc2, 0xfe, 0xff, 0xff, 0x00, 0x00, 0x00, 0x01,
  0x14, 0x00, 0x00, 0x00, 0x14, 0x00, 0x00, 0x00, 0x05, 0x00, 0x00, 0x00,
  0x00, 0x00, 0x00, 0x02, 0x30, 0x00, 0x00, 0x00, 0x14, 0xff, 0xff, 0xff,
  0x20, 0x00, 0x00, 0x00, 0x6d, 0x6f, 0x64, 0x65, 0x6c, 0x2f, 0x6d, 0x61,
  0x78, 0x5f, 0x70, 0x6f, 0x6f, 0x6c, 0x69, 0x6e, 0x67, 0x31, 0x64, 0x5f,
  0x31, 0x2f, 0x45, 0x78, 0x70, 0x61, 0x6e, 0x64, 0x44, 0x69, 0x6d, 0x73,
  0x00, 0x00, 0x00, 0x00, 0x01, 0x00, 0x00, 0x00, 0x04, 0x00, 0x00, 0x00,
  0x12, 0xff, 0xff, 0xff, 0x00, 0x00, 0x00, 0x01, 0x14, 0x00, 0x00, 0x00,
  0x14, 0x00, 0x00, 0x00, 0x04, 0x00, 0x00, 0x00, 0x00, 0x00, 0x00, 0x02,
  0x30, 0x00, 0x00, 0x00, 0x64, 0xff, 0xff, 0xff, 0x23, 0x00, 0x00, 0x00,
  0x6d, 0x6f, 0x64, 0x65, 0x6c, 0x2f, 0x73, 0x65, 0x70, 0x61, 0x72, 0x61,
  0x62, 0x6c, 0x65, 0x5f, 0x63, 0x6f, 0x6e, 0x76, 0x31, 0x64, 0x5f, 0x31,
  0x2f, 0x45, 0x78, 0x70, 0x61, 0x6e, 0x64, 0x44, 0x69, 0x6d, 0x73, 0x00,
  0x01, 0x00, 0x00, 0x00, 0x04, 0x00, 0x00, 0x00, 0x62, 0xff, 0xff, 0xff,
  0x00, 0x00, 0x00, 0x01, 0x14, 0x00, 0x00, 0x00, 0x14, 0x00, 0x00, 0x00,
  0x03, 0x00, 0x00, 0x00, 0x00, 0x00, 0x00, 0x02, 0x2c, 0x00, 0x00, 0x00,
  0xb4, 0xff, 0xff, 0xff, 0x1e, 0x00, 0x00, 0x00, 0x6d, 0x6f, 0x64, 0x65,
  0x6c, 0x2f, 0x6d, 0x61, 0x78, 0x5f, 0x70, 0x6f, 0x6f, 0x6c, 0x69, 0x6e,
  0x67, 0x31, 0x64, 0x2f, 0x45, 0x78, 0x70, 0x61, 0x6e, 0x64, 0x44, 0x69,
  0x6d, 0x73, 0x00, 0x00, 0x01, 0x00, 0x00, 0x00, 0x04, 0x00, 0x00, 0x00,
  0xae, 0xff, 0xff, 0xff, 0x00, 0x00, 0x00, 0x01, 0x18, 0x00, 0x00, 0x00,
  0x18, 0x00, 0x00, 0x00, 0x02, 0x00, 0x00, 0x00, 0x00, 0x00, 0x00, 0x02,
  0x30, 0x00, 0x00, 0x00, 0x04, 0x00, 0x04, 0x00, 0x04, 0x00, 0x00, 0x00,
  0x1e, 0x00, 0x00, 0x00, 0x6d, 0x6f, 0x64, 0x65, 0x6c, 0x2f, 0x63, 0x6f,
  0x6e, 0x76, 0x31, 0x64, 0x2f, 0x43, 0x6f, 0x6e, 0x76, 0x31, 0x44, 0x2f,
  0x45, 0x78, 0x70, 0x61, 0x6e, 0x64, 0x44, 0x69, 0x6d, 0x73, 0x00, 0x00,
  0x01, 0x00, 0x00, 0x00, 0x04, 0x00, 0x00, 0x00, 0x00, 0x00, 0x16, 0x00,
  0x1c, 0x00, 0x18, 0x00, 0x17, 0x00, 0x10, 0x00, 0x0c, 0x00, 0x08, 0x00,
  0x00, 0x00, 0x00, 0x00, 0x00, 0x00, 0x07, 0x00, 0x16, 0x00, 0x00, 0x00,
  0x00, 0x00, 0x00, 0x01, 0x20, 0x00, 0x00, 0x00, 0x3c, 0x00, 0x00, 0x00,
  0x01, 0x00, 0x00, 0x00, 0x00, 0x00, 0x00, 0x09, 0x50, 0x00, 0x00, 0x00,
  0x0c, 0x00, 0x0c, 0x00, 0x00, 0x00, 0x00, 0x00, 0x08, 0x00, 0x04, 0x00,
  0x0c, 0x00, 0x00, 0x00, 0x08, 0x00, 0x00, 0x00, 0x10, 0x00, 0x00, 0x00,
  0x01, 0x00, 0x00, 0x00, 0xff, 0xff, 0xff, 0xff, 0xff, 0xff, 0xff, 0xff,
  0x01, 0x00, 0x00, 0x00, 0x81, 0x80, 0x00, 0x3c, 0x19, 0x00, 0x00, 0x00,
  0x73, 0x65, 0x72, 0x76, 0x69, 0x6e, 0x67, 0x5f, 0x64, 0x65, 0x66, 0x61,
  0x75, 0x6c, 0x74, 0x5f, 0x69, 0x6e, 0x70, 0x75, 0x74, 0x5f, 0x32, 0x3a,
  0x30, 0x00, 0x00, 0x00, 0x03, 0x00, 0x00, 0x00, 0x01, 0x00, 0x00, 0x00,
  0xc8, 0x00, 0x00, 0x00, 0x04, 0x00, 0x00, 0x00, 0x08, 0x00, 0x00, 0x00,
  0xa8, 0x00, 0x00, 0x00, 0x88, 0x00, 0x00, 0x00, 0x68, 0x00, 0x00, 0x00,
  0x54, 0x00, 0x00, 0x00, 0x40, 0x00, 0x00, 0x00, 0x2c, 0x00, 0x00, 0x00,
  0x18, 0x00, 0x00, 0x00, 0x04, 0x00, 0x00, 0x00, 0xa0, 0xff, 0xff, 0xff,
  0x19, 0x00, 0x00, 0x00, 0x02, 0x00, 0x00, 0x00, 0x00, 0x00, 0x00, 0x19,
  0xb0, 0xff, 0xff, 0xff, 0x09, 0x00, 0x00, 0x00, 0x04, 0x00, 0x00, 0x00,
  0x00, 0x00, 0x00, 0x09, 0xc0, 0xff, 0xff, 0xff, 0x02, 0x00, 0x00, 0x00,
  0x02, 0x00, 0x00, 0x00, 0x00, 0x00, 0x00, 0x02, 0xd0, 0xff, 0xff, 0xff,
  0x28, 0x00, 0x00, 0x00, 0x02, 0x00, 0x00, 0x00, 0x00, 0x00, 0x00, 0x28,
  0xe0, 0xff, 0xff, 0xff, 0x11, 0x00, 0x00, 0x00, 0x02, 0x00, 0x00, 0x00,
  0x00, 0x00, 0x00, 0x11, 0xf0, 0xff, 0xff, 0xff, 0x04, 0x00, 0x00, 0x00,
  0x03, 0x00, 0x00, 0x00, 0x00, 0x00, 0x00, 0x04, 0x0c, 0x00, 0x10, 0x00,
  0x0f, 0x00, 0x00, 0x00, 0x08, 0x00, 0x04, 0x00, 0x0c, 0x00, 0x00, 0x00,
  0x03, 0x00, 0x00, 0x00, 0x03, 0x00, 0x00, 0x00, 0x00, 0x00, 0x00, 0x03,
  0x0c, 0x00, 0x0c, 0x00, 0x0b, 0x00, 0x00, 0x00, 0x00, 0x00, 0x04, 0x00,
  0x0c, 0x00, 0x00, 0x00, 0x16, 0x00, 0x00, 0x00, 0x00, 0x00, 0x00, 0x16
};

const unsigned int g_model_data_len = 24936;
